order_id,order_date,region,city,product_line,product_category,product_sku,channel,payment_method,unit_price,quantity,discount_rate,sales_amount,cost_amount,gross_margin,refund_flag,refund_amount,customer_id
O2238474652,2025-01-01,华中,郑州,数码,智能穿戴,数-智-352,私域,支付宝,269.73,3,0.037,779.25,627.85,0.1943,0,0.0,C877920534
O5473032321,2025-01-01,华南,深圳,美妆,彩妆,美-彩-526,自然搜索,微信支付,180.12,1,0.066,168.23,105.65,0.372,0,0.0,C917769031
O7228408607,2025-01-01,华北,太原,食品,饮料,食-饮-705,站内推荐,微信支付,52.9,4,0.02,207.37,132.43,0.3614,0,0.0,C668446118
O2043059085,2025-01-01,华南,深圳,服饰,鞋靴,服-鞋-497,信息流广告,支付宝,127.1,1,0.075,117.57,64.59,0.4506,0,0.0,C708096306
O7579381918,2025-01-01,华北,太原,数码,耳机,数-耳-302,私域,支付宝,181.43,1,0.064,169.82,132.37,0.2205,0,0.0,C391490203
O1410923623,2025-01-01,华东,杭州,家居,厨具,家-厨-956,站内推荐,支付宝,62.39,1,0.057,58.83,37.82,0.3571,0,0.0,C756044611
O2166791429,2025-01-01,西南,贵阳,数码,耳机,数-耳-685,信息流广告,支付宝,225.01,1,0.133,195.08,152.13,0.2202,0,0.0,C506027575
O3071821301,2025-01-01,华东,宁波,美妆,护肤,美-护-438,线下导流,微信支付,176.3,1,0.035,170.13,99.42,0.4156,0,0.0,C533813143
O2001508629,2025-01-01,华东,宁波,食品,零食,食-零-518,线下导流,微信支付,34.77,2,0.065,65.02,46.08,0.2913,0,0.0,C661759463
O5971811522,2025-01-01,华中,武汉,数码,配件,数-配-103,信息流广告,支付宝,236.73,1,0.051,224.66,158.94,0.2925,0,0.0,C160254626
O8400202190,2025-01-01,华南,广州,家居,清洁,家-清-608,站内推荐,微信支付,89.99,1,0.072,83.51,49.35,0.4091,0,0.0,C631797956
O2789641263,2025-01-01,西南,成都,数码,智能穿戴,数-智-111,信息流广告,微信支付,179.21,4,0.115,634.4,466.57,0.2645,0,0.0,C414211530
O1185232868,2025-01-01,华东,上海,食品,零食,食-零-317,信息流广告,银行卡,57.29,2,0.1,103.12,65.48,0.365,0,0.0,C341955429
O3830241973,2025-01-02,华东,南京,美妆,护肤,美-护-191,自然搜索,支付宝,181.46,4,0.019,712.05,363.68,0.4892,0,0.0,C931993516
O1011860614,2025-01-02,西南,昆明,美妆,香氛,美-香-261,信息流广告,支付宝,146.83,2,0.103,263.54,141.33,0.4637,0,0.0,C001443677
O7890730902,2025-01-02,华北,石家庄,服饰,上衣,服-上-968,直播,支付宝,75.42,2,0.108,134.55,74.85,0.4437,0,0.0,C045301989
O7718562894,2025-01-02,华北,太原,数码,智能穿戴,数-智-536,自然搜索,支付宝,141.71,1,0.034,136.89,102.72,0.2496,0,0.0,C088552094
O3311165468,2025-01-02,华东,杭州,数码,智能穿戴,数-智-429,私域,支付宝,182.21,1,0.027,177.29,133.54,0.2468,0,0.0,C715873380
O1325851363,2025-01-02,华东,宁波,数码,耳机,数-耳-279,直播,微信支付,160.88,2,0.152,272.85,210.3,0.2292,0,0.0,C563631340
O5184965525,2025-01-02,华东,宁波,食品,零食,食-零-246,自然搜索,银行卡,43.59,2,0.077,80.47,60.55,0.2475,0,0.0,C695995412
O8058454908,2025-01-02,华东,杭州,食品,速食,食-速-683,线下导流,微信支付,40.79,1,0.083,37.4,22.66,0.3941,0,0.0,C884532857
O0284326143,2025-01-02,西南,成都,家居,清洁,家-清-559,信息流广告,支付宝,88.64,3,0.041,255.14,154.63,0.3939,0,0.0,C135608869
O3271008318,2025-01-02,华中,郑州,服饰,裤装,服-裤-910,直播,支付宝,108.96,4,0.069,405.77,238.03,0.4134,0,0.0,C130667239
O0244730327,2025-01-02,西南,贵阳,服饰,裤装,服-裤-100,私域,支付宝,149.16,1,0.031,144.61,82.27,0.4311,0,0.0,C707063343
O2524370895,2025-01-02,西北,银川,数码,智能穿戴,数-智-813,直播,银行卡,228.9,3,0.092,623.52,415.06,0.3343,0,0.0,C561726377
O8489495306,2025-01-02,华北,北京,服饰,鞋靴,服-鞋-102,自然搜索,微信支付,63.78,4,0.049,242.62,129.99,0.4642,0,0.0,C697057448
O0587556881,2025-01-02,西南,重庆,食品,零食,食-零-641,线下导流,微信支付,29.34,3,0.05,83.66,56.41,0.3257,0,0.0,C537594619
O0812338755,2025-01-02,华中,武汉,服饰,裤装,服-裤-143,自然搜索,支付宝,78.0,4,0.118,275.18,167.54,0.3912,0,0.0,C842136444
O5956455765,2025-01-02,西北,西安,食品,零食,食-零-513,信息流广告,微信支付,60.47,4,0.081,222.29,158.68,0.2862,0,0.0,C098129387
O7427710076,2025-01-02,华北,太原,美妆,护肤,美-护-375,信息流广告,支付宝,149.57,1,0.061,140.45,75.66,0.4613,0,0.0,C764573988
O5878392462,2025-01-02,华南,深圳,美妆,彩妆,美-彩-449,信息流广告,支付宝,180.7,2,0.105,323.56,159.92,0.5057,0,0.0,C210592497
O2433183295,2025-01-02,华东,上海,数码,智能穿戴,数-智-278,信息流广告,微信支付,218.14,2,0.044,417.08,306.77,0.2645,0,0.0,C622741846
O3058022855,2025-01-02,华北,太原,美妆,香氛,美-香-922,自然搜索,支付宝,133.2,3,0.091,363.24,188.73,0.4804,0,0.0,C627018614
O2805184685,2025-01-02,西南,成都,数码,耳机,数-耳-450,信息流广告,支付宝,282.41,2,0.054,534.58,406.08,0.2404,0,0.0,C022994826
O9778339522,2025-01-02,华东,杭州,家居,清洁,家-清-400,站内推荐,支付宝,77.78,1,0.121,68.37,39.59,0.4209,0,0.0,C800701947
O9279422504,2025-01-03,华东,南京,家居,清洁,家-清-412,信息流广告,支付宝,107.8,2,0.114,191.02,105.84,0.4459,0,0.0,C004780245
O5788883748,2025-01-03,西南,昆明,家居,收纳,家-收-694,直播,微信支付,85.48,2,0.073,158.64,105.03,0.3379,0,0.0,C895416556
O9659179224,2025-01-03,华南,佛山,美妆,香氛,美-香-818,站内推荐,银行卡,97.16,4,0.057,366.73,192.2,0.4759,0,0.0,C797746241
O7417643342,2025-01-03,华中,南昌,家居,清洁,家-清-200,私域,支付宝,79.09,3,0.072,220.19,132.74,0.3972,0,0.0,C220921194
O7466847344,2025-01-03,华东,杭州,数码,配件,数-配-152,信息流广告,银行卡,202.96,2,0.107,362.49,270.23,0.2545,0,0.0,C760871960
O6300811516,2025-01-03,华中,长沙,数码,配件,数-配-420,线下导流,微信支付,146.16,3,0.058,413.05,290.93,0.2957,0,0.0,C564764021
O0818520743,2025-01-03,华东,上海,数码,智能穿戴,数-智-260,站内推荐,微信支付,221.65,2,0.061,416.26,319.63,0.2321,0,0.0,C394021688
O6446745422,2025-01-03,华中,长沙,服饰,裤装,服-裤-601,直播,银行卡,178.81,1,0.086,163.43,84.41,0.4835,0,0.0,C047690774
O6529383462,2025-01-03,西南,重庆,服饰,裤装,服-裤-686,站内推荐,支付宝,124.33,1,0.072,115.49,58.73,0.4915,0,0.0,C238146740
O1382118159,2025-01-03,华北,太原,美妆,护肤,美-护-107,信息流广告,微信支付,121.78,2,,218.23,119.41,0.4528,0,0.0,C642019108
O4864575899,2025-01-03,西南,重庆,食品,饮料,食-饮-740,线下导流,支付宝,46.9,4,0.028,182.53,128.42,0.2964,0,0.0,C673048151
O0488235313,2025-01-03,华东,苏州,美妆,香氛,美-香-311,私域,微信支付,204.66,3,0.058,578.37,322.35,0.4427,0,0.0,C459536744
O2752570640,2025-01-03,华中,武汉,数码,耳机,数-耳-929,直播,银行卡,270.2,1,0.117,238.59,175.24,0.2655,0,0.0,C243264470
O1439697710,2025-01-03,华东,宁波,家居,收纳,家-收-391,私域,银行卡,72.12,3,0.004,215.49,123.7,0.426,0,0.0,C052919610
O2519571506,2025-01-03,华南,广州,家居,收纳,家-收-724,自然搜索,支付宝,55.06,4,,204.52,117.61,0.4249,0,0.0,C290616496
O8954708302,2025-01-04,华东,南京,服饰,裤装,服-裤-288,自然搜索,货到付款,53.54,1,0.079,49.31,25.45,0.4839,0,0.0,C206084731
O2229119504,2025-01-04,西南,成都,数码,配件,数-配-865,自然搜索,支付宝,175.33,2,0.0,351.18,256.44,0.2698,0,0.0,C525628490
O6935137625,2025-01-04,西南,贵阳,家居,收纳,家-收-474,私域,微信支付,93.92,2,0.093,170.62,108.49,0.3641,0,0.0,C810363885
O1074916154,2025-01-04,华中,长沙,数码,智能穿戴,数-智-777,直播,支付宝,162.83,3,0.098,440.62,318.87,0.2763,0,0.0,C468381239
O8981734664,2025-01-04,华南,广州,食品,速食,食-速-765,站内推荐,支付宝,41.43,3,0.013,122.8,83.35,0.3213,0,0.0,C910084464
O2106141775,2025-01-04,华东,南京,数码,耳机,数-耳-432,信息流广告,微信支付,258.53,2,0.099,465.87,325.47,0.3014,0,0.0,C841122325
O0759453368,2025-01-04,华北,天津,食品,速食,食-速-495,直播,支付宝,54.75,2,0.135,94.72,64.83,0.3156,0,0.0,C876537328
O9845759677,2025-01-04,华中,郑州,数码,智能穿戴,数-智-534,私域,支付宝,230.58,3,0.066,646.09,446.47,0.309,0,0.0,C604151530
O0006740492,2025-01-04,华北,北京,美妆,香氛,美-香-254,直播,微信支付,152.43,4,0.095,551.8,304.84,0.4476,0,0.0,C453444750
O2709435648,2025-01-04,东北,沈阳,家居,厨具,家-厨-505,信息流广告,微信支付,82.58,1,0.065,77.18,47.62,0.383,0,0.0,C927392277
O9861911094,2025-01-04,华北,天津,食品,饮料,食-饮-939,站内推荐,微信支付,44.46,3,0.059,125.51,79.98,0.3628,0,0.0,C204795689
O1972160547,2025-01-04,华北,天津,家居,收纳,家-收-895,自然搜索,微信支付,115.55,3,0.083,317.88,166.33,0.4768,0,0.0,C276230421
O8258768195,2025-01-04,华北,北京,美妆,护肤,美-护-403,站内推荐,支付宝,119.25,1,0.082,109.47,59.82,0.4535,0,0.0,C427960473
O8574248309,2025-01-05,华东,苏州,家居,清洁,家-清-445,站内推荐,微信支付,74.83,4,0.049,284.65,192.65,0.3232,0,0.0,C168232111
O5896753448,2025-01-05,华北,北京,家居,厨具,家-厨-857,线下导流,银行卡,52.7,1,0.076,48.69,27.57,0.4338,0,0.0,C570759441
O4710891999,2025-01-05,华中,南昌,家居,厨具,家-厨-137,信息流广告,支付宝,37.53,3,0.126,98.4,61.32,0.3768,0,0.0,C259961020
O1933702135,2025-01-05,华东,苏州,美妆,彩妆,美-彩-469,站内推荐,微信支付,93.83,2,0.07,174.52,90.34,0.4824,0,0.0,C137906058
O6066082853,2025-01-05,华东,苏州,美妆,护肤,美-护-102,私域,微信支付,207.08,2,0.112,367.77,196.59,0.4655,0,0.0,C007382991
O0165025739,2025-01-05,东北,大连,服饰,上衣,服-上-124,自然搜索,微信支付,148.34,4,0.067,553.3,319.17,0.4232,0,0.0,C974875485
O8759689975,2025-01-05,华东,上海,服饰,裤装,服-裤-146,线下导流,微信支付,69.77,2,0.089,127.12,64.9,0.4895,0,0.0,C134754174
O7322241859,2025-01-05,华南,佛山,服饰,上衣,服-上-175,自然搜索,银行卡,94.08,1,0.115,83.37,49.67,0.4042,1,67.43,C535187155
O3775052749,2025-01-05,华中,武汉,服饰,上衣,服-上-687,自然搜索,微信支付,101.08,1,0.062,94.81,56.7,0.402,0,0.0,C559433871
O2361562235,2025-01-05,华南,厦门,美妆,护肤,美-护-303,私域,支付宝,160.51,1,0.071,149.31,83.59,0.4402,0,0.0,C235151122
O3402318695,2025-01-06,华南,深圳,食品,速食,食-速-847,直播,支付宝,71.5,1,0.146,61.16,43.48,0.2891,0,0.0,C194634425
O7874643329,2025-01-06,华东,上海,食品,速食,食-速-643,直播,微信支付,55.36,3,0.066,155.12,104.48,0.3265,0,0.0,C618151369
O6494486877,2025-01-06,华东,宁波,食品,速食,食-速-350,直播,支付宝,58.02,1,0.082,53.26,33.26,0.3755,0,0.0,C238623711
O2807406476,2025-01-06,华南,佛山,服饰,裤装,服-裤-879,自然搜索,微信支付,76.46,4,0.065,286.43,180.81,0.3687,0,0.0,C740143748
O5679270549,2025-01-06,西南,成都,数码,配件,数-配-629,自然搜索,支付宝,196.24,4,0.103,705.85,518.51,0.2654,0,0.0,C798470507
O4871139010,2025-01-06,西南,贵阳,服饰,上衣,服-上-706,站内推荐,支付宝,84.16,4,0.015,332.41,192.09,0.4221,0,0.0,C496413527
O0573037699,2025-01-06,华东,宁波,美妆,彩妆,美-彩-355,自然搜索,微信支付,175.86,1,0.102,157.92,86.9,0.4497,0,0.0,C202880156
O3890845066,2025-01-06,西南,成都,服饰,上衣,服-上-928,私域,微信支付,146.37,3,0.051,417.75,282.84,0.3229,0,0.0,C679879665
O8842193034,2025-01-06,华北,太原,食品,零食,食-零-678,直播,支付宝,41.15,1,,38.35,26.35,0.3129,0,0.0,C639693636
O5251455465,2025-01-06,华南,佛山,家居,厨具,家-厨-745,私域,微信支付,65.15,1,0.082,59.91,34.73,0.4203,0,0.0,C226976985
O1908306119,2025-01-06,华北,北京,美妆,香氛,美-香-397,信息流广告,支付宝,153.52,2,0.121,269.89,135.62,0.4975,0,0.0,C252100440
O6478481195,2025-01-06,华南,厦门,食品,速食,食-速-272,直播,支付宝,52.34,1,0.071,48.7,33.73,0.3074,0,0.0,C412689441
O3014170787,2025-01-07,华北,北京,数码,智能穿戴,数-智-828,信息流广告,微信支付,231.05,4,0.1,831.78,607.95,0.2691,0,0.0,C990373779
O3644142587,2025-01-07,华南,深圳,数码,耳机,数-耳-478,直播,微信支付,217.04,4,0.027,846.39,610.18,0.2791,0,0.0,C499473832
O1450531441,2025-01-07,华南,深圳,家居,清洁,家-清-484,站内推荐,支付宝,93.95,2,0.049,179.05,113.38,0.3668,0,0.0,C572967073
O7610312652,2025-01-07,华中,长沙,服饰,上衣,服-上-795,私域,银行卡,107.52,2,0.11,191.39,89.48,0.5325,0,0.0,C024732502
O1446940993,2025-01-07,华南,深圳,服饰,裤装,服-裤-881,直播,银行卡,91.02,4,0.064,341.45,155.1,0.5458,0,0.0,C585498514
O4440727653,2025-01-07,华南,厦门,服饰,裤装,服-裤-763,站内推荐,支付宝,142.77,1,0.064,133.9,77.21,0.4234,1,84.36,C699925399
O6914468575,2025-01-07,华南,佛山,美妆,彩妆,美-彩-223,自然搜索,支付宝,181.19,1,0.068,169.2,102.0,0.3972,0,0.0,C412403448
O0022759595,2025-01-07,西南,成都,服饰,裤装,服-裤-511,直播,银行卡,138.45,2,,256.06,147.28,0.4248,0,0.0,C374246379
O7688040818,2025-01-07,华南,广州,家居,厨具,家-厨-472,站内推荐,微信支付,67.92,4,0.034,262.96,156.9,0.4033,0,0.0,C108446264
O8019546660,2025-01-07,华南,深圳,家居,收纳,家-收-206,私域,微信支付,75.92,3,0.127,199.23,105.67,0.4696,0,0.0,C528518229
O2752572563,2025-01-07,西南,贵阳,家居,清洁,家-清-363,站内推荐,微信支付,96.11,2,0.075,178.33,100.37,0.4372,0,0.0,C383519576
O6624029568,2025-01-07,华南,厦门,美妆,香氛,美-香-846,信息流广告,支付宝,222.63,1,0.01,220.84,118.45,0.4636,0,0.0,C777462818
O1830837165,2025-01-07,西南,贵阳,服饰,裤装,服-裤-890,自然搜索,支付宝,147.68,3,0.0,444.35,270.75,0.3907,0,0.0,C914936172
O2246617387,2025-01-07,华中,郑州,数码,智能穿戴,数-智-863,站内推荐,微信支付,297.35,1,0.043,284.56,209.83,0.2626,0,0.0,C965138302
O5896292485,2025-01-07,西北,乌鲁木齐,服饰,裤装,服-裤-819,站内推荐,微信支付,114.4,1,0.099,103.07,51.99,0.4956,0,0.0,C203672171
O1368954404,2025-01-08,华北,石家庄,数码,耳机,数-耳-408,信息流广告,微信支付,242.19,1,0.109,215.79,153.32,0.2895,0,0.0,C527839197
O3274365329,2025-01-08,华南,深圳,家居,收纳,家-收-376,自然搜索,支付宝,80.71,1,0.05,76.85,54.27,0.2938,0,0.0,C194935632
O6502977102,2025-01-08,西南,重庆,家居,厨具,家-厨-943,私域,支付宝,87.72,1,0.067,82.13,56.15,0.3163,0,0.0,C857446945
O6007536213,2025-01-08,华中,南昌,食品,饮料,食-饮-665,直播,支付宝,74.8,2,0.124,131.05,82.76,0.3685,1,123.27,C871589712
O8445715852,2025-01-08,华东,上海,数码,耳机,数-耳-478,信息流广告,货到付款,128.6,1,0.126,112.4,84.63,0.2471,0,0.0,C057596505
O9432495596,2025-01-08,华东,上海,数码,智能穿戴,数-智-230,站内推荐,微信支付,190.98,1,0.102,171.5,129.34,0.2458,0,0.0,C234411397
O8407834319,2025-01-08,华东,南京,数码,智能穿戴,数-智-423,直播,银行卡,174.72,1,0.104,156.55,113.28,0.2764,0,0.0,C050696689
O6314677390,2025-01-08,华北,太原,数码,配件,数-配-120,直播,微信支付,293.55,4,0.113,1041.52,786.97,0.2444,0,0.0,C109168790
O5912916234,2025-01-08,华北,石家庄,数码,智能穿戴,数-智-195,直播,支付宝,164.34,2,0.107,293.51,198.52,0.3236,0,0.0,C389550208
O3720610946,2025-01-08,华中,武汉,服饰,上衣,服-上-606,信息流广告,微信支付,164.27,3,0.059,463.73,261.06,0.437,0,0.0,C210304355
O2183678678,2025-01-08,华南,深圳,食品,零食,食-零-536,直播,支付宝,49.07,4,0.111,174.9,104.53,0.4023,0,0.0,C907180216
O3483576267,2025-01-08,华北,北京,服饰,裤装,服-裤-691,站内推荐,支付宝,130.11,3,0.084,357.54,193.41,0.4591,0,0.0,C116181964
O1070848219,2025-01-08,华南,厦门,服饰,鞋靴,服-鞋-992,自然搜索,支付宝,156.34,2,0.03,304.0,168.55,0.4456,1,295.47,C793454236
O5029809243,2025-01-08,华南,深圳,家居,清洁,家-清-192,自然搜索,支付宝,58.81,2,0.108,105.16,69.58,0.3383,1,71.21,C477567131
O5168046032,2025-01-08,华南,厦门,家居,清洁,家-清-974,信息流广告,微信支付,91.92,2,0.047,175.6,106.57,0.3931,0,0.0,C084758963
O5191449685,2025-01-09,华南,广州,家居,厨具,家-厨-685,私域,支付宝,88.26,2,0.0,176.99,106.3,0.3994,0,0.0,C888439795
O6583567364,2025-01-09,西南,昆明,美妆,护肤,美-护-784,线下导流,支付宝,134.19,4,0.058,507.63,249.14,0.5092,0,0.0,C583697952
O5529192349,2025-01-09,华东,宁波,数码,配件,数-配-183,站内推荐,微信支付,112.4,3,0.04,323.71,238.51,0.2632,0,0.0,C293266313
O9629741357,2025-01-09,华东,上海,数码,配件,数-配-786,站内推荐,支付宝,245.61,2,0.025,478.94,342.92,0.284,0,0.0,C272241432
O2677716724,2025-01-09,西南,贵阳,服饰,上衣,服-上-845,自然搜索,支付宝,105.97,1,0.096,96.18,59.19,0.3846,0,0.0,C947566679
O4924370803,2025-01-09,东北,长春,数码,智能穿戴,数-智-685,站内推荐,银行卡,167.85,2,0.034,323.93,244.06,0.2466,0,0.0,C514980550
O2076011442,2025-01-09,西南,昆明,数码,配件,数-配-748,自然搜索,支付宝,272.55,1,0.022,267.61,203.25,0.2405,0,0.0,C925438904
O1537531172,2025-01-09,华南,厦门,数码,智能穿戴,数-智-369,自然搜索,支付宝,168.19,2,0.04,323.78,215.69,0.3338,0,0.0,C588217635
O9169928691,2025-01-09,西南,成都,服饰,裤装,服-裤-128,信息流广告,微信支付,139.93,1,0.093,127.42,81.35,0.3616,1,123.98,C603048634
O2942284375,2025-01-09,西南,重庆,美妆,护肤,美-护-528,自然搜索,微信支付,178.55,1,0.059,168.68,100.01,0.4071,0,0.0,C640005578
O6203817419,2025-01-09,东北,沈阳,服饰,上衣,服-上-260,自然搜索,支付宝,138.8,1,0.093,125.75,67.6,0.4624,0,0.0,C560366069
O0829788164,2025-01-09,华东,宁波,家居,厨具,家-厨-928,站内推荐,支付宝,84.85,1,0.035,81.88,50.75,0.3802,0,0.0,C675396828
O3385301448,2025-01-09,华中,长沙,数码,配件,数-配-966,信息流广告,支付宝,214.28,2,0.071,398.13,295.82,0.257,0,0.0,C715416504
O4602899311,2025-01-09,华南,广州,食品,零食,食-零-658,自然搜索,支付宝,37.6,1,0.108,33.63,20.62,0.3869,0,0.0,C198873488
O2450552097,2025-01-09,华南,厦门,美妆,彩妆,美-彩-776,信息流广告,微信支付,204.94,2,0.091,373.56,189.24,0.4934,0,0.0,C676148290
O6121997266,2025-01-09,华南,厦门,服饰,上衣,服-上-355,信息流广告,银行卡,152.08,4,0.069,567.84,331.59,0.4161,0,0.0,C817158018
O1539777492,2025-01-09,华北,北京,食品,速食,食-速-393,站内推荐,微信支付,63.23,1,0.012,62.47,41.77,0.3314,0,0.0,C502549644
O4028495545,2025-01-09,华中,长沙,家居,清洁,家-清-920,私域,微信支付,76.23,3,0.075,211.54,137.98,0.3477,0,0.0,C004554276
O6235616908,2025-01-10,西南,成都,数码,配件,数-配-685,直播,支付宝,269.49,2,0.124,474.25,387.15,0.1837,0,0.0,C637670063
O1317670326,2025-01-10,华南,厦门,数码,耳机,数-耳-235,站内推荐,支付宝,144.74,1,0.062,136.17,95.62,0.2978,0,0.0,C827580942
O3745025110,2025-01-10,东北,沈阳,数码,配件,数-配-631,自然搜索,支付宝,232.75,1,0.036,224.09,173.44,0.226,0,0.0,C296925836
O3388538175,2025-01-10,华中,南昌,食品,饮料,食-饮-715,直播,微信支付,34.15,2,0.111,60.72,42.15,0.3058,0,0.0,C848070619
O5503800809,2025-01-10,东北,哈尔滨,服饰,上衣,服-上-194,站内推荐,银行卡,85.68,1,0.072,79.41,53.96,0.3205,0,0.0,C765048948
O1091773030,2025-01-10,华东,苏州,美妆,彩妆,美-彩-899,站内推荐,微信支付,140.14,3,0.091,382.16,216.11,0.4345,0,0.0,C689878769
O8091327068,2025-01-10,东北,大连,数码,耳机,数-耳-347,私域,微信支付,163.37,3,0.05,465.03,375.55,0.1924,0,0.0,C738365001
O7442006029,2025-01-10,西北,兰州,食品,速食,食-速-307,站内推荐,微信支付,47.69,1,0.061,44.78,30.85,0.3111,0,0.0,C373984649
O8653780398,2025-01-10,华北,天津,数码,配件,数-配-770,信息流广告,支付宝,198.57,4,0.103,712.47,560.03,0.214,0,0.0,C914185207
O6569565384,2025-01-10,华中,南昌,美妆,香氛,美-香-997,站内推荐,微信支付,182.89,2,0.055,345.66,163.15,0.528,0,0.0,C766775653
O7234233345,2025-01-10,西南,昆明,美妆,彩妆,美-彩-156,自然搜索,微信支付,146.92,2,0.045,281.87,136.47,0.5158,0,0.0,C638471143
O2098858401,2025-01-10,华东,南京,数码,配件,数-配-409,站内推荐,微信支付,185.62,3,0.08,512.31,424.22,0.1719,0,0.0,C239362651
O1688565459,2025-01-10,东北,大连,食品,速食,食-速-297,线下导流,支付宝,53.69,3,0.015,158.46,104.64,0.3396,0,0.0,C246502667
O0114564107,2025-01-10,西南,昆明,美妆,护肤,美-护-521,自然搜索,支付宝,160.28,3,0.061,453.52,243.34,0.4634,0,0.0,C922322477
O1506721184,2025-01-10,华北,太原,家居,清洁,家-清-334,自然搜索,微信支付,85.41,2,0.094,154.76,90.55,0.4149,0,0.0,C590285071
O5262556787,2025-01-10,华中,南昌,食品,饮料,食-饮-602,信息流广告,支付宝,63.75,3,0.088,174.42,124.61,0.2856,0,0.0,C782254701
O8520225025,2025-01-10,华南,厦门,服饰,裤装,服-裤-252,私域,支付宝,165.33,3,0.047,474.08,296.3,0.375,0,0.0,C366982665
O5480542685,2025-01-10,华东,杭州,家居,厨具,家-厨-523,站内推荐,支付宝,67.89,2,0.117,119.89,76.57,0.3613,0,0.0,C004633800
O2491962673,2025-01-11,华北,北京,数码,配件,数-配-724,信息流广告,支付宝,179.54,1,0.057,169.31,126.7,0.2517,1,137.85,C381069515
O6949950375,2025-01-11,华中,郑州,服饰,裤装,服-裤-710,信息流广告,支付宝,147.37,2,0.12,259.37,161.57,0.3771,0,0.0,C980838540
O4901651709,2025-01-11,华北,北京,家居,清洁,家-清-154,私域,微信支付,73.32,1,0.074,67.89,47.57,0.2993,0,0.0,C148577949
O0421209938,2025-01-11,东北,长春,食品,零食,食-零-215,自然搜索,支付宝,68.03,4,0.119,239.41,169.0,0.2941,0,0.0,C491272844
O5150872203,2025-01-11,华东,南京,美妆,香氛,美-香-996,信息流广告,微信支付,152.56,4,0.142,523.59,282.95,0.4596,0,0.0,C091652818
O3900400118,2025-01-11,华北,太原,家居,清洁,家-清-931,私域,支付宝,112.72,2,0.024,220.03,125.33,0.4304,0,0.0,C157663801
O0600106161,2025-01-11,华东,宁波,家居,收纳,家-收-614,私域,支付宝,49.7,3,0.0,149.1,99.75,0.331,0,0.0,C973400506
O9660534229,2025-01-11,华东,南京,家居,清洁,家-清-592,直播,支付宝,103.52,4,0.058,390.06,266.72,0.3162,0,0.0,C540743615
O6123637222,2025-01-11,华东,宁波,家居,清洁,家-清-427,自然搜索,微信支付,51.31,1,0.105,45.92,28.09,0.3883,0,0.0,C382296181
O8778271392,2025-01-11,华南,厦门,家居,收纳,家-收-802,站内推荐,支付宝,83.01,1,0.067,77.7,48.01,0.3821,0,0.0,C842054502
O3066934537,2025-01-12,东北,沈阳,美妆,护肤,美-护-605,私域,微信支付,201.31,4,0.057,758.19,365.2,0.5183,0,0.0,C474295753
O7676082181,2025-01-12,华南,佛山,家居,清洁,家-清-975,站内推荐,微信支付,73.02,3,0.036,211.94,137.82,0.3497,0,0.0,C547014476
O4901850473,2025-01-12,华南,深圳,食品,零食,食-零-554,自然搜索,支付宝,56.61,2,0.044,108.63,68.21,0.3721,0,0.0,C365922165
O1324444994,2025-01-12,西南,重庆,数码,耳机,数-耳-464,直播,支付宝,132.73,2,0.109,237.81,176.74,0.2568,0,0.0,C988243006
O6693623181,2025-01-12,西南,重庆,美妆,彩妆,美-彩-608,自然搜索,支付宝,107.75,4,0.044,414.28,235.55,0.4314,0,0.0,C244332959
O1018401084,2025-01-12,西南,贵阳,服饰,上衣,服-上-741,自然搜索,微信支付,120.18,1,0.064,113.1,62.43,0.448,0,0.0,C026580003
O0752923385,2025-01-12,华东,苏州,服饰,上衣,服-上-774,信息流广告,微信支付,122.2,2,0.095,221.18,136.18,0.3843,0,0.0,C799899961
O4803078138,2025-01-12,华中,长沙,服饰,鞋靴,服-鞋-787,自然搜索,支付宝,62.55,2,0.041,119.97,65.74,0.452,0,0.0,C098116050
O2752402440,2025-01-12,西南,昆明,服饰,裤装,服-裤-639,私域,支付宝,126.85,4,0.1,459.14,232.38,0.4939,0,0.0,C925448783
O9947547697,2025-01-12,华南,厦门,家居,清洁,家-清-624,私域,支付宝,50.33,3,0.062,142.14,97.87,0.3115,0,0.0,C691734728
O4642235174,2025-01-12,华南,广州,食品,零食,食-零-556,站内推荐,微信支付,38.82,4,0.054,147.43,98.41,0.3325,0,0.0,C820393782
O1852119932,2025-01-12,华东,杭州,食品,零食,食-零-326,站内推荐,微信支付,60.07,2,0.105,107.53,70.69,0.3426,0,0.0,C415693113
O5176912461,2025-01-12,西南,昆明,美妆,彩妆,美-彩-239,自然搜索,微信支付,117.79,1,0.094,107.3,58.87,0.4514,0,0.0,C240375449
O2090212314,2025-01-12,华北,太原,数码,耳机,数-耳-386,站内推荐,微信支付,199.61,1,0.03,193.62,138.92,0.2825,0,0.0,C919454315
O3820126540,2025-01-12,华北,太原,数码,耳机,数-耳-555,站内推荐,微信支付,280.86,4,0.0,1123.44,856.66,0.2375,0,0.0,C637120294
O7205483287,2025-01-12,华南,广州,美妆,香氛,美-香-762,直播,微信支付,109.26,2,0.129,191.02,100.78,0.4724,0,0.0,C697874067
O7770978920,2025-01-12,华北,太原,家居,收纳,家-收-140,信息流广告,微信支付,89.87,4,0.148,306.28,189.13,0.3825,0,0.0,C640293266
O2558971089,2025-01-12,华中,郑州,美妆,护肤,美-护-180,直播,银行卡,149.13,1,0.051,141.52,67.44,0.5235,0,0.0,C206585770
O4309213191,2025-01-12,华东,上海,美妆,护肤,美-护-234,站内推荐,银行卡,241.3,1,0.107,215.48,116.89,0.4575,0,0.0,C320052022
O1219756208,2025-01-13,西北,兰州,家居,厨具,家-厨-550,自然搜索,微信支付,91.33,2,0.046,174.26,108.92,0.375,0,0.0,C900507922
O1431159549,2025-01-13,华东,宁波,美妆,香氛,美-香-170,私域,支付宝,156.21,4,0.072,579.85,318.69,0.4504,0,0.0,C675756678
O3896672134,2025-01-13,西南,成都,服饰,裤装,服-裤-340,站内推荐,银行卡,108.09,3,0.087,297.82,173.6,0.4171,0,0.0,C725009883
O8923187016,2025-01-13,华东,南京,美妆,彩妆,美-彩-490,信息流广告,支付宝,208.38,2,0.063,390.5,217.85,0.4421,0,0.0,C812513047
O3220046029,2025-01-13,华东,南京,家居,清洁,家-清-263,直播,支付宝,78.84,4,0.144,269.95,176.01,0.348,0,0.0,C965532366
O7527376000,2025-01-13,华东,苏州,食品,饮料,食-饮-620,自然搜索,支付宝,50.79,1,0.104,45.51,31.79,0.3015,1,42.2,C020991376
O7831889277,2025-01-13,西北,乌鲁木齐,服饰,鞋靴,服-鞋-361,站内推荐,支付宝,128.09,3,0.037,370.05,229.59,0.3796,0,0.0,C789401880
O6184508523,2025-01-13,华南,广州,服饰,裤装,服-裤-491,直播,微信支付,132.47,3,0.112,354.3,196.26,0.4461,0,0.0,C309883544
O9226490134,2025-01-13,华南,佛山,食品,零食,食-零-893,信息流广告,微信支付,60.26,4,0.128,211.02,121.58,0.4238,0,0.0,C844145564
O6830334013,2025-01-13,华东,上海,食品,速食,食-速-379,私域,微信支付,48.63,1,0.0,48.63,30.72,0.3683,0,0.0,C403302217
O3325133070,2025-01-13,华北,石家庄,服饰,鞋靴,服-鞋-783,自然搜索,微信支付,148.06,4,,574.47,324.66,0.4349,0,0.0,C903036057
O7829025599,2025-01-13,西南,重庆,家居,清洁,家-清-343,直播,银行卡,71.78,1,0.109,64.34,38.23,0.4058,0,0.0,C663860834
O2357230356,2025-01-13,华中,长沙,数码,智能穿戴,数-智-179,线下导流,支付宝,234.81,3,0.056,664.98,490.54,0.2623,0,0.0,C205605046
O3159144362,2025-01-13,西南,昆明,美妆,彩妆,美-彩-436,站内推荐,微信支付,174.6,4,0.057,662.5,377.88,0.4296,0,0.0,C483082775
O5111093699,2025-01-13,西北,乌鲁木齐,美妆,彩妆,美-彩-783,信息流广告,支付宝,136.46,1,0.072,126.63,69.75,0.4492,0,0.0,C344075357
O4398877590,2025-01-14,华中,武汉,服饰,上衣,服-上-769,信息流广告,支付宝,41.72,4,0.068,155.53,88.56,0.4306,1,132.9,C713267062
O1352213289,2025-01-14,华南,厦门,食品,零食,食-零-411,站内推荐,支付宝,30.4,4,0.048,116.26,76.65,0.3407,0,0.0,C300345332
O6769190864,2025-01-14,华东,南京,服饰,鞋靴,服-鞋-606,直播,微信支付,184.95,3,0.148,472.73,254.96,0.4607,1,345.71,C308797984
O5086594375,2025-01-14,华南,佛山,服饰,裤装,服-裤-349,自然搜索,支付宝,165.18,3,0.018,488.71,292.44,0.4016,0,0.0,C768304682
O7756717544,2025-01-14,华中,郑州,食品,饮料,食-饮-432,站内推荐,微信支付,67.05,2,0.104,120.15,83.02,0.309,0,0.0,C553213259
O6082279455,2025-01-14,华南,深圳,数码,配件,数-配-472,站内推荐,银行卡,242.97,3,0.051,694.7,552.49,0.2047,0,0.0,C259377879
O9132923317,2025-01-14,西南,昆明,食品,速食,食-速-635,站内推荐,支付宝,63.15,3,0.025,185.9,135.97,0.2686,0,0.0,C543609525
O8177076909,2025-01-14,华东,南京,服饰,裤装,服-裤-762,信息流广告,支付宝,78.51,4,0.076,290.17,180.49,0.378,0,0.0,C523793961
O1538857370,2025-01-14,华东,南京,家居,清洁,家-清-151,私域,微信支付,81.65,4,0.056,308.31,178.75,0.4202,0,0.0,C955150874
O5350500559,2025-01-14,华中,武汉,家居,收纳,家-收-615,线下导流,支付宝,68.73,3,0.057,194.44,134.35,0.309,0,0.0,C598394512
O8118728291,2025-01-14,华北,石家庄,数码,智能穿戴,数-智-650,信息流广告,支付宝,199.57,4,0.139,687.32,570.19,0.1704,0,0.0,C601404209
O0338819534,2025-01-14,西北,西安,数码,智能穿戴,数-智-474,线下导流,支付宝,192.22,3,0.083,528.8,372.79,0.295,0,0.0,C418002103
O4824931297,2025-01-14,华中,长沙,美妆,彩妆,美-彩-951,站内推荐,微信支付,196.42,2,0.034,379.48,210.11,0.4463,0,0.0,C828378296
O0264230270,2025-01-14,西南,成都,数码,配件,数-配-204,直播,微信支付,233.08,1,0.051,222.61,157.23,0.2937,0,0.0,C838285807
O3585346822,2025-01-14,华东,杭州,服饰,鞋靴,服-鞋-610,线下导流,微信支付,132.73,1,0.103,119.06,66.97,0.4375,0,0.0,C673602958
O0346514227,2025-01-14,华南,佛山,数码,配件,数-配-820,信息流广告,支付宝,291.08,2,0.111,519.76,380.36,0.2682,0,0.0,C816437274
O7981738894,2025-01-15,华中,武汉,美妆,护肤,美-护-405,站内推荐,货到付款,215.65,2,0.051,409.3,248.76,0.3922,0,0.0,C111953415
O1683103189,2025-01-15,华中,武汉,数码,配件,数-配-406,直播,微信支付,172.74,3,0.092,470.54,348.84,0.2586,0,0.0,C995342843
O2043739614,2025-01-15,华南,厦门,家居,收纳,家-收-462,自然搜索,支付宝,50.27,4,0.048,192.31,116.21,0.3957,0,0.0,C827760333
O9696588096,2025-01-15,华东,南京,服饰,鞋靴,服-鞋-997,自然搜索,微信支付,120.54,2,0.055,227.82,147.45,0.3528,0,0.0,C879211224
O1716376579,2025-01-15,华北,北京,家居,清洁,家-清-692,信息流广告,支付宝,84.41,3,0.106,226.39,156.31,0.3096,0,0.0,C356843895
O5528366560,2025-01-15,华南,广州,美妆,香氛,美-香-126,私域,微信支付,72.98,2,0.072,136.08,76.06,0.4411,0,0.0,C343987307
O5593082872,2025-01-15,华中,南昌,服饰,上衣,服-上-120,信息流广告,支付宝,108.51,4,0.089,395.41,212.79,0.4618,0,0.0,C703365647
O1322187156,2025-01-15,西南,成都,家居,收纳,家-收-792,私域,微信支付,87.26,1,0.077,81.1,52.1,0.3576,0,0.0,C696600693
O4235214763,2025-01-15,华南,厦门,服饰,上衣,服-上-890,直播,支付宝,116.37,4,0.077,431.62,241.05,0.4415,0,0.0,C351880904
O6452084326,2025-01-15,华南,深圳,家居,收纳,家-收-535,站内推荐,支付宝,70.31,2,0.077,130.39,85.92,0.3411,0,0.0,C539916940
O8310061596,2025-01-15,东北,沈阳,服饰,裤装,服-裤-356,信息流广告,微信支付,153.95,3,0.095,417.17,219.14,0.4747,0,0.0,C514838721
O4999420885,2025-01-15,华南,广州,服饰,裤装,服-裤-749,私域,支付宝,135.59,4,0.041,522.52,317.9,0.3916,0,0.0,C082561009
O3404292201,2025-01-15,华南,佛山,数码,智能穿戴,数-智-420,自然搜索,微信支付,172.91,3,0.099,469.53,361.82,0.2294,0,0.0,C227889843
O7595528727,2025-01-15,华南,厦门,美妆,香氛,美-香-941,信息流广告,支付宝,156.39,3,0.085,431.27,223.62,0.4815,0,0.0,C701566384
O1513599985,2025-01-15,华中,武汉,服饰,上衣,服-上-186,信息流广告,支付宝,98.61,1,0.02,96.64,51.72,0.4648,0,0.0,C677618044
O7633543452,2025-01-15,华东,南京,数码,智能穿戴,数-智-479,私域,支付宝,202.62,4,0.094,734.29,531.03,0.2768,0,0.0,C632416792
O6019725319,2025-01-16,西南,昆明,美妆,香氛,美-香-202,站内推荐,银行卡,129.58,2,0.032,252.73,134.48,0.4679,1,173.15,C833843345
O3280411019,2025-01-16,华北,天津,数码,耳机,数-耳-429,私域,支付宝,201.43,4,0.042,771.88,576.25,0.2534,0,0.0,C492701086
O0396876051,2025-01-16,华南,厦门,服饰,裤装,服-裤-694,站内推荐,微信支付,128.49,2,0.055,244.05,132.4,0.4575,0,0.0,C675306647
O1257677391,2025-01-16,华北,北京,美妆,香氛,美-香-918,自然搜索,支付宝,152.77,2,0.111,271.63,138.28,0.4909,0,0.0,C617023602
O1934520216,2025-01-16,西北,兰州,服饰,裤装,服-裤-839,线下导流,货到付款,135.47,1,0.064,126.8,71.71,0.4345,0,0.0,C038566262
O0298906619,2025-01-16,西南,贵阳,数码,配件,数-配-591,私域,支付宝,155.41,2,0.038,301.23,210.08,0.3026,0,0.0,C491619602
O0930169763,2025-01-16,华东,杭州,食品,饮料,食-饮-911,信息流广告,微信支付,53.68,3,0.09,146.55,101.54,0.3071,0,0.0,C403699808
O4809671033,2025-01-16,华北,太原,数码,配件,数-配-568,站内推荐,微信支付,175.58,3,0.007,523.05,359.41,0.3129,0,0.0,C784707063
O6943019599,2025-01-16,华南,广州,美妆,彩妆,美-彩-364,私域,支付宝,216.42,3,0.031,632.24,292.44,0.5375,0,0.0,C038455798
O6776024033,2025-01-16,华北,天津,家居,收纳,家-收-727,站内推荐,银行卡,57.16,2,,112.83,68.48,0.3931,0,0.0,C939768824
O7694164774,2025-01-16,华东,南京,家居,收纳,家-收-784,自然搜索,货到付款,82.83,1,0.041,79.43,47.24,0.4053,0,0.0,C346655921
O5458706874,2025-01-16,东北,长春,服饰,裤装,服-裤-147,线下导流,货到付款,123.66,3,0.054,350.22,185.45,0.4705,0,0.0,C366343000
O5959604751,2025-01-16,华南,广州,数码,智能穿戴,数-智-322,私域,支付宝,161.75,2,0.089,296.17,204.79,0.3085,0,0.0,C164533604
O5820537893,2025-01-16,华中,郑州,数码,智能穿戴,数-智-289,直播,支付宝,219.94,2,0.152,373.02,271.3,0.2727,0,0.0,C913296317
O8745869276,2025-01-16,华南,厦门,数码,智能穿戴,数-智-316,站内推荐,支付宝,187.78,1,0.074,174.74,131.23,0.249,0,0.0,C505860258
O8379726246,2025-01-17,华中,南昌,食品,零食,食-零-629,私域,支付宝,41.02,4,0.098,148.0,102.44,0.3078,0,0.0,C208713299
O9072245922,2025-01-17,华东,苏州,家居,厨具,家-厨-179,直播,支付宝,93.14,3,0.064,261.54,182.83,0.3009,0,0.0,C389469865
O0291688364,2025-01-17,华东,杭州,服饰,鞋靴,服-鞋-868,站内推荐,银行卡,153.08,1,0.025,149.25,97.6,0.3461,0,0.0,C127657632
O7647665934,2025-01-17,华东,宁波,家居,厨具,家-厨-629,直播,微信支付,79.09,3,0.049,225.64,138.19,0.3876,0,0.0,C259629741
O3733984270,2025-01-17,华中,郑州,食品,零食,食-零-502,站内推荐,支付宝,54.58,3,0.0,163.74,118.71,0.275,0,0.0,C456102159
O8780776806,2025-01-17,华东,杭州,美妆,护肤,美-护-591,直播,支付宝,137.44,3,0.096,372.74,194.65,0.4778,0,0.0,C184077430
O0709591240,2025-01-17,华东,宁波,美妆,彩妆,美-彩-871,信息流广告,支付宝,180.16,1,0.034,174.03,90.52,0.4799,0,0.0,C137700637
O5107983337,2025-01-17,华东,杭州,美妆,彩妆,美-彩-692,自然搜索,微信支付,150.1,1,0.051,142.44,78.86,0.4464,0,0.0,C679365931
O7850893456,2025-01-17,华北,太原,服饰,鞋靴,服-鞋-243,自然搜索,银行卡,86.86,2,0.076,160.52,79.84,0.5026,0,0.0,C638895080
O6127202069,2025-01-17,华东,上海,数码,耳机,数-耳-104,直播,微信支付,169.22,1,0.039,162.62,123.2,0.2424,0,0.0,C173062555
O8633424139,2025-01-17,华东,苏州,数码,配件,数-配-892,站内推荐,支付宝,210.13,2,0.002,419.42,312.61,0.2547,0,0.0,C712226874
O0688859493,2025-01-17,华中,武汉,服饰,裤装,服-裤-862,站内推荐,支付宝,94.22,4,0.07,350.5,207.04,0.4093,0,0.0,C463184939
O5013314412,2025-01-17,华中,南昌,食品,零食,食-零-694,私域,支付宝,41.93,4,0.079,154.47,97.94,0.366,0,0.0,C699508924
O8205257172,2025-01-17,华中,武汉,美妆,彩妆,美-彩-590,站内推荐,微信支付,133.98,1,0.079,123.4,62.76,0.4914,0,0.0,C356615229
O8340787404,2025-01-17,华南,广州,服饰,上衣,服-上-746,线下导流,支付宝,146.82,2,0.024,288.1,151.98,0.4725,0,0.0,C902851045
O7777905053,2025-01-17,华南,佛山,食品,速食,食-速-288,直播,微信支付,28.27,3,0.078,78.61,53.21,0.3231,0,0.0,C387580612
O9234790470,2025-01-17,华北,石家庄,食品,速食,食-速-435,直播,支付宝,48.7,1,0.1,43.83,30.61,0.3016,0,0.0,C825969626
O8128940084,2025-01-17,华东,苏州,服饰,鞋靴,服-鞋-213,自然搜索,支付宝,116.52,3,0.11,311.11,171.29,0.4494,0,0.0,C085342971
O6299179179,2025-01-18,华东,南京,美妆,香氛,美-香-303,信息流广告,微信支付,148.59,3,0.039,428.38,216.79,0.4939,0,0.0,C257323373
O9990818820,2025-01-18,华北,天津,美妆,香氛,美-香-275,直播,支付宝,93.9,4,0.078,346.3,205.57,0.4064,0,0.0,C435004733
O5525655826,2025-01-18,华南,广州,数码,耳机,数-耳-712,站内推荐,微信支付,127.97,2,0.059,242.19,182.3,0.2473,0,0.0,C392862722
O2897625151,2025-01-18,华南,广州,服饰,上衣,服-上-309,站内推荐,支付宝,131.44,2,0.052,250.61,151.96,0.3936,0,0.0,C098662575
O1698016989,2025-01-18,华南,佛山,美妆,护肤,美-护-900,信息流广告,微信支付,144.38,3,0.071,404.64,265.55,0.3437,0,0.0,C157672449
O5741976862,2025-01-18,华东,杭州,食品,速食,食-速-332,信息流广告,微信支付,46.72,3,0.102,125.86,75.78,0.3979,0,0.0,C200781514
O4612526936,2025-01-18,华中,南昌,美妆,护肤,美-护-404,信息流广告,支付宝,195.38,2,0.094,354.03,202.18,0.4289,0,0.0,C980199355
O9005311876,2025-01-18,华南,厦门,家居,收纳,家-收-961,线下导流,支付宝,59.71,1,0.09,54.64,34.69,0.3651,0,0.0,C806725762
O6783843139,2025-01-18,西南,成都,数码,智能穿戴,数-智-139,线下导流,银行卡,215.35,1,0.073,201.31,140.23,0.3034,0,0.0,C778263848
O5037297991,2025-01-18,东北,长春,数码,智能穿戴,数-智-524,直播,支付宝,189.21,1,0.131,164.04,125.42,0.2354,0,0.0,C470467486
O4663198823,2025-01-18,华南,佛山,数码,耳机,数-耳-993,自然搜索,支付宝,191.1,3,0.1,518.86,382.94,0.262,0,0.0,C301392553
O0056874210,2025-01-18,华中,南昌,数码,配件,数-配-485,自然搜索,支付宝,244.89,4,0.036,944.3,750.18,0.2056,0,0.0,C690751226
O3671100079,2025-01-18,华中,长沙,数码,耳机,数-耳-466,直播,微信支付,227.31,3,0.114,604.19,470.78,0.2208,0,0.0,C487871556
O1813753313,2025-01-18,西南,贵阳,家居,清洁,家-清-905,私域,微信支付,75.08,1,0.108,67.53,38.75,0.4262,0,0.0,C445228426
O3319355455,2025-01-19,华北,北京,美妆,香氛,美-香-481,直播,支付宝,151.23,2,0.107,270.1,131.12,0.5146,0,0.0,C061434074
O9982127886,2025-01-19,华北,北京,服饰,鞋靴,服-鞋-780,直播,微信支付,95.68,4,0.111,340.24,174.17,0.4881,0,0.0,C696153662
O1335575259,2025-01-19,华东,杭州,食品,速食,食-速-932,自然搜索,微信支付,35.52,4,0.076,131.28,81.37,0.3802,0,0.0,C551020484
O7987014662,2025-01-19,华中,郑州,美妆,护肤,美-护-477,自然搜索,支付宝,168.22,2,0.066,314.23,158.01,0.4972,0,0.0,C137995091
O3826550305,2025-01-19,西北,乌鲁木齐,家居,收纳,家-收-383,站内推荐,微信支付,75.01,4,0.077,276.94,163.5,0.4096,0,0.0,C657334288
O7753768597,2025-01-19,华东,南京,数码,智能穿戴,数-智-308,信息流广告,支付宝,255.26,3,0.06,719.83,523.62,0.2726,0,0.0,C027173259
O7185463225,2025-01-19,华南,深圳,服饰,鞋靴,服-鞋-665,私域,支付宝,134.76,3,0.034,392.85,226.71,0.4229,0,0.0,C622958322
O5794431080,2025-01-19,华北,石家庄,食品,饮料,食-饮-454,自然搜索,微信支付,39.11,1,0.074,36.22,24.96,0.3109,0,0.0,C826977256
O5023998355,2025-01-19,华东,宁波,食品,零食,食-零-116,自然搜索,支付宝,76.51,3,0.109,204.51,147.46,0.279,0,0.0,C879597763
O7429812544,2025-01-19,西南,昆明,美妆,彩妆,美-彩-738,站内推荐,银行卡,145.73,1,0.022,143.79,74.73,0.4803,0,0.0,C368948617
O4513353058,2025-01-19,华北,石家庄,美妆,香氛,美-香-554,直播,微信支付,120.17,2,0.086,219.67,121.94,0.4449,0,0.0,C534124549
O4857022394,2025-01-19,华北,石家庄,家居,清洁,家-清-883,私域,支付宝,105.22,2,0.038,202.44,123.68,0.3891,0,0.0,C664920762
O8709161166,2025-01-19,华东,杭州,美妆,护肤,美-护-732,自然搜索,微信支付,92.88,3,0.057,262.76,152.82,0.4184,0,0.0,C638083692
O0101259201,2025-01-19,华中,长沙,服饰,上衣,服-上-564,自然搜索,支付宝,133.02,2,0.096,240.5,140.25,0.4168,0,0.0,C323936612
O0584323299,2025-01-19,华北,北京,数码,智能穿戴,数-智-642,自然搜索,支付宝,268.44,4,0.02,1052.28,863.28,0.1796,0,0.0,C398046444
O3876611366,2025-01-19,华北,石家庄,食品,零食,食-零-160,自然搜索,微信支付,39.34,1,0.06,36.98,25.61,0.3075,0,0.0,C738427147
O4351214225,2025-01-19,华东,上海,美妆,护肤,美-护-804,自然搜索,微信支付,209.77,3,0.049,598.47,313.14,0.4768,0,0.0,C426334145
O7500590482,2025-01-19,华东,上海,家居,收纳,家-收-414,私域,支付宝,79.98,3,0.016,236.1,146.03,0.3815,0,0.0,C487276549
O7573077640,2025-01-19,西北,乌鲁木齐,家居,清洁,家-清-955,直播,微信支付,109.63,2,0.098,197.77,142.2,0.281,0,0.0,C766177857
O5224113219,2025-01-19,西南,重庆,食品,零食,食-零-800,直播,支付宝,67.22,4,0.085,248.22,187.97,0.2427,0,0.0,C501821683
O0154173802,2025-01-19,华南,深圳,食品,速食,食-速-189,自然搜索,微信支付,51.6,3,0.033,150.58,101.64,0.325,0,0.0,C254159124
O3354456312,2025-01-19,华东,苏州,服饰,上衣,服-上-692,私域,微信支付,90.52,2,0.097,163.48,98.74,0.396,0,0.0,C411927192
O5933585727,2025-01-19,华中,武汉,家居,清洁,家-清-122,私域,微信支付,68.02,4,0.095,246.23,141.8,0.4241,0,0.0,C780304767
O9833056279,2025-01-19,华中,郑州,食品,零食,食-零-748,线下导流,支付宝,46.7,3,0.027,136.32,95.52,0.2993,0,0.0,C156013131
O7535612809,2025-01-20,华北,天津,服饰,鞋靴,服-鞋-714,私域,支付宝,184.85,4,0.005,735.7,441.4,0.4,0,0.0,C923252739
O0308398066,2025-01-20,华北,太原,家居,清洁,家-清-525,直播,银行卡,84.8,2,0.118,149.59,96.36,0.3558,1,136.07,C134172986
O2213515253,2025-01-20,华东,上海,家居,清洁,家-清-735,私域,微信支付,52.27,1,0.065,48.87,31.66,0.3522,0,0.0,C938101491
O4747492759,2025-01-20,华南,佛山,食品,速食,食-速-314,直播,微信支付,63.73,4,0.058,241.64,150.17,0.3785,0,0.0,C218974467
O0159684992,2025-01-20,华东,上海,数码,智能穿戴,数-智-655,线下导流,微信支付,269.64,2,0.062,505.84,344.0,0.3199,0,0.0,C805439611
O6431964732,2025-01-20,华东,上海,美妆,香氛,美-香-806,站内推荐,支付宝,190.42,2,0.043,364.46,208.52,0.4279,0,0.0,C676506642
O8398801270,2025-01-20,华南,广州,服饰,鞋靴,服-鞋-682,直播,微信支付,113.52,2,0.136,197.39,111.75,0.4339,0,0.0,C001977267
O5918173048,2025-01-20,华北,石家庄,服饰,鞋靴,服-鞋-843,信息流广告,支付宝,73.31,2,0.055,138.56,82.03,0.408,0,0.0,C918241976
O8608022918,2025-01-21,华中,武汉,服饰,上衣,服-上-544,站内推荐,微信支付,134.36,1,0.096,121.46,76.07,0.3737,1,94.68,C260367885
O7594308340,2025-01-21,西北,兰州,食品,饮料,食-饮-536,站内推荐,支付宝,43.5,4,0.022,170.17,112.84,0.3369,0,0.0,C259358320
O4035095728,2025-01-21,华东,杭州,数码,耳机,数-耳-733,自然搜索,货到付款,141.43,3,0.064,397.14,287.31,0.2766,0,0.0,C395629104
O7620366161,2025-01-21,华中,南昌,食品,饮料,食-饮-529,站内推荐,微信支付,72.69,1,0.026,70.8,50.11,0.2922,0,0.0,C751384670
O7496053192,2025-01-21,华南,佛山,数码,智能穿戴,数-智-867,自然搜索,微信支付,226.35,1,0.029,221.23,166.03,0.2495,0,0.0,C028584131
O4936903747,2025-01-21,西北,乌鲁木齐,数码,配件,数-配-567,站内推荐,支付宝,137.42,1,0.078,126.7,100.19,0.2092,0,0.0,C404481115
O3226000704,2025-01-21,华北,太原,服饰,鞋靴,服-鞋-318,信息流广告,支付宝,79.1,4,0.105,283.18,176.27,0.3775,0,0.0,C150046148
O9032113336,2025-01-21,华南,厦门,家居,清洁,家-清-491,站内推荐,支付宝,50.99,1,0.05,48.76,33.38,0.3154,0,0.0,C519740974
O4191732136,2025-01-21,华东,杭州,数码,耳机,数-耳-141,站内推荐,支付宝,263.59,2,0.019,517.16,400.54,0.2255,0,0.0,C402149991
O4763746641,2025-01-21,华北,天津,美妆,彩妆,美-彩-132,直播,货到付款,114.1,2,0.06,214.51,117.38,0.4528,0,0.0,C295627421
O9694222709,2025-01-21,华北,天津,数码,耳机,数-耳-764,线下导流,支付宝,149.41,2,0.082,274.32,173.19,0.3687,0,0.0,C737141107
O1990777239,2025-01-21,西北,乌鲁木齐,食品,零食,食-零-804,信息流广告,支付宝,17.96,3,0.137,46.5,29.24,0.3712,0,0.0,C067757971
O4493361822,2025-01-21,华南,广州,美妆,彩妆,美-彩-199,信息流广告,支付宝,130.26,4,0.111,466.26,257.37,0.448,0,0.0,C035787381
O4247849382,2025-01-21,华北,北京,食品,零食,食-零-452,自然搜索,支付宝,91.09,3,0.038,262.89,162.5,0.3819,0,0.0,C077991676
O1168059410,2025-01-21,华东,苏州,家居,厨具,家-厨-463,线下导流,支付宝,96.87,2,0.01,191.8,111.96,0.4163,0,0.0,C941887002
O6585953967,2025-01-21,华南,深圳,家居,厨具,家-厨-939,私域,微信支付,67.61,1,0.009,67.44,37.57,0.4429,1,53.02,C265129571
O7545905086,2025-01-21,东北,大连,数码,配件,数-配-953,站内推荐,微信支付,224.64,4,0.065,837.85,616.07,0.2647,0,0.0,C064093063
O5050338967,2025-01-21,华中,郑州,数码,配件,数-配-592,自然搜索,支付宝,219.36,1,0.059,206.42,157.66,0.2362,0,0.0,C007456367
O0702374897,2025-01-21,西南,成都,食品,零食,食-零-158,自然搜索,微信支付,62.27,3,0.047,179.79,113.67,0.3678,0,0.0,C072890061
O1047588382,2025-01-22,华北,太原,家居,清洁,家-清-997,自然搜索,微信支付,111.8,1,0.034,108.0,65.34,0.395,0,0.0,C290364825
O6477367471,2025-01-22,华东,上海,服饰,鞋靴,服-鞋-410,私域,微信支付,179.64,3,0.033,521.14,314.09,0.3973,0,0.0,C378663730
O4422697512,2025-01-22,西北,西安,食品,速食,食-速-604,直播,支付宝,37.24,4,0.154,126.02,82.08,0.3487,0,0.0,C426382472
O5732473215,2025-01-22,华北,石家庄,美妆,彩妆,美-彩-272,站内推荐,微信支付,142.73,3,0.066,399.93,205.24,0.4868,0,0.0,C652233293
O1113922928,2025-01-22,华中,长沙,服饰,上衣,服-上-578,自然搜索,银行卡,105.0,1,0.004,104.58,63.91,0.3889,1,74.2,C695525690
O9916679296,2025-01-22,华东,苏州,数码,耳机,数-耳-359,站内推荐,银行卡,227.49,4,0.102,817.14,558.55,0.3165,0,0.0,C051979634
O1562295864,2025-01-22,东北,哈尔滨,服饰,鞋靴,服-鞋-173,自然搜索,微信支付,88.07,1,0.076,81.14,41.29,0.4911,0,0.0,C561470015
O8680859095,2025-01-22,华南,深圳,美妆,护肤,美-护-519,私域,支付宝,181.84,1,0.032,177.24,100.21,0.4346,0,0.0,C150058123
O9892445050,2025-01-22,华北,石家庄,食品,零食,食-零-543,私域,支付宝,19.64,1,0.004,19.56,12.0,0.3865,0,0.0,C226864551
O6621504686,2025-01-22,东北,沈阳,服饰,上衣,服-上-126,自然搜索,微信支付,115.79,1,0.026,112.45,65.96,0.4134,0,0.0,C954268300
O7272092589,2025-01-22,华东,苏州,服饰,裤装,服-裤-475,直播,支付宝,141.49,2,0.089,257.79,143.65,0.4428,0,0.0,C838031587
O1571269381,2025-01-22,华东,苏州,家居,厨具,家-厨-193,直播,微信支付,75.56,4,0.108,269.6,176.53,0.3452,0,0.0,C594515592
O2773987771,2025-01-22,东北,大连,美妆,香氛,美-香-669,直播,微信支付,120.75,2,0.099,216.96,111.98,0.4839,0,0.0,C792032946
O8891887454,2025-01-22,华中,郑州,数码,配件,数-配-753,自然搜索,微信支付,189.24,2,0.081,347.82,263.82,0.2415,0,0.0,C052204088
O8524850872,2025-01-22,华东,宁波,美妆,护肤,美-护-870,自然搜索,支付宝,186.65,2,0.033,360.98,192.86,0.4657,0,0.0,C999398852
O2099926190,2025-01-22,西北,乌鲁木齐,服饰,鞋靴,服-鞋-165,站内推荐,支付宝,196.12,2,0.099,353.41,214.47,0.3931,0,0.0,C487840010
O5612902533,2025-01-22,华东,南京,美妆,香氛,美-香-152,直播,支付宝,165.7,4,0.08,609.78,328.84,0.4607,0,0.0,C147596746
O8904033698,2025-01-22,华中,郑州,食品,饮料,食-饮-491,直播,微信支付,48.83,4,0.103,175.2,105.57,0.3974,1,156.29,C022236797
O0431596780,2025-01-23,华南,广州,食品,饮料,食-饮-258,自然搜索,微信支付,68.88,1,0.046,66.19,36.86,0.4431,0,0.0,C726984861
O4007929405,2025-01-23,西北,银川,数码,配件,数-配-824,直播,支付宝,122.28,1,0.039,117.51,86.13,0.267,0,0.0,C929636408
O7753672150,2025-01-23,西南,重庆,美妆,彩妆,美-彩-589,自然搜索,微信支付,204.44,2,0.046,394.32,210.32,0.4666,0,0.0,C642533269
O3056160722,2025-01-23,华东,宁波,家居,收纳,家-收-862,站内推荐,支付宝,97.22,1,0.053,92.07,55.33,0.399,0,0.0,C185620043
O0789975641,2025-01-23,华南,佛山,数码,配件,数-配-666,自然搜索,支付宝,166.03,3,0.074,464.58,343.24,0.2612,0,0.0,C340894484
O5945829196,2025-01-23,华北,天津,数码,配件,数-配-721,私域,微信支付,247.97,3,0.055,702.99,482.9,0.3131,0,0.0,C525598433
O3151155204,2025-01-23,华东,杭州,数码,智能穿戴,数-智-727,自然搜索,微信支付,208.45,3,0.116,552.81,425.26,0.2307,0,0.0,C970945037
O5123926196,2025-01-23,华东,上海,家居,厨具,家-厨-931,信息流广告,微信支付,94.41,4,0.045,360.65,205.03,0.4315,0,0.0,C433258275
O5463902325,2025-01-23,华东,苏州,食品,零食,食-零-616,私域,微信支付,50.61,4,0.044,193.53,125.43,0.3519,0,0.0,C785650705
O2431784265,2025-01-23,华中,郑州,食品,零食,食-零-430,私域,支付宝,46.95,1,0.061,44.09,31.56,0.2842,0,0.0,C557000197
O0027737698,2025-01-23,华东,,美妆,彩妆,美-彩-557,直播,支付宝,137.9,4,0.118,486.51,266.95,0.4513,0,0.0,C257354310
O1721041324,2025-01-23,华中,郑州,服饰,上衣,服-上-279,线下导流,微信支付,130.68,3,0.035,378.32,188.42,0.502,0,0.0,C745119605
O5573801714,2025-01-23,华南,深圳,服饰,鞋靴,服-鞋-261,自然搜索,微信支付,160.25,1,0.094,146.24,77.79,0.4681,0,0.0,C260393596
O9403711334,2025-01-23,西北,乌鲁木齐,美妆,香氛,美-香-677,信息流广告,支付宝,239.38,2,0.121,420.83,189.37,0.55,0,0.0,C072752407
O1919657425,2025-01-23,华东,杭州,数码,耳机,数-耳-980,站内推荐,支付宝,117.35,2,0.056,221.56,162.08,0.2685,0,0.0,C761928309
O6959389675,2025-01-23,华东,上海,食品,零食,食-零-259,站内推荐,微信支付,49.25,1,0.023,48.12,32.22,0.3304,0,0.0,C359024363
O4884160837,2025-01-23,华南,厦门,服饰,鞋靴,服-鞋-672,站内推荐,微信支付,143.21,2,0.06,271.19,154.32,0.431,0,0.0,C749780498
O3851672551,2025-01-24,华东,杭州,食品,饮料,食-饮-183,信息流广告,银行卡,43.73,2,0.07,81.34,53.26,0.3452,0,0.0,C076735926
O6561836708,2025-01-24,西北,西安,服饰,裤装,服-裤-827,自然搜索,支付宝,145.05,3,0.01,430.8,257.73,0.4017,0,0.0,C991324977
O8348400469,2025-01-24,东北,哈尔滨,服饰,鞋靴,服-鞋-185,线下导流,支付宝,113.26,2,0.006,224.45,120.82,0.4617,0,0.0,C152443005
O3446835223,2025-01-24,华东,杭州,家居,清洁,家-清-247,线下导流,银行卡,80.52,1,0.119,70.94,43.62,0.3851,0,0.0,C746639080
O7820134303,2025-01-24,华中,郑州,家居,收纳,家-收-702,自然搜索,微信支付,65.22,3,0.073,181.38,115.6,0.3627,0,0.0,C240743971
O1938891227,2025-01-24,华北,北京,数码,智能穿戴,数-智-584,私域,支付宝,231.08,1,0.074,213.98,160.36,0.2506,0,0.0,C640574256
O1961631470,2025-01-24,华中,长沙,家居,清洁,家-清-353,自然搜索,支付宝,75.73,1,0.084,69.37,45.84,0.3392,0,0.0,C393046960
O4704480051,2025-01-24,西南,贵阳,美妆,护肤,美-护-478,直播,支付宝,209.08,3,0.095,574.11,266.62,0.5356,0,0.0,C725065020
O1345974372,2025-01-24,西南,重庆,美妆,香氛,美-香-652,站内推荐,支付宝,213.58,3,0.005,644.79,341.0,0.4711,0,0.0,C876268015
O2071979834,2025-01-25,华南,广州,数码,智能穿戴,数-智-103,信息流广告,支付宝,120.6,1,0.113,107.82,83.52,0.2254,1,104.83,C613082443
O5276288623,2025-01-25,东北,长春,食品,速食,食-速-204,信息流广告,支付宝,29.5,1,0.105,26.32,17.97,0.3172,0,0.0,C413117144
O4511307588,2025-01-25,西北,西安,美妆,护肤,美-护-858,自然搜索,银行卡,85.92,4,0.076,317.56,173.36,0.4541,0,0.0,C380464784
O2711004465,2025-01-25,华北,太原,数码,配件,数-配-284,直播,微信支付,154.34,3,0.077,427.37,299.37,0.2995,0,0.0,C592708331
O5431873086,2025-01-25,西北,乌鲁木齐,数码,配件,数-配-825,站内推荐,支付宝,170.91,4,0.101,614.59,453.07,0.2628,0,0.0,C560416956
O0563384234,2025-01-25,东北,沈阳,美妆,护肤,美-护-502,自然搜索,微信支付,90.65,4,0.003,360.32,200.51,0.4435,0,0.0,C258724567
O8340409628,2025-01-25,西南,重庆,美妆,香氛,美-香-737,自然搜索,支付宝,144.42,2,0.084,267.72,129.7,0.5155,0,0.0,C051022787
O1686719156,2025-01-25,华北,天津,服饰,上衣,服-上-607,站内推荐,微信支付,159.24,1,0.066,148.73,83.63,0.4377,0,0.0,C895545665
O8074696427,2025-01-25,华东,南京,数码,智能穿戴,数-智-909,自然搜索,支付宝,154.02,3,0.058,435.26,291.77,0.3297,0,0.0,C570116533
O4441674496,2025-01-25,西北,银川,家居,清洁,家-清-949,自然搜索,支付宝,69.74,1,0.016,68.62,41.17,0.4,0,0.0,C208662147
O9606890209,2025-01-25,西北,兰州,数码,耳机,数-耳-920,信息流广告,微信支付,242.32,3,0.088,662.99,466.87,0.2958,0,0.0,C254683721
O7258039134,2025-01-25,华南,厦门,服饰,鞋靴,服-鞋-467,站内推荐,支付宝,113.48,1,0.005,113.81,68.1,0.4016,0,0.0,C627235076
O4828611202,2025-01-25,华南,佛山,家居,清洁,家-清-535,私域,微信支付,62.91,2,0.096,114.64,73.51,0.3588,0,0.0,C926926429
O7687573590,2025-01-25,华南,佛山,食品,速食,食-速-389,站内推荐,支付宝,56.04,2,0.055,106.75,80.06,0.25,0,0.0,C305705472
O0383479861,2025-01-25,华南,深圳,食品,饮料,食-饮-254,站内推荐,微信支付,45.56,3,0.114,122.06,78.17,0.3596,1,96.69,C165169083
O9762882503,2025-01-25,西南,成都,数码,耳机,数-耳-252,直播,微信支付,185.99,3,0.118,497.97,360.85,0.2754,0,0.0,C155569122
O3716624817,2025-01-25,华东,宁波,美妆,彩妆,美-彩-926,私域,微信支付,203.8,1,0.035,196.67,118.02,0.3999,0,0.0,C893294555
O4574142616,2025-01-25,华南,广州,美妆,彩妆,美-彩-599,直播,微信支付,148.85,3,0.104,403.27,212.56,0.4729,0,0.0,C196195601
O4383784614,2025-01-25,华北,太原,数码,智能穿戴,数-智-821,直播,微信支付,113.36,1,0.081,104.18,76.16,0.269,0,0.0,C399799752
O6459559416,2025-01-25,华东,上海,家居,厨具,家-厨-559,信息流广告,微信支付,78.68,3,0.067,220.23,124.47,0.4348,0,0.0,C627038666
O6588759561,2025-01-25,华南,深圳,食品,零食,食-零-670,线下导流,支付宝,58.67,1,0.054,55.94,38.72,0.3078,0,0.0,C394583202
O6137592742,2025-01-25,西南,重庆,美妆,彩妆,美-彩-571,信息流广告,微信支付,199.92,1,0.074,187.32,104.03,0.4446,0,0.0,C965280116
O7644858889,2025-01-25,华东,上海,美妆,香氛,美-香-363,站内推荐,支付宝,183.68,1,0.091,166.97,91.84,0.45,0,0.0,C655286874
O1807742136,2025-01-26,西北,乌鲁木齐,服饰,鞋靴,服-鞋-130,私域,微信支付,153.7,1,0.038,147.86,90.0,0.3913,0,0.0,C710559755
O4014270814,2025-01-26,西南,昆明,美妆,香氛,美-香-491,站内推荐,微信支付,171.33,2,0.069,322.96,176.35,0.454,1,266.62,C969070637
O6369975058,2025-01-26,东北,大连,家居,清洁,家-清-379,信息流广告,支付宝,113.14,3,0.124,296.31,200.13,0.3246,0,0.0,C879514387
O6396196329,2025-01-26,华东,南京,数码,耳机,数-耳-338,站内推荐,微信支付,235.05,4,0.093,852.76,674.32,0.2092,0,0.0,C806125254
O3724847652,2025-01-26,华中,武汉,家居,厨具,家-厨-501,站内推荐,银行卡,88.05,2,0.044,168.35,94.67,0.4377,0,0.0,C929958770
O8293801820,2025-01-26,华东,上海,家居,收纳,家-收-943,线下导流,支付宝,76.81,2,0.054,145.32,84.28,0.42,0,0.0,C510455502
O0712739991,2025-01-26,华南,厦门,食品,零食,食-零-694,信息流广告,支付宝,30.01,2,0.12,53.25,34.15,0.3587,0,0.0,C115472166
O7178197274,2025-01-26,华北,石家庄,服饰,鞋靴,服-鞋-489,信息流广告,支付宝,132.65,1,0.113,117.66,65.62,0.4423,0,0.0,C612780269
O2616861453,2025-01-26,西南,重庆,美妆,护肤,美-护-498,直播,银行卡,176.61,3,0.133,465.04,234.71,0.4953,0,0.0,C478332457
O9027413179,2025-01-26,华东,杭州,家居,收纳,家-收-724,自然搜索,货到付款,109.55,4,0.043,419.36,257.88,0.3851,0,0.0,C128877838
O7932374091,2025-01-26,华东,上海,美妆,彩妆,美-彩-228,信息流广告,微信支付,129.51,2,0.143,221.98,129.62,0.4161,0,0.0,C915364349
O8198466781,2025-01-26,华东,杭州,美妆,彩妆,美-彩-121,站内推荐,微信支付,214.53,4,0.118,756.86,431.49,0.4299,0,0.0,C025861743
O8381976693,2025-01-26,华南,厦门,服饰,上衣,服-上-660,信息流广告,微信支付,120.95,4,0.093,442.42,264.37,0.4024,0,0.0,C191629945
O8098909651,2025-01-27,东北,大连,食品,饮料,食-饮-963,自然搜索,支付宝,57.8,3,0.059,162.59,115.4,0.2902,0,0.0,C439329199
O9446427492,2025-01-27,西南,贵阳,家居,清洁,家-清-563,站内推荐,银行卡,68.66,3,0.07,194.02,124.84,0.3566,0,0.0,C459503823
O1480853170,2025-01-27,华东,上海,美妆,香氛,美-香-299,私域,微信支付,35.0,2,0.13,60.9,37.87,0.3782,0,0.0,C519185078
O7279256594,2025-01-27,西北,银川,家居,厨具,家-厨-485,信息流广告,微信支付,72.33,4,0.088,263.86,150.41,0.43,0,0.0,C218654496
O0851829354,2025-01-27,华中,南昌,数码,智能穿戴,数-智-743,直播,支付宝,230.95,3,0.145,592.39,437.56,0.2614,0,0.0,C415484923
O2834439712,2025-01-27,西南,成都,服饰,上衣,服-上-602,直播,支付宝,131.9,4,0.049,508.2,296.22,0.4171,0,0.0,C026940042
O3184369438,2025-01-27,华东,南京,数码,智能穿戴,数-智-299,直播,银行卡,206.71,1,0.083,189.55,139.17,0.2658,0,0.0,C085026716
O8296934098,2025-01-27,西南,昆明,美妆,护肤,美-护-199,站内推荐,微信支付,212.26,2,0.046,410.2,207.75,0.4935,0,0.0,C206651947
O8756174261,2025-01-27,华东,宁波,服饰,鞋靴,服-鞋-650,私域,支付宝,138.9,4,0.098,501.15,311.54,0.3783,0,0.0,C441930496
O9222512937,2025-01-27,东北,沈阳,美妆,彩妆,美-彩-866,信息流广告,支付宝,114.86,1,0.004,113.99,65.74,0.4233,0,0.0,C296859340
O0613132778,2025-01-27,华南,深圳,数码,智能穿戴,数-智-744,站内推荐,支付宝,187.3,1,0.009,187.21,133.46,0.2871,0,0.0,C200892851
O4760379889,2025-01-27,华南,佛山,美妆,护肤,美-护-371,私域,银行卡,187.17,2,0.093,342.44,189.34,0.4471,0,0.0,C853574872
O6530451763,2025-01-27,华北,太原,数码,配件,数-配-115,自然搜索,微信支付,287.33,2,0.07,534.43,386.65,0.2765,0,0.0,C536160021
O7891268773,2025-01-27,华东,杭州,美妆,护肤,美-护-295,自然搜索,微信支付,149.74,1,0.018,147.04,86.74,0.4101,0,0.0,C303190389
O6264720395,2025-01-27,华北,天津,美妆,彩妆,美-彩-433,直播,支付宝,104.78,2,0.148,178.55,104.29,0.4159,0,0.0,C098571594
O5295540732,2025-01-27,西南,昆明,家居,厨具,家-厨-202,站内推荐,支付宝,76.33,4,0.031,299.66,173.78,0.4201,0,0.0,C716470728
O8203133731,2025-01-28,华北,天津,数码,配件,数-配-604,信息流广告,微信支付,167.55,3,0.11,447.36,334.93,0.2513,0,0.0,C902308371
O7994122823,2025-01-28,华东,杭州,数码,智能穿戴,数-智-778,直播,支付宝,254.38,1,0.074,235.56,192.45,0.183,0,0.0,C816594589
O5985012940,2025-01-28,华中,郑州,美妆,护肤,美-护-677,线下导流,微信支付,116.91,1,0.089,106.51,59.6,0.4404,0,0.0,C595418192
O0640489996,2025-01-28,华南,深圳,美妆,护肤,美-护-832,信息流广告,支付宝,176.09,1,0.088,162.02,108.75,0.3288,0,0.0,C996494115
O2071054390,2025-01-28,华东,上海,服饰,裤装,服-裤-556,自然搜索,微信支付,164.05,4,0.082,602.39,339.18,0.4369,0,0.0,C054804104
O6941184658,2025-01-28,华东,宁波,食品,饮料,食-饮-395,私域,支付宝,71.53,1,0.087,65.31,43.37,0.3359,0,0.0,C217481298
O5723167614,2025-01-28,华东,上海,食品,零食,食-零-370,站内推荐,微信支付,42.83,1,0.033,41.42,28.47,0.3127,0,0.0,C273447784
O9694465335,2025-01-28,华中,郑州,美妆,香氛,美-香-348,线下导流,支付宝,147.77,3,0.072,411.39,220.21,0.4647,0,0.0,C010110081
O5803628912,2025-01-28,东北,长春,美妆,彩妆,美-彩-791,线下导流,微信支付,111.17,3,0.126,290.41,170.55,0.4127,0,0.0,C078611047
O7042404782,2025-01-28,华中,长沙,服饰,裤装,服-裤-529,站内推荐,支付宝,104.86,2,0.079,193.15,123.01,0.3631,0,0.0,C464538697
O2626807847,2025-01-28,华东,杭州,美妆,彩妆,美-彩-119,私域,支付宝,141.47,4,0.059,532.49,280.19,0.4738,0,0.0,C318373363
O3196727509,2025-01-28,华东,上海,家居,收纳,家-收-442,私域,微信支付,91.58,1,0.051,86.91,50.25,0.4218,0,0.0,C984207816
O3947688233,2025-01-29,华东,上海,家居,清洁,家-清-724,线下导流,微信支付,81.08,4,0.051,307.78,186.34,0.3946,0,0.0,C440886382
O6098605807,2025-01-29,西北,银川,家居,清洁,家-清-966,线下导流,微信支付,63.04,2,0.095,114.1,73.17,0.3587,0,0.0,C802797565
O1603478637,2025-01-29,华东,南京,家居,厨具,家-厨-753,直播,微信支付,33.9,1,0.087,30.95,20.02,0.3532,0,0.0,C675633226
O2885144141,2025-01-29,华东,上海,服饰,鞋靴,服-鞋-913,直播,微信支付,162.06,1,0.143,138.89,71.5,0.4852,0,0.0,C647477147
O9249793839,2025-01-29,华中,郑州,食品,速食,食-速-389,自然搜索,微信支付,44.47,1,0.027,43.27,30.63,0.2921,0,0.0,C819675291
O7018919299,2025-01-29,华东,苏州,数码,智能穿戴,数-智-387,直播,微信支付,233.93,4,0.085,856.18,636.39,0.2567,0,0.0,C617136037
O2528753649,2025-01-29,华东,上海,家居,收纳,家-收-569,私域,支付宝,85.33,1,0.05,81.06,52.0,0.3585,0,0.0,C608134299
O2929375004,2025-01-29,华南,广州,美妆,香氛,美-香-127,自然搜索,微信支付,100.31,3,0.026,295.81,161.77,0.4531,0,0.0,C161521353
O5613987040,2025-01-29,华南,广州,美妆,彩妆,美-彩-479,直播,支付宝,104.36,3,0.135,273.31,141.52,0.4822,0,0.0,C383177687
O1925839494,2025-01-29,东北,大连,服饰,裤装,服-裤-528,直播,支付宝,134.63,2,0.114,237.65,137.11,0.4231,0,0.0,C088918389
O2854838936,2025-01-29,华南,深圳,服饰,裤装,服-裤-689,自然搜索,微信支付,178.32,3,0.068,503.19,301.67,0.4005,0,0.0,C772950174
O8347155900,2025-01-29,华北,石家庄,服饰,上衣,服-上-801,自然搜索,微信支付,55.07,3,0.102,148.36,78.6,0.4702,0,0.0,C055523407
O1081883170,2025-01-30,华南,深圳,美妆,彩妆,美-彩-729,信息流广告,微信支付,205.04,1,0.044,197.89,94.73,0.5213,0,0.0,C534894284
O7639332225,2025-01-30,东北,哈尔滨,家居,收纳,家-收-638,私域,微信支付,81.42,2,0.087,148.08,85.4,0.4233,0,0.0,C749440911
O0508063730,2025-01-30,华东,宁波,服饰,上衣,服-上-778,信息流广告,微信支付,180.32,3,0.092,491.19,294.4,0.4006,0,0.0,C970059506
O0697341361,2025-01-30,华北,天津,服饰,上衣,服-上-671,自然搜索,微信支付,147.57,2,0.099,265.92,154.13,0.4204,0,0.0,C424784879
O5049726229,2025-01-30,西南,昆明,美妆,香氛,美-香-649,私域,银行卡,115.51,1,0.105,104.86,65.33,0.377,0,0.0,C094070327
O0442688589,2025-01-30,西南,成都,数码,配件,数-配-892,信息流广告,支付宝,256.1,2,0.078,479.02,354.83,0.2593,0,0.0,C067069289
O7781243724,2025-01-30,华北,石家庄,数码,智能穿戴,数-智-533,自然搜索,支付宝,209.13,4,0.048,796.37,589.56,0.2597,0,0.0,C536754999
O5640655387,2025-01-30,华中,南昌,数码,配件,数-配-752,私域,支付宝,225.12,3,0.09,614.58,427.72,0.304,0,0.0,C101076458
O3355790613,2025-01-30,华北,太原,食品,速食,食-速-382,自然搜索,微信支付,71.74,4,0.073,266.01,179.35,0.3258,0,0.0,C372838951
O1839123978,2025-01-30,华南,广州,数码,智能穿戴,数-智-989,站内推荐,微信支付,141.46,2,0.04,274.2,199.0,0.2743,0,0.0,C576689546
O1255146883,2025-01-30,西南,,美妆,香氛,美-香-775,信息流广告,微信支付,102.57,4,0.053,394.11,224.97,0.4292,0,0.0,C618894377
O7894304928,2025-01-31,华北,石家庄,数码,智能穿戴,数-智-470,站内推荐,微信支付,178.16,1,0.051,169.07,132.37,0.2171,0,0.0,C765701174
O2877269030,2025-01-31,华北,北京,家居,收纳,家-收-777,自然搜索,微信支付,80.23,4,0.043,307.12,183.5,0.4025,0,0.0,C192109472
O9689625863,2025-01-31,东北,长春,数码,智能穿戴,数-智-636,自然搜索,支付宝,144.28,2,0.076,265.53,179.72,0.3232,0,0.0,C113850943
O0046920785,2025-01-31,华北,太原,服饰,裤装,服-裤-417,自然搜索,银行卡,108.42,4,0.061,407.23,194.36,0.5227,0,0.0,C053403909
O5395514647,2025-01-31,华北,太原,数码,耳机,数-耳-413,自然搜索,银行卡,238.42,2,0.071,442.98,295.53,0.3329,0,0.0,C113388452
O8655735512,2025-01-31,西南,昆明,服饰,裤装,服-裤-162,自然搜索,微信支付,103.29,3,0.03,305.03,168.91,0.4463,0,0.0,C014997523
O6900969771,2025-01-31,东北,哈尔滨,服饰,裤装,服-裤-150,站内推荐,支付宝,171.96,1,0.079,157.72,92.9,0.411,0,0.0,C538005995
O9711076157,2025-01-31,西北,兰州,家居,清洁,家-清-452,信息流广告,微信支付,78.61,2,0.07,146.21,88.92,0.3918,0,0.0,C262233423
O0601230074,2025-01-31,华南,厦门,食品,零食,食-零-515,直播,微信支付,54.23,3,0.094,148.85,91.25,0.387,0,0.0,C146721969
O3921680680,2025-01-31,华南,广州,美妆,香氛,美-香-164,站内推荐,货到付款,147.64,3,0.084,409.73,242.95,0.407,0,0.0,C501430828
O5014778125,2025-01-31,华北,石家庄,美妆,彩妆,美-彩-110,信息流广告,支付宝,163.66,4,0.096,591.79,285.41,0.5177,0,0.0,C504818456
O1401489623,2025-01-31,华东,苏州,美妆,护肤,美-护-743,自然搜索,微信支付,102.5,3,0.061,288.74,156.52,0.4579,0,0.0,C615780225
O5693104111,2025-01-31,西北,银川,数码,耳机,数-耳-138,信息流广告,银行卡,174.03,4,0.123,610.5,432.14,0.2922,0,0.0,C214621507
O2251604034,2025-02-01,华东,杭州,家居,清洁,家-清-231,站内推荐,微信支付,70.88,3,0.036,204.98,127.18,0.3795,0,0.0,C331774006
O0760524075,2025-02-01,华中,长沙,家居,清洁,家-清-788,线下导流,微信支付,59.55,2,0.046,113.62,74.41,0.3451,0,0.0,C386615796
O6882835355,2025-02-01,华东,上海,食品,速食,食-速-911,线下导流,支付宝,55.93,2,0.065,104.59,68.14,0.3485,0,0.0,C645645081
O6432378115,2025-02-01,华中,南昌,家居,收纳,家-收-475,自然搜索,支付宝,100.62,4,0.035,388.39,238.56,0.3858,0,0.0,C713001784
O4695266122,2025-02-01,华南,深圳,家居,清洁,家-清-761,站内推荐,支付宝,70.75,2,0.068,133.23,81.92,0.3851,0,0.0,C517196336
O6498647613,2025-02-01,西南,昆明,服饰,上衣,服-上-247,线下导流,支付宝,122.18,3,0.071,345.74,184.81,0.4655,0,0.0,C930896633
O6340173839,2025-02-01,华北,太原,家居,收纳,家-收-534,私域,微信支付,96.8,3,0.075,268.62,173.8,0.353,0,0.0,C115815275
O8951685854,2025-02-01,华南,广州,美妆,彩妆,美-彩-238,自然搜索,微信支付,164.98,2,0.063,312.33,204.4,0.3456,0,0.0,C914169927
O2017669283,2025-02-01,华北,太原,服饰,鞋靴,服-鞋-656,线下导流,货到付款,111.09,2,0.124,194.63,107.55,0.4474,1,158.15,C972255228
O0407933553,2025-02-01,华东,苏州,家居,收纳,家-收-683,自然搜索,支付宝,71.34,1,0.012,70.48,44.29,0.3716,0,0.0,C312577575
O0362379875,2025-02-01,华北,天津,美妆,护肤,美-护-148,信息流广告,微信支付,159.4,2,0.152,270.34,162.53,0.3988,0,0.0,C592966586
O4294109270,2025-02-01,华中,郑州,食品,速食,食-速-138,私域,支付宝,70.35,3,0.061,198.18,133.6,0.3259,0,0.0,C862829540
O7364472148,2025-02-01,华中,长沙,家居,收纳,家-收-975,自然搜索,支付宝,77.87,4,0.065,291.23,175.83,0.3963,0,0.0,C136465884
O7381806867,2025-02-01,华南,广州,美妆,香氛,美-香-476,私域,支付宝,134.34,3,0.067,379.86,196.99,0.4814,0,0.0,C322122721
O5968078758,2025-02-01,华东,苏州,家居,厨具,家-厨-129,站内推荐,微信支付,91.17,3,0.029,265.58,169.88,0.3603,0,0.0,C681648882
O9740124815,2025-02-01,华东,宁波,服饰,上衣,服-上-913,私域,支付宝,119.94,4,0.053,454.33,260.4,0.4268,0,0.0,C306795382
O7948559622,2025-02-02,华东,苏州,家居,清洁,家-清-331,站内推荐,支付宝,76.57,1,0.056,72.28,43.66,0.396,0,0.0,C601074076
O2613150055,2025-02-02,华东,宁波,服饰,上衣,服-上-296,信息流广告,微信支付,101.4,2,0.127,177.04,99.67,0.437,0,0.0,C344748214
O6425243871,2025-02-02,华南,深圳,服饰,上衣,服-上-438,线下导流,支付宝,123.67,4,0.07,464.91,264.28,0.4315,0,0.0,C963510473
O3204912106,2025-02-02,西北,银川,美妆,彩妆,美-彩-742,信息流广告,支付宝,161.27,4,0.027,627.66,354.68,0.4349,0,0.0,C274603404
O8568337991,2025-02-02,华北,天津,美妆,护肤,美-护-675,信息流广告,银行卡,141.89,4,0.094,514.21,317.66,0.3822,0,0.0,C971029756
O8432596777,2025-02-02,东北,沈阳,美妆,护肤,美-护-585,自然搜索,微信支付,215.69,3,0.079,593.33,339.57,0.4277,0,0.0,C473539754
O3750465555,2025-02-02,华南,厦门,数码,耳机,数-耳-762,线下导流,微信支付,129.61,3,0.017,386.25,256.04,0.3371,1,353.34,C362447861
O1749322953,2025-02-02,华南,深圳,数码,耳机,数-耳-281,自然搜索,微信支付,210.74,1,0.079,196.14,146.32,0.254,0,0.0,C651711742
O2068255698,2025-02-02,西南,成都,数码,智能穿戴,数-智-901,自然搜索,支付宝,166.76,4,0.044,647.78,468.14,0.2773,0,0.0,C390911114
O2637879505,2025-02-02,西南,成都,家居,收纳,家-收-771,站内推荐,微信支付,103.48,3,0.011,311.88,200.95,0.3557,0,0.0,C472646432
O2058733528,2025-02-02,华东,宁波,家居,厨具,家-厨-410,信息流广告,支付宝,82.53,1,0.103,74.03,46.18,0.3762,0,0.0,C220608910
O9963194377,2025-02-02,华东,南京,服饰,鞋靴,服-鞋-443,线下导流,微信支付,136.81,2,0.043,261.85,167.83,0.3591,0,0.0,C888112658
O4071282536,2025-02-02,华东,宁波,食品,速食,食-速-408,私域,支付宝,35.12,4,0.059,132.19,83.83,0.3658,0,0.0,C448558487
O7083302467,2025-02-02,华南,厦门,家居,收纳,家-收-669,直播,支付宝,75.5,2,0.096,137.94,90.17,0.3463,0,0.0,C513765559
O7267800452,2025-02-02,华南,厦门,美妆,香氛,美-香-800,站内推荐,支付宝,165.41,3,0.049,476.89,230.6,0.5165,0,0.0,C629165161
O8253897872,2025-02-02,华北,北京,食品,零食,食-零-298,信息流广告,支付宝,31.37,4,0.114,111.18,73.51,0.3388,0,0.0,C953172606
O1826149627,2025-02-02,西南,昆明,美妆,彩妆,美-彩-883,自然搜索,支付宝,227.12,4,0.092,837.95,475.24,0.4329,0,0.0,C529950459
O2299262020,2025-02-02,华东,南京,服饰,上衣,服-上-558,自然搜索,货到付款,107.0,2,0.121,188.11,115.28,0.3872,0,0.0,C871525888
O2433387215,2025-02-02,华东,杭州,服饰,裤装,服-裤-893,自然搜索,支付宝,120.27,1,0.073,111.49,65.81,0.4097,1,101.45,C673414633
O0116854215,2025-02-02,华中,郑州,美妆,香氛,美-香-139,私域,微信支付,212.28,2,0.085,388.47,235.83,0.3929,0,0.0,C174302074
O7996129055,2025-02-02,西北,银川,家居,收纳,家-收-899,信息流广告,支付宝,52.4,2,0.095,94.84,59.18,0.376,0,0.0,C882569519
O3467190233,2025-02-03,华东,上海,食品,零食,食-零-496,自然搜索,微信支付,50.1,1,0.1,45.09,31.76,0.2956,0,0.0,C334783260
O4528529831,2025-02-03,华北,天津,美妆,护肤,美-护-562,直播,支付宝,146.07,3,0.102,393.51,205.4,0.478,0,0.0,C234897811
O0858808086,2025-02-03,华北,北京,美妆,香氛,美-香-893,自然搜索,支付宝,147.59,2,0.045,281.9,143.64,0.4905,0,0.0,C841118521
O6431118438,2025-02-03,西南,成都,服饰,鞋靴,服-鞋-454,自然搜索,微信支付,116.92,2,0.061,223.16,141.0,0.3682,0,0.0,C823486523
O8932827186,2025-02-03,西南,贵阳,服饰,鞋靴,服-鞋-960,站内推荐,微信支付,162.01,2,0.057,310.54,183.14,0.4103,0,0.0,C546332187
O0719160868,2025-02-03,华北,天津,家居,清洁,家-清-197,直播,支付宝,41.95,3,0.152,106.72,69.11,0.3524,0,0.0,C986806939
O2811036242,2025-02-03,华北,天津,美妆,护肤,美-护-459,站内推荐,支付宝,144.49,4,0.099,520.74,315.61,0.3939,0,0.0,C802584052
O3817592207,2025-02-03,东北,大连,服饰,裤装,服-裤-964,私域,微信支付,130.52,4,0.038,499.96,282.94,0.4341,0,0.0,C804779799
O5346943753,2025-02-03,华南,广州,数码,智能穿戴,数-智-776,站内推荐,微信支付,232.63,3,0.087,644.11,478.57,0.257,0,0.0,C451061572
O7743090905,2025-02-03,华东,杭州,家居,厨具,家-厨-470,站内推荐,微信支付,48.47,1,0.104,43.43,29.25,0.3265,0,0.0,C148551935
O7156471395,2025-02-03,华北,石家庄,服饰,上衣,服-上-257,线下导流,微信支付,107.92,2,0.026,210.23,108.8,0.4825,0,0.0,C115901321
O1421737432,2025-02-03,华中,长沙,美妆,香氛,美-香-106,直播,支付宝,159.13,4,0.093,577.32,290.38,0.497,0,0.0,C629484444
O0462790128,2025-02-03,东北,长春,家居,收纳,家-收-721,自然搜索,支付宝,93.25,1,0.041,89.02,55.02,0.3819,0,0.0,C145101059
O9607772297,2025-02-03,华东,杭州,食品,饮料,食-饮-516,自然搜索,支付宝,38.56,1,0.109,34.36,23.29,0.3222,0,0.0,C103638598
O5805790783,2025-02-03,华中,长沙,数码,耳机,数-耳-977,直播,支付宝,199.09,4,0.097,719.11,544.03,0.2435,0,0.0,C746318218
O5850107747,2025-02-03,华北,太原,服饰,裤装,服-裤-564,站内推荐,支付宝,110.17,3,0.0,330.51,186.6,0.4354,0,0.0,C576463792
O1902585127,2025-02-04,华东,杭州,数码,配件,数-配-445,信息流广告,支付宝,197.55,1,0.03,191.62,140.58,0.2664,0,0.0,C505402970
O8867414977,2025-02-04,华北,北京,美妆,护肤,美-护-141,自然搜索,支付宝,128.46,3,0.036,371.51,188.03,0.4939,0,0.0,C356686226
O6619199589,2025-02-04,东北,长春,食品,饮料,食-饮-125,信息流广告,支付宝,60.78,2,0.089,110.22,63.64,0.4226,0,0.0,C575536212
O5620981615,2025-02-04,华东,上海,数码,智能穿戴,数-智-305,站内推荐,银行卡,180.45,4,0.07,671.27,537.41,0.1994,0,0.0,C375464057
O2615194290,2025-02-04,华东,上海,数码,耳机,数-耳-959,自然搜索,微信支付,205.67,2,0.033,397.77,297.51,0.2521,0,0.0,C756284442
O8719868272,2025-02-04,华北,天津,数码,配件,数-配-201,自然搜索,支付宝,140.73,4,0.094,510.01,369.06,0.2764,0,0.0,C697278877
O4953828433,2025-02-04,西南,成都,服饰,鞋靴,服-鞋-405,直播,支付宝,102.28,1,0.145,88.92,50.71,0.4297,0,0.0,C065660856
O2703624629,2025-02-04,西南,,食品,饮料,食-饮-915,私域,微信支付,39.26,4,0.116,141.16,94.22,0.3325,0,0.0,C894397718
O1316400451,2025-02-04,华中,南昌,家居,收纳,家-收-678,信息流广告,支付宝,73.68,4,0.147,251.4,140.64,0.4406,0,0.0,C364131983
O2191544130,2025-02-04,西南,成都,数码,智能穿戴,数-智-311,信息流广告,支付宝,197.01,4,,780.46,570.69,0.2688,0,0.0,C914213949
O2123081422,2025-02-04,华南,佛山,美妆,彩妆,美-彩-629,信息流广告,支付宝,125.07,4,0.106,452.26,256.22,0.4335,0,0.0,C099118401
O2456226108,2025-02-04,华北,天津,数码,耳机,数-耳-580,自然搜索,微信支付,222.73,2,0.075,412.05,284.08,0.3106,1,329.6,C217518266
O5182918368,2025-02-04,西南,昆明,家居,收纳,家-收-327,直播,银行卡,92.08,2,0.085,171.34,106.81,0.3766,0,0.0,C139115099
O6636592011,2025-02-04,华中,武汉,美妆,香氛,美-香-460,信息流广告,微信支付,118.86,2,0.101,213.71,114.88,0.4624,0,0.0,C611374228
O5688055292,2025-02-04,华南,佛山,美妆,彩妆,美-彩-394,私域,支付宝,131.45,3,0.01,394.78,205.08,0.4805,0,0.0,C816751168
O9018941126,2025-02-04,华中,郑州,家居,清洁,家-清-282,直播,支付宝,110.19,4,0.132,382.58,230.9,0.3965,0,0.0,C068199213
O2710602743,2025-02-04,华南,佛山,美妆,护肤,美-护-151,线下导流,货到付款,182.09,1,0.036,177.5,99.71,0.4383,0,0.0,C269734112
O9421332962,2025-02-04,华中,长沙,数码,耳机,数-耳-156,直播,货到付款,222.62,2,0.068,414.96,319.5,0.23,0,0.0,C675994427
O4356961094,2025-02-04,西南,成都,家居,清洁,家-清-630,自然搜索,支付宝,82.63,3,0.052,238.95,172.41,0.2785,0,0.0,C221176506
O4366597299,2025-02-04,华南,佛山,数码,配件,数-配-927,站内推荐,货到付款,95.04,1,0.049,91.4,71.58,0.2168,1,80.73,C026875308
O5101370441,2025-02-04,华南,佛山,食品,零食,食-零-355,站内推荐,支付宝,56.31,4,0.025,222.07,148.1,0.3331,0,0.0,C021796778
O1319605991,2025-02-04,华南,深圳,美妆,彩妆,美-彩-338,信息流广告,微信支付,161.89,1,0.118,144.39,88.58,0.3865,0,0.0,C497537559
O2580112110,2025-02-04,华北,北京,食品,速食,食-速-399,自然搜索,微信支付,22.68,4,0.038,87.27,54.47,0.3758,0,0.0,C371391957
O6520008235,2025-02-04,华南,广州,数码,配件,数-配-103,自然搜索,支付宝,90.66,3,0.104,246.43,191.35,0.2235,0,0.0,C065710730
O9226106502,2025-02-04,华北,太原,家居,厨具,家-厨-772,线下导流,支付宝,97.55,1,0.055,92.18,59.06,0.3593,0,0.0,C166708298
O6333906956,2025-02-05,西南,重庆,家居,收纳,家-收-913,直播,微信支付,66.05,4,0.098,242.43,158.28,0.3471,0,0.0,C556978578
O8934710464,2025-02-05,华中,郑州,家居,清洁,家-清-727,直播,支付宝,105.86,3,0.091,288.68,198.73,0.3116,0,0.0,C259243263
O3245831352,2025-02-05,西南,昆明,数码,配件,数-配-402,信息流广告,银行卡,244.52,3,0.103,669.39,502.2,0.2498,0,0.0,C329575028
O5620736136,2025-02-05,西南,贵阳,数码,智能穿戴,数-智-324,直播,微信支付,197.22,1,0.083,183.98,137.1,0.2548,0,0.0,C137731056
O6797548820,2025-02-05,华东,南京,家居,清洁,家-清-377,自然搜索,微信支付,104.56,1,0.033,101.11,67.64,0.331,0,0.0,C829096308
O3737987315,2025-02-05,华东,苏州,数码,配件,数-配-699,自然搜索,支付宝,207.14,3,0.111,552.44,393.04,0.2885,0,0.0,C158195070
O2510519932,2025-02-05,西南,昆明,家居,清洁,家-清-784,信息流广告,支付宝,78.52,4,0.076,295.23,155.12,0.4746,0,0.0,C528141814
O6835125192,2025-02-05,华南,深圳,家居,收纳,家-收-419,自然搜索,支付宝,99.11,3,0.07,279.71,155.12,0.4454,0,0.0,C170316814
O9642127434,2025-02-05,华南,广州,服饰,上衣,服-上-612,站内推荐,银行卡,121.36,3,0.066,343.97,204.59,0.4052,0,0.0,C383456306
O3199467025,2025-02-05,西南,昆明,家居,清洁,家-清-182,直播,微信支付,67.77,4,0.118,243.23,164.13,0.3252,1,230.92,C530967454
O3845744484,2025-02-05,西北,兰州,服饰,上衣,服-上-562,站内推荐,微信支付,143.19,4,0.11,509.76,280.12,0.4505,0,0.0,C356987743
O9958893682,2025-02-05,西南,昆明,家居,收纳,家-收-483,自然搜索,银行卡,53.13,4,0.046,206.25,137.81,0.3318,0,0.0,C233791395
O9302481881,2025-02-05,华中,武汉,服饰,裤装,服-裤-855,站内推荐,微信支付,150.43,3,0.029,438.2,242.08,0.4476,0,0.0,C249793995
O8393726274,2025-02-05,华南,深圳,美妆,香氛,美-香-340,自然搜索,微信支付,158.1,4,0.004,637.14,346.55,0.4561,1,524.44,C023425973
O8797754936,2025-02-05,华东,苏州,家居,厨具,家-厨-848,线下导流,支付宝,68.87,2,0.063,129.06,79.16,0.3866,0,0.0,C243287702
O2284756669,2025-02-05,西南,贵阳,服饰,裤装,服-裤-987,站内推荐,支付宝,125.47,2,0.009,252.99,146.49,0.421,0,0.0,C731833155
O2495813109,2025-02-06,西南,贵阳,食品,速食,食-速-832,线下导流,支付宝,72.63,2,0.045,141.19,96.97,0.3132,0,0.0,C533219131
O0674057403,2025-02-06,华东,杭州,数码,配件,数-配-606,线下导流,微信支付,92.0,2,0.062,172.59,129.14,0.2518,0,0.0,C925374355
O7253996506,2025-02-06,华东,南京,数码,智能穿戴,数-智-438,自然搜索,支付宝,213.43,4,0.101,767.49,606.29,0.21,0,0.0,C327027955
O8924544214,2025-02-06,华东,南京,食品,零食,食-零-635,信息流广告,支付宝,63.18,4,0.087,230.73,163.73,0.2904,0,0.0,C005850863
O5381928552,2025-02-06,华北,天津,数码,耳机,数-耳-459,线下导流,银行卡,212.44,2,0.03,412.13,277.64,0.3263,0,0.0,C764454902
O0852442990,2025-02-06,华中,长沙,家居,清洁,家-清-949,直播,银行卡,65.29,3,0.094,177.46,116.01,0.3463,0,0.0,C947757684
O8772812865,2025-02-06,东北,长春,服饰,裤装,服-裤-661,自然搜索,微信支付,163.7,3,0.089,445.18,241.09,0.4584,0,0.0,C592248578
O8798301737,2025-02-06,华北,天津,服饰,上衣,服-上-773,信息流广告,支付宝,96.34,4,0.114,341.43,193.93,0.432,0,0.0,C485927512
O9276590926,2025-02-06,东北,大连,服饰,裤装,服-裤-584,自然搜索,支付宝,125.46,3,0.062,351.3,187.62,0.4659,0,0.0,C323581687
O1389623752,2025-02-06,华东,杭州,数码,智能穿戴,数-智-327,直播,支付宝,227.84,4,0.057,859.41,643.07,0.2517,0,0.0,C214459653
O8170297500,2025-02-06,华东,苏州,家居,收纳,家-收-160,信息流广告,支付宝,103.64,3,0.039,298.79,169.28,0.4334,1,233.01,C979808464
O2569985819,2025-02-06,华中,南昌,服饰,裤装,服-裤-549,站内推荐,微信支付,111.45,1,0.102,100.08,59.49,0.4056,0,0.0,C249786619
O7484435284,2025-02-06,华南,厦门,数码,耳机,数-耳-261,自然搜索,支付宝,192.75,3,0.083,536.55,372.38,0.306,0,0.0,C408411370
O9360612824,2025-02-06,华北,天津,服饰,鞋靴,服-鞋-401,线下导流,货到付款,121.26,3,0.046,347.05,198.82,0.4271,0,0.0,C994026379
O8914206806,2025-02-06,华北,石家庄,服饰,鞋靴,服-鞋-719,直播,支付宝,138.1,4,0.096,499.37,254.24,0.4909,0,0.0,C080414458
O8908200755,2025-02-06,华南,佛山,服饰,裤装,服-裤-749,信息流广告,支付宝,145.38,2,0.098,265.38,152.73,0.4245,0,0.0,C800967515
O1996986838,2025-02-06,华东,宁波,数码,智能穿戴,数-智-242,站内推荐,银行卡,246.78,4,0.057,930.85,671.25,0.2789,0,0.0,C961215482
O4493806664,2025-02-06,华北,北京,服饰,鞋靴,服-鞋-952,站内推荐,微信支付,146.48,3,0.017,431.97,259.82,0.3985,0,0.0,C645867925
O1866326031,2025-02-06,华东,苏州,家居,清洁,家-清-742,私域,银行卡,88.49,2,0.109,157.69,102.21,0.3518,0,0.0,C000979095
O7141832693,2025-02-06,华中,长沙,数码,配件,数-配-542,直播,支付宝,216.39,1,0.09,196.91,138.3,0.2976,0,0.0,C764818409
O7676626077,2025-02-06,华东,苏州,美妆,香氛,美-香-434,站内推荐,微信支付,73.48,4,0.06,276.28,157.07,0.4315,0,0.0,C709405547
O9641626389,2025-02-07,华东,苏州,数码,耳机,数-耳-914,站内推荐,支付宝,271.88,3,0.094,738.97,529.58,0.2834,0,0.0,C239051401
O0364138837,2025-02-07,华中,长沙,数码,智能穿戴,数-智-854,私域,支付宝,169.5,4,0.043,648.85,519.73,0.199,0,0.0,C097074828
O1686674066,2025-02-07,华南,广州,食品,饮料,食-饮-271,私域,微信支付,37.05,1,0.0,37.5,23.86,0.3637,0,0.0,C893909166
O0095669682,2025-02-07,华北,石家庄,服饰,上衣,服-上-650,站内推荐,支付宝,168.71,2,0.103,302.67,181.26,0.4011,0,0.0,C261122075
O7810957550,2025-02-07,华南,佛山,服饰,鞋靴,服-鞋-390,线下导流,货到付款,108.83,2,0.053,208.64,118.24,0.4333,0,0.0,C204082700
O0074705062,2025-02-07,华中,长沙,服饰,鞋靴,服-鞋-705,自然搜索,银行卡,85.81,3,0.054,243.53,143.02,0.4127,0,0.0,C102990953
O3446474337,2025-02-07,华东,上海,服饰,上衣,服-上-226,自然搜索,微信支付,116.43,1,0.093,105.6,59.4,0.4375,0,0.0,C123614694
O6351998787,2025-02-07,华中,南昌,食品,零食,食-零-222,信息流广告,微信支付,36.34,1,0.098,32.78,19.62,0.4015,0,0.0,C225477970
O8509378911,2025-02-07,华南,厦门,数码,智能穿戴,数-智-493,信息流广告,支付宝,171.34,4,0.046,661.81,505.18,0.2367,0,0.0,C678517646
O1174647212,2025-02-07,华东,杭州,美妆,香氛,美-香-832,站内推荐,银行卡,146.46,4,0.054,554.2,278.44,0.4976,0,0.0,C902383896
O5634671510,2025-02-07,华北,石家庄,数码,耳机,数-耳-860,自然搜索,支付宝,110.83,3,0.107,296.91,230.29,0.2244,0,0.0,C642098910
O4583759474,2025-02-07,华南,深圳,家居,清洁,家-清-584,自然搜索,支付宝,95.18,2,0.039,185.17,109.61,0.4081,0,0.0,C339828517
O1569165500,2025-02-07,华中,长沙,家居,厨具,家-厨-789,私域,微信支付,69.36,3,0.072,193.1,116.26,0.3979,0,0.0,C616083434
O9588227860,2025-02-07,西南,昆明,家居,厨具,家-厨-640,站内推荐,微信支付,64.7,2,0.043,126.1,75.89,0.3982,1,92.49,C177854179
O5746158735,2025-02-07,华北,天津,家居,厨具,家-厨-955,站内推荐,微信支付,56.62,1,0.069,52.71,28.31,0.4629,0,0.0,C698873344
O3838515326,2025-02-07,东北,哈尔滨,家居,收纳,家-收-346,线下导流,银行卡,77.82,3,0.072,215.55,132.11,0.3871,1,165.78,C298709471
O8085866578,2025-02-07,华南,厦门,美妆,护肤,美-护-506,私域,支付宝,120.59,2,0.08,224.59,125.16,0.4427,0,0.0,C510448080
O8963006621,2025-02-07,华北,天津,美妆,护肤,美-护-800,直播,支付宝,202.41,3,0.104,544.08,263.23,0.5162,0,0.0,C066378520
O2523804553,2025-02-08,华北,天津,食品,零食,食-零-532,自然搜索,微信支付,71.18,2,0.029,138.23,85.06,0.3846,0,0.0,C392437880
O5951030448,2025-02-08,华南,深圳,食品,速食,食-速-481,信息流广告,微信支付,60.09,4,0.08,223.9,148.59,0.3364,0,0.0,C326600172
O1272646236,2025-02-08,华南,,家居,收纳,家-收-860,站内推荐,微信支付,110.44,3,0.047,319.7,185.88,0.4186,0,0.0,C139151715
O5641067203,2025-02-08,华东,南京,服饰,上衣,服-上-368,私域,微信支付,105.59,3,0.083,290.48,157.65,0.4573,0,0.0,C750117746
O2001803668,2025-02-08,华北,天津,食品,速食,食-速-606,信息流广告,支付宝,77.48,2,0.07,144.11,101.44,0.2961,0,0.0,C942083837
O6671248648,2025-02-08,西南,昆明,家居,收纳,家-收-477,直播,支付宝,80.98,4,0.167,274.9,171.14,0.3774,0,0.0,C487130201
O5005807702,2025-02-08,西南,重庆,美妆,彩妆,美-彩-579,信息流广告,支付宝,174.68,2,0.052,337.42,199.81,0.4078,0,0.0,C051906712
O8038173486,2025-02-08,华南,佛山,家居,清洁,家-清-537,站内推荐,支付宝,95.52,2,0.019,189.76,119.32,0.3712,0,0.0,C202418059
O8047837528,2025-02-08,华北,北京,美妆,香氛,美-香-234,线下导流,支付宝,147.91,2,0.027,287.83,147.43,0.4878,0,0.0,C462047397
O3270815919,2025-02-08,华中,郑州,美妆,香氛,美-香-874,私域,支付宝,95.99,1,0.074,88.89,50.1,0.4364,0,0.0,C378238113
O2794987338,2025-02-08,华中,郑州,家居,清洁,家-清-910,直播,支付宝,73.93,2,0.123,129.67,81.66,0.3702,0,0.0,C407398199
O2928810787,2025-02-08,西南,贵阳,美妆,彩妆,美-彩-736,站内推荐,微信支付,89.92,2,0.096,165.63,92.13,0.4438,0,0.0,C063987438
O9555087818,2025-02-08,华东,上海,服饰,裤装,服-裤-250,信息流广告,微信支付,139.57,4,0.084,511.38,320.43,0.3734,0,0.0,C389891325
O6918615460,2025-02-08,华北,太原,家居,清洁,家-清-552,私域,支付宝,47.96,1,0.066,44.79,26.12,0.4168,0,0.0,C567767073
O1682675519,2025-02-08,华北,太原,美妆,护肤,美-护-670,自然搜索,微信支付,193.22,2,0.052,366.35,195.38,0.4667,0,0.0,C979668022
O4739969508,2025-02-08,华南,厦门,美妆,彩妆,美-彩-121,直播,微信支付,175.23,3,0.154,450.31,257.61,0.4279,0,0.0,C500796434
O3760477565,2025-02-08,华南,深圳,家居,清洁,家-清-347,直播,支付宝,49.81,4,0.121,177.33,112.38,0.3663,0,0.0,C256062073
O4502918925,2025-02-08,华北,天津,食品,饮料,食-饮-141,自然搜索,支付宝,41.5,1,0.032,40.17,25.84,0.3567,0,0.0,C577039326
O3624767348,2025-02-08,华东,苏州,数码,耳机,数-耳-196,直播,微信支付,81.59,3,0.079,225.43,157.12,0.303,0,0.0,C808892501
O7912023739,2025-02-08,华东,南京,数码,耳机,数-耳-821,线下导流,微信支付,219.35,3,0.094,596.19,427.72,0.2826,0,0.0,C355878910
O3722860632,2025-02-08,华东,南京,家居,清洁,家-清-967,站内推荐,支付宝,106.48,2,0.048,202.74,118.23,0.4168,0,0.0,C448427506
O5782245902,2025-02-08,华东,南京,服饰,鞋靴,服-鞋-711,信息流广告,微信支付,136.46,4,0.12,480.34,284.8,0.4071,0,0.0,C966263702
O2781888261,2025-02-08,华北,太原,家居,厨具,家-厨-418,线下导流,微信支付,85.56,4,0.037,329.58,197.95,0.3994,0,0.0,C104711218
O2934700169,2025-02-08,华南,深圳,食品,零食,食-零-537,自然搜索,支付宝,43.37,3,0.016,129.63,94.37,0.272,0,0.0,C688211768
O4497905705,2025-02-09,西北,银川,家居,厨具,家-厨-769,自然搜索,支付宝,63.37,4,0.09,230.67,146.07,0.3668,0,0.0,C096151816
O8123578534,2025-02-09,西北,西安,家居,厨具,家-厨-280,信息流广告,微信支付,114.21,3,0.066,320.02,196.33,0.3865,0,0.0,C734754720
O3592484640,2025-02-09,华南,广州,美妆,护肤,美-护-346,自然搜索,支付宝,136.96,3,0.081,382.45,195.21,0.4896,0,0.0,C250290265
O9247201759,2025-02-09,东北,沈阳,服饰,上衣,服-上-288,自然搜索,支付宝,114.49,1,0.053,107.84,55.44,0.4859,0,0.0,C817007490
O6582521840,2025-02-09,华南,佛山,数码,配件,数-配-904,站内推荐,银行卡,290.58,4,0.057,1110.16,867.92,0.2182,0,0.0,C896387239
O2325611642,2025-02-09,华东,宁波,数码,智能穿戴,数-智-879,私域,微信支付,212.81,4,0.074,788.25,539.02,0.3162,0,0.0,C208853239
O5271133109,2025-02-09,华中,长沙,食品,零食,食-零-991,信息流广告,微信支付,57.06,2,0.072,105.9,66.35,0.3735,0,0.0,C670737422
O0084700072,2025-02-09,华南,深圳,美妆,护肤,美-护-397,自然搜索,微信支付,174.84,1,0.043,169.47,94.52,0.4423,0,0.0,C796997862
O9345743932,2025-02-09,华南,广州,服饰,裤装,服-裤-548,信息流广告,支付宝,170.19,4,0.125,603.32,375.31,0.3779,0,0.0,C335618216
O3205820112,2025-02-09,东北,沈阳,美妆,彩妆,美-彩-411,站内推荐,支付宝,193.71,3,0.087,527.73,298.46,0.4344,0,0.0,C162546658
O0158310633,2025-02-09,华北,天津,数码,智能穿戴,数-智-945,信息流广告,微信支付,296.77,4,0.138,1023.26,723.71,0.2927,0,0.0,C283770288
O3819749561,2025-02-09,华南,广州,美妆,护肤,美-护-745,自然搜索,支付宝,94.7,1,0.102,86.13,43.09,0.4997,0,0.0,C153907689
O0136763407,2025-02-09,华南,厦门,数码,耳机,数-耳-324,信息流广告,微信支付,150.03,3,0.09,414.85,321.06,0.2261,0,0.0,C354219191
O5358872459,2025-02-09,东北,沈阳,美妆,彩妆,美-彩-195,站内推荐,微信支付,172.69,3,0.029,500.35,301.71,0.397,0,0.0,C397677663
O0649557857,2025-02-09,华北,太原,美妆,彩妆,美-彩-466,信息流广告,支付宝,64.31,3,0.118,170.16,101.7,0.4023,0,0.0,C857330628
O3461108065,2025-02-09,华南,佛山,美妆,彩妆,美-彩-557,自然搜索,支付宝,183.9,2,0.028,362.1,219.01,0.3952,0,0.0,C152516705
O6286905584,2025-02-09,华东,苏州,服饰,裤装,服-裤-713,自然搜索,微信支付,116.95,3,0.113,311.2,160.09,0.4856,0,0.0,C928592255
O6242357206,2025-02-09,华南,深圳,服饰,鞋靴,服-鞋-128,线下导流,支付宝,128.88,4,0.095,472.54,297.95,0.3695,0,0.0,C564767743
O1044434048,2025-02-10,华北,石家庄,家居,清洁,家-清-484,线下导流,支付宝,79.73,4,0.082,292.77,195.81,0.3312,0,0.0,C117527365
O3291539261,2025-02-10,华北,北京,美妆,彩妆,美-彩-868,站内推荐,微信支付,184.84,4,0.0,739.36,418.78,0.4336,0,0.0,C147265932
O8736045008,2025-02-10,华南,深圳,家居,厨具,家-厨-869,自然搜索,支付宝,83.13,3,0.075,233.73,135.92,0.4185,0,0.0,C215299838
O4113939832,2025-02-10,西北,兰州,家居,厨具,家-厨-244,私域,支付宝,73.64,3,0.058,208.11,131.29,0.3691,0,0.0,C876913609
O0466084018,2025-02-10,华南,深圳,食品,零食,食-零-132,站内推荐,支付宝,55.79,2,0.118,99.71,63.65,0.3616,0,0.0,C973922735
O5510465856,2025-02-10,东北,长春,食品,零食,食-零-474,站内推荐,支付宝,45.41,2,0.037,86.98,55.53,0.3616,0,0.0,C786506135
O5027722229,2025-02-10,西南,重庆,数码,智能穿戴,数-智-454,直播,支付宝,239.8,1,0.105,218.87,168.51,0.2301,0,0.0,C634553924
O9291513502,2025-02-10,华中,武汉,服饰,上衣,服-上-747,站内推荐,微信支付,129.27,3,0.09,352.91,219.07,0.3792,0,0.0,C504621470
O4007002967,2025-02-10,西北,兰州,服饰,上衣,服-上-451,私域,支付宝,92.37,4,0.039,355.07,197.79,0.443,0,0.0,C652459878
O1443460771,2025-02-10,华中,南昌,家居,清洁,家-清-149,站内推荐,支付宝,83.83,2,0.021,164.14,111.6,0.3201,0,0.0,C753452663
O1118791695,2025-02-10,华北,石家庄,食品,饮料,食-饮-441,私域,微信支付,40.53,3,0.104,108.94,68.67,0.3697,1,97.36,C760420590
O9971017390,2025-02-10,华南,广州,家居,收纳,家-收-992,信息流广告,银行卡,65.58,2,0.052,125.98,76.87,0.3898,0,0.0,C328148996
O7638999697,2025-02-10,华东,南京,家居,清洁,家-清-707,信息流广告,微信支付,93.58,2,0.03,181.55,123.32,0.3207,0,0.0,C209482385
O9181141002,2025-02-10,华北,石家庄,食品,饮料,食-饮-179,信息流广告,微信支付,81.79,3,0.087,224.02,141.92,0.3665,0,0.0,C401637809
O2920383281,2025-02-10,华中,长沙,服饰,上衣,服-上-133,直播,支付宝,128.84,1,0.144,110.29,64.62,0.4141,0,0.0,C183047702
O6236019158,2025-02-11,华北,石家庄,食品,零食,食-零-839,自然搜索,支付宝,47.58,4,0.057,179.47,128.97,0.2814,0,0.0,C721749602
O6224182716,2025-02-11,西南,昆明,家居,收纳,家-收-725,信息流广告,支付宝,83.59,1,0.092,77.44,45.3,0.415,0,0.0,C224117356
O5944506340,2025-02-11,西北,乌鲁木齐,数码,耳机,数-耳-819,自然搜索,微信支付,269.99,2,0.039,518.92,375.94,0.2755,0,0.0,C830795092
O3135649569,2025-02-11,西南,重庆,数码,耳机,数-耳-874,站内推荐,支付宝,238.36,1,0.085,222.52,175.67,0.2105,0,0.0,C932754669
O9671205627,2025-02-11,华东,杭州,家居,厨具,家-厨-191,信息流广告,支付宝,65.42,4,0.104,234.47,155.02,0.3388,0,0.0,C086673971
O3891731258,2025-02-11,西南,重庆,服饰,鞋靴,服-鞋-702,私域,微信支付,84.38,4,0.12,303.04,175.97,0.4193,0,0.0,C622375000
O7346957549,2025-02-11,华北,太原,家居,收纳,家-收-343,直播,微信支付,81.68,1,0.065,76.37,48.27,0.3679,0,0.0,C938475784
O8424131694,2025-02-11,华北,太原,服饰,上衣,服-上-505,线下导流,支付宝,96.48,2,0.072,179.07,110.43,0.3833,1,110.34,C008321609
O7990190495,2025-02-11,西南,成都,美妆,护肤,美-护-874,信息流广告,支付宝,130.85,2,0.093,242.17,134.91,0.4429,0,0.0,C303505439
O6815974930,2025-02-11,西南,昆明,数码,智能穿戴,数-智-109,信息流广告,微信支付,312.73,2,0.104,571.77,441.81,0.2273,0,0.0,C740209891
O1406883616,2025-02-11,华南,佛山,食品,饮料,食-饮-126,私域,支付宝,37.79,4,0.057,144.47,94.29,0.3473,0,0.0,C497087221
O6162519364,2025-02-11,东北,哈尔滨,数码,智能穿戴,数-智-960,站内推荐,支付宝,125.84,1,0.023,122.25,92.61,0.2425,0,0.0,C540862083
O6999770542,2025-02-12,西北,银川,家居,收纳,家-收-320,自然搜索,微信支付,72.21,2,0.034,139.51,69.18,0.5041,0,0.0,C029971616
O7941126099,2025-02-12,华南,深圳,食品,速食,食-速-118,自然搜索,微信支付,35.67,3,0.074,100.46,68.19,0.3212,0,0.0,C175475351
O5764077955,2025-02-12,华东,杭州,数码,智能穿戴,数-智-322,站内推荐,银行卡,219.87,3,0.017,648.4,467.24,0.2794,0,0.0,C240577686
O3852399198,2025-02-12,华南,厦门,服饰,裤装,服-裤-802,直播,支付宝,125.8,1,0.061,119.76,65.94,0.4494,0,0.0,C615419603
O5905308917,2025-02-12,华北,太原,家居,厨具,家-厨-956,私域,支付宝,80.93,1,0.057,76.32,47.88,0.3726,0,0.0,C774300151
O3691980869,2025-02-12,华北,天津,美妆,护肤,美-护-453,私域,银行卡,202.53,4,0.023,791.49,419.6,0.4699,0,0.0,C290046123
O0843530355,2025-02-12,华东,上海,食品,饮料,食-饮-714,私域,微信支付,29.98,1,0.049,28.51,18.01,0.3683,0,0.0,C372629654
O8715549929,2025-02-12,华南,佛山,食品,零食,食-零-318,自然搜索,支付宝,47.51,1,0.097,43.5,31.39,0.2784,0,0.0,C873758794
O4041546211,2025-02-12,西北,西安,美妆,彩妆,美-彩-632,私域,微信支付,123.09,1,0.047,117.3,57.79,0.5073,0,0.0,C002862977
O3024385913,2025-02-12,西南,贵阳,家居,收纳,家-收-369,自然搜索,支付宝,78.89,4,0.054,304.72,202.23,0.3363,1,258.6,C009462086
O5609465440,2025-02-12,华南,厦门,美妆,护肤,美-护-406,自然搜索,微信支付,148.75,2,0.028,293.17,165.13,0.4367,0,0.0,C233268896
O0453026316,2025-02-12,西南,成都,家居,厨具,家-厨-482,信息流广告,微信支付,72.57,2,0.047,141.19,78.1,0.4468,0,0.0,C649809049
O5140253035,2025-02-12,华东,宁波,数码,耳机,数-耳-474,直播,微信支付,213.11,2,0.112,378.48,273.72,0.2768,0,0.0,C714111796
O6487518331,2025-02-12,东北,大连,服饰,裤装,服-裤-542,直播,微信支付,164.64,2,0.102,293.99,198.18,0.3259,0,0.0,C210027824
O4386136940,2025-02-13,东北,哈尔滨,家居,收纳,家-收-737,直播,银行卡,66.29,1,0.1,59.31,35.5,0.4015,0,0.0,C101423747
O8110637716,2025-02-13,华东,宁波,家居,清洁,家-清-863,私域,支付宝,95.94,3,0.064,269.4,159.55,0.4078,0,0.0,C797392839
O7258229393,2025-02-13,华东,苏州,食品,速食,食-速-560,直播,微信支付,66.3,4,0.079,244.25,171.64,0.2973,0,0.0,C659554344
O7191275497,2025-02-13,华东,南京,服饰,裤装,服-裤-488,站内推荐,支付宝,130.11,1,0.066,121.52,65.95,0.4573,0,0.0,C928285518
O1412890642,2025-02-13,华东,杭州,数码,配件,数-配-788,站内推荐,微信支付,109.22,3,0.074,303.41,195.24,0.3565,0,0.0,C591807000
O8954834839,2025-02-13,华北,石家庄,美妆,护肤,美-护-539,自然搜索,支付宝,188.83,4,0.078,696.41,378.89,0.4559,0,0.0,C144394823
O9035095395,2025-02-13,华东,南京,服饰,上衣,服-上-783,自然搜索,支付宝,84.91,2,0.099,153.01,91.3,0.4033,1,138.0,C601058950
O2830184970,2025-02-13,华北,石家庄,美妆,香氛,美-香-537,信息流广告,微信支付,179.33,1,0.072,166.42,95.98,0.4233,1,151.75,C370917858
O5727161860,2025-02-13,西南,贵阳,数码,配件,数-配-301,信息流广告,微信支付,84.55,2,0.121,151.8,115.9,0.2365,0,0.0,C119522028
O0624064630,2025-02-13,华南,深圳,家居,清洁,家-清-645,私域,微信支付,60.68,3,0.058,173.91,107.38,0.3826,0,0.0,C566275213
O1749324161,2025-02-13,华东,上海,家居,收纳,家-收-117,直播,支付宝,97.19,3,0.132,253.08,167.48,0.3382,0,0.0,C633679288
O2410792265,2025-02-13,西北,银川,美妆,护肤,美-护-362,自然搜索,支付宝,247.19,4,0.053,936.36,534.8,0.4289,0,0.0,C162147562
O1931216536,2025-02-13,华北,天津,食品,零食,食-零-918,直播,支付宝,17.8,3,0.089,48.65,29.4,0.3957,0,0.0,C604878902
O7709734091,2025-02-13,华北,太原,家居,厨具,家-厨-709,自然搜索,支付宝,88.97,4,0.0,355.88,211.04,0.407,0,0.0,C969384339
O4161332167,2025-02-13,西南,重庆,服饰,裤装,服-裤-247,直播,微信支付,95.09,4,0.154,328.63,196.03,0.4035,0,0.0,C321685469
O3998887766,2025-02-13,华东,南京,美妆,香氛,美-香-995,站内推荐,银行卡,179.69,1,0.156,151.66,84.67,0.4417,0,0.0,C386670959
O1159498784,2025-02-13,东北,沈阳,服饰,裤装,服-裤-599,信息流广告,微信支付,120.27,3,0.065,335.36,185.62,0.4465,0,0.0,C713507919
O2694657036,2025-02-13,华东,苏州,数码,配件,数-配-614,线下导流,微信支付,274.89,1,0.084,251.8,187.99,0.2534,0,0.0,C086001654
O2552414149,2025-02-13,华南,厦门,家居,厨具,家-厨-768,直播,微信支付,82.87,1,0.117,74.21,48.39,0.3479,0,0.0,C474928781
O7608418946,2025-02-13,东北,大连,家居,清洁,家-清-572,线下导流,微信支付,61.9,3,0.039,177.4,125.75,0.2911,0,0.0,C637996399
O7549514634,2025-02-13,华北,北京,美妆,彩妆,美-彩-112,信息流广告,微信支付,126.11,1,0.075,116.65,64.37,0.4482,0,0.0,C843147246
O7783027750,2025-02-13,华中,长沙,数码,耳机,数-耳-452,直播,支付宝,160.73,1,0.114,142.41,109.16,0.2335,0,0.0,C782868606
O5465096209,2025-02-13,华中,武汉,服饰,上衣,服-上-452,站内推荐,微信支付,104.76,1,0.03,101.62,61.27,0.3971,0,0.0,C306028076
O6250173779,2025-02-13,华南,广州,数码,智能穿戴,数-智-630,自然搜索,支付宝,202.36,3,0.044,588.6,432.85,0.2646,0,0.0,C198411500
O4079794028,2025-02-13,华中,郑州,数码,耳机,数-耳-278,直播,支付宝,192.77,1,0.062,180.82,126.78,0.2989,0,0.0,C150311156
O2315065597,2025-02-14,华中,长沙,美妆,香氛,美-香-979,信息流广告,银行卡,184.84,4,0.088,674.3,381.8,0.4338,0,0.0,C258860480
O8895846810,2025-02-14,华东,南京,食品,饮料,食-饮-944,信息流广告,银行卡,45.18,2,0.061,84.85,59.0,0.3047,0,0.0,C174270149
O4928400961,2025-02-14,西南,昆明,食品,零食,食-零-755,信息流广告,微信支付,18.32,3,0.098,50.65,33.47,0.3392,0,0.0,C903709698
O5836606829,2025-02-14,华东,宁波,家居,清洁,家-清-153,自然搜索,微信支付,112.3,2,0.079,206.86,120.44,0.4178,0,0.0,C019876245
O3081890608,2025-02-14,华北,北京,家居,收纳,家-收-173,自然搜索,微信支付,75.89,4,0.077,280.19,161.02,0.4253,0,0.0,C507794965
O7409525334,2025-02-14,华北,天津,家居,清洁,家-清-140,私域,微信支付,109.33,2,0.053,207.07,139.87,0.3245,0,0.0,C719016177
O9276126422,2025-02-14,华南,佛山,家居,厨具,家-厨-630,线下导流,支付宝,73.66,1,0.017,73.46,43.97,0.4014,1,59.06,C584964747
O8725042546,2025-02-14,华东,宁波,美妆,香氛,美-香-609,信息流广告,支付宝,145.68,1,0.138,125.58,70.32,0.44,0,0.0,C590977802
O1049179018,2025-02-14,华中,长沙,数码,智能穿戴,数-智-672,信息流广告,微信支付,188.53,4,0.143,646.28,486.12,0.2478,0,0.0,C177325585
O9952760578,2025-02-14,华南,佛山,服饰,上衣,服-上-873,直播,支付宝,82.49,4,0.036,322.7,186.63,0.4217,0,0.0,C258541069
O5019218981,2025-02-14,华中,郑州,数码,智能穿戴,数-智-300,信息流广告,微信支付,115.42,3,0.11,308.17,246.06,0.2015,0,0.0,C820926018
O5718860563,2025-02-14,华东,南京,食品,速食,食-速-144,站内推荐,支付宝,38.14,1,0.089,34.75,24.83,0.2855,0,0.0,C349053509
O1751564753,2025-02-14,西北,西安,美妆,彩妆,美-彩-108,自然搜索,支付宝,177.39,3,0.027,517.8,298.46,0.4236,0,0.0,C228373564
O3412136259,2025-02-14,华中,郑州,家居,厨具,家-厨-753,自然搜索,支付宝,48.02,2,0.066,89.7,53.95,0.3986,0,0.0,C283612855
O4038873777,2025-02-14,华东,宁波,食品,饮料,食-饮-141,站内推荐,微信支付,30.67,4,0.068,114.34,72.54,0.3656,0,0.0,C559952456
O7054937313,2025-02-14,华中,长沙,家居,收纳,家-收-489,信息流广告,支付宝,72.23,4,0.084,264.65,139.17,0.4741,0,0.0,C828677560
O7011130876,2025-02-15,西南,成都,数码,智能穿戴,数-智-159,站内推荐,微信支付,140.15,1,0.106,128.08,96.05,0.2501,0,0.0,C180972168
O6102207372,2025-02-15,华北,天津,数码,配件,数-配-407,信息流广告,微信支付,153.15,1,0.135,132.47,90.08,0.32,0,0.0,C014449671
O5195662315,2025-02-15,华北,石家庄,数码,配件,数-配-948,自然搜索,支付宝,221.08,2,0.035,426.68,332.36,0.2211,0,0.0,C966159027
O2899349486,2025-02-15,东北,沈阳,数码,耳机,数-耳-458,信息流广告,微信支付,175.51,2,0.097,315.01,230.92,0.2669,0,0.0,C907817199
O7285189580,2025-02-15,华北,天津,美妆,香氛,美-香-204,线下导流,货到付款,156.29,1,0.054,147.85,73.07,0.5058,0,0.0,C212343523
O6008216444,2025-02-15,华东,宁波,美妆,护肤,美-护-928,自然搜索,支付宝,159.34,2,0.102,286.17,157.42,0.4499,0,0.0,C180426535
O9157105900,2025-02-15,华东,宁波,食品,饮料,食-饮-912,站内推荐,支付宝,54.18,3,0.061,152.63,108.12,0.2916,0,0.0,C967234249
O9388100173,2025-02-15,华北,石家庄,数码,智能穿戴,数-智-756,站内推荐,微信支付,229.66,4,0.035,886.49,677.66,0.2356,0,0.0,C606793543
O0492020612,2025-02-15,华北,太原,服饰,上衣,服-上-615,私域,微信支付,128.02,4,0.032,495.69,327.57,0.3392,0,0.0,C536997970
O4937048090,2025-02-15,华东,宁波,数码,智能穿戴,数-智-691,私域,微信支付,281.17,1,0.037,270.77,205.46,0.2412,0,0.0,C410357341
O6687886433,2025-02-15,华东,宁波,数码,耳机,数-耳-995,直播,银行卡,124.47,2,0.138,214.59,162.56,0.2425,1,149.31,C323523731
O9994276955,2025-02-15,东北,沈阳,家居,清洁,家-清-343,站内推荐,微信支付,113.68,2,0.054,213.75,115.97,0.4575,0,0.0,C163273299
O9081266920,2025-02-15,华南,深圳,服饰,裤装,服-裤-790,站内推荐,微信支付,140.66,2,0.0,285.49,156.56,0.4516,0,0.0,C253295674
O5690195638,2025-02-15,西南,昆明,美妆,护肤,美-护-165,线下导流,支付宝,144.35,2,0.047,281.25,175.77,0.375,0,0.0,C626022770
O8434766468,2025-02-15,华中,长沙,服饰,上衣,服-上-666,信息流广告,支付宝,186.37,2,0.078,343.67,199.95,0.4182,0,0.0,C648978242
O2890183632,2025-02-15,西南,重庆,美妆,护肤,美-护-267,站内推荐,微信支付,164.43,3,0.106,450.81,238.75,0.4704,0,0.0,C621511755
O7068085606,2025-02-15,华东,杭州,家居,清洁,家-清-907,自然搜索,银行卡,75.93,2,0.082,139.41,86.08,0.3825,1,119.4,C437204719
O7010984034,2025-02-16,华北,石家庄,家居,清洁,家-清-628,直播,微信支付,124.24,3,0.127,325.38,199.41,0.3871,0,0.0,C169888055
O6495623111,2025-02-16,华东,南京,服饰,鞋靴,服-鞋-167,私域,银行卡,148.83,1,0.095,134.69,81.31,0.3963,0,0.0,C805508511
O2021071386,2025-02-16,华南,厦门,家居,收纳,家-收-581,信息流广告,支付宝,48.95,2,0.073,92.13,58.51,0.3649,0,0.0,C609076488
O0867292508,2025-02-16,西北,西安,服饰,鞋靴,服-鞋-876,私域,支付宝,99.38,4,0.111,353.4,218.16,0.3827,0,0.0,C716145930
O0207352516,2025-02-16,华中,长沙,家居,厨具,家-厨-748,自然搜索,支付宝,103.71,3,0.0,311.13,209.57,0.3264,0,0.0,C732721394
O7615193484,2025-02-16,华北,天津,服饰,裤装,服-裤-492,信息流广告,微信支付,136.04,2,0.17,225.83,118.02,0.4774,0,0.0,C186604425
O0078932600,2025-02-16,华中,武汉,数码,耳机,数-耳-105,直播,微信支付,257.49,2,0.142,441.85,333.55,0.2451,0,0.0,C894551228
O9367109763,2025-02-16,西南,成都,服饰,鞋靴,服-鞋-302,站内推荐,微信支付,123.62,4,0.031,490.05,329.11,0.3284,0,0.0,C125632296
O7310761588,2025-02-16,华南,佛山,数码,智能穿戴,数-智-171,线下导流,微信支付,220.84,1,0.0,224.19,194.22,0.1337,0,0.0,C406595755
O0046053964,2025-02-16,华南,广州,数码,智能穿戴,数-智-516,直播,银行卡,200.32,4,0.088,741.85,587.18,0.2085,0,0.0,C514313659
O6435228821,2025-02-16,华北,天津,食品,速食,食-速-480,私域,支付宝,67.48,3,0.063,189.69,131.67,0.3059,0,0.0,C964624371
O9017355864,2025-02-16,华中,武汉,食品,零食,食-零-487,自然搜索,银行卡,63.27,1,0.042,60.61,39.9,0.3417,0,0.0,C573149119
O8847366815,2025-02-16,华东,宁波,美妆,香氛,美-香-874,直播,微信支付,223.0,3,0.044,639.56,373.46,0.4161,0,0.0,C448153822
O4457100457,2025-02-16,华南,深圳,数码,智能穿戴,数-智-644,直播,微信支付,174.14,3,0.097,478.9,355.55,0.2576,1,374.87,C459763195
O6408728781,2025-02-16,华东,上海,服饰,鞋靴,服-鞋-523,信息流广告,微信支付,175.89,1,0.042,168.5,99.22,0.4112,0,0.0,C005799562
O6941545453,2025-02-16,华东,上海,美妆,香氛,美-香-233,信息流广告,支付宝,147.17,4,0.07,547.47,338.88,0.381,0,0.0,C953063244
O1111714849,2025-02-16,西南,贵阳,美妆,护肤,美-护-438,线下导流,银行卡,144.65,3,0.032,429.62,209.54,0.5123,0,0.0,C439516780
O8523050302,2025-02-16,华北,石家庄,美妆,彩妆,美-彩-620,站内推荐,微信支付,157.84,4,0.061,592.85,285.67,0.5181,0,0.0,C097964199
O7313663679,2025-02-16,华南,广州,食品,零食,食-零-668,直播,支付宝,46.46,4,0.064,176.58,128.22,0.2739,0,0.0,C521105227
O0226997746,2025-02-16,华中,武汉,服饰,裤装,服-裤-212,线下导流,支付宝,130.0,1,0.061,122.07,65.61,0.4625,0,0.0,C152933499
O3683669385,2025-02-16,西南,重庆,食品,零食,食-零-595,私域,银行卡,55.83,2,0.033,110.43,73.8,0.3317,0,0.0,C169459947
O9120168528,2025-02-16,西南,昆明,家居,收纳,家-收-869,私域,微信支付,52.74,2,0.061,101.3,67.06,0.338,0,0.0,C335137697
O4708549334,2025-02-16,华中,长沙,美妆,彩妆,美-彩-919,自然搜索,微信支付,219.24,1,0.068,204.33,130.99,0.3589,0,0.0,C685285841
O9944803566,2025-02-17,西南,重庆,食品,速食,食-速-620,直播,货到付款,56.73,3,0.117,153.77,104.47,0.3206,0,0.0,C386590796
O0605101208,2025-02-17,华南,厦门,食品,饮料,食-饮-208,站内推荐,支付宝,54.15,2,0.05,104.48,74.25,0.2893,0,0.0,C458881790
O2303441844,2025-02-17,华中,南昌,美妆,彩妆,美-彩-660,直播,微信支付,185.33,3,0.07,517.07,288.26,0.4425,0,0.0,C848289787
O1439314517,2025-02-17,西北,乌鲁木齐,美妆,护肤,美-护-962,私域,微信支付,209.35,4,0.071,777.94,382.98,0.5077,0,0.0,C205170403
O3946931220,2025-02-17,西南,昆明,数码,耳机,数-耳-620,自然搜索,微信支付,212.86,1,0.094,197.33,157.84,0.2001,0,0.0,C520123977
O5202103696,2025-02-17,华南,厦门,服饰,上衣,服-上-294,信息流广告,微信支付,132.26,4,0.087,490.5,291.67,0.4054,0,0.0,C133296443
O9791606394,2025-02-17,华北,太原,食品,饮料,食-饮-383,信息流广告,微信支付,40.3,1,0.071,37.44,23.56,0.3707,0,0.0,C730727493
O7173769791,2025-02-17,华中,长沙,美妆,彩妆,美-彩-988,自然搜索,微信支付,135.75,3,0.109,362.86,183.69,0.4938,0,0.0,C340007478
O2899915203,2025-02-17,华中,武汉,数码,智能穿戴,数-智-944,站内推荐,微信支付,223.22,3,0.051,635.51,509.14,0.1988,0,0.0,C421410409
O3200157526,2025-02-17,华东,宁波,美妆,彩妆,美-彩-375,自然搜索,银行卡,180.17,4,0.027,701.22,355.09,0.4936,0,0.0,C248182621
O9017701307,2025-02-17,华南,厦门,美妆,护肤,美-护-855,私域,支付宝,164.29,4,0.003,665.34,381.98,0.4259,0,0.0,C674656466
O0790262711,2025-02-17,华南,厦门,家居,清洁,家-清-497,直播,微信支付,46.54,4,0.08,173.92,106.75,0.3862,0,0.0,C562880354
O7431262029,2025-02-17,华北,太原,美妆,护肤,美-护-613,站内推荐,微信支付,164.23,3,0.028,478.89,244.91,0.4886,0,0.0,C114392422
O1389088341,2025-02-17,西南,重庆,家居,清洁,家-清-337,线下导流,微信支付,62.97,4,0.061,242.01,145.13,0.4003,0,0.0,C329134989
O1622947292,2025-02-17,华南,厦门,美妆,彩妆,美-彩-185,自然搜索,微信支付,208.93,1,0.035,204.74,112.67,0.4497,0,0.0,C131512704
O0842552030,2025-02-17,华东,苏州,食品,速食,食-速-414,站内推荐,支付宝,50.1,4,0.099,180.56,118.08,0.346,0,0.0,C097032942
O6276376113,2025-02-17,华北,北京,美妆,护肤,美-护-972,信息流广告,微信支付,117.62,4,0.054,445.07,224.49,0.4956,0,0.0,C044715649
O1236935303,2025-02-18,华东,杭州,家居,厨具,家-厨-316,站内推荐,微信支付,49.35,4,0.026,192.27,124.84,0.3507,0,0.0,C316223964
O4652693358,2025-02-18,华东,杭州,美妆,彩妆,美-彩-730,私域,支付宝,122.55,2,0.053,232.11,131.67,0.4327,0,0.0,C580042022
O4825793948,2025-02-18,华南,佛山,美妆,护肤,美-护-529,直播,支付宝,152.78,4,0.049,590.37,309.09,0.4764,0,0.0,C126783669
O3306207969,2025-02-18,华东,南京,服饰,上衣,服-上-340,私域,支付宝,153.26,2,0.019,300.7,178.78,0.4055,0,0.0,C453586053
O1755800149,2025-02-18,华北,石家庄,食品,速食,食-速-649,自然搜索,支付宝,42.42,2,0.067,79.16,50.58,0.361,0,0.0,C044132159
O4304471482,2025-02-18,华北,石家庄,食品,速食,食-速-832,信息流广告,支付宝,68.35,4,0.074,253.17,167.51,0.3383,0,0.0,C305844743
O2544697030,2025-02-18,华中,南昌,服饰,上衣,服-上-668,直播,微信支付,139.66,2,0.121,245.52,114.15,0.5351,0,0.0,C862850182
O1777117606,2025-02-18,东北,大连,食品,零食,食-零-639,自然搜索,微信支付,56.86,2,0.054,106.87,69.92,0.3457,0,0.0,C972374794
O3601971250,2025-02-18,华北,石家庄,食品,饮料,食-饮-306,站内推荐,支付宝,50.68,3,0.009,150.67,99.38,0.3404,0,0.0,C431220620
O9727779508,2025-02-18,西北,西安,家居,厨具,家-厨-590,自然搜索,微信支付,92.88,4,0.075,343.66,219.51,0.3613,0,0.0,C067178632
O6547793201,2025-02-18,西南,昆明,数码,智能穿戴,数-智-245,私域,支付宝,240.41,4,0.059,926.38,741.08,0.2,0,0.0,C686968238
O4322371299,2025-02-18,华北,太原,服饰,鞋靴,服-鞋-456,站内推荐,支付宝,156.54,2,0.055,295.86,174.22,0.4111,0,0.0,C244210606
O4634942218,2025-02-18,华东,上海,数码,耳机,数-耳-379,自然搜索,支付宝,84.9,4,0.083,311.41,234.77,0.2461,0,0.0,C624509757
O9528115820,2025-02-18,西北,乌鲁木齐,服饰,鞋靴,服-鞋-359,私域,支付宝,117.97,3,0.087,323.12,176.99,0.4522,0,0.0,C756313448
O7057931707,2025-02-18,华东,杭州,美妆,香氛,美-香-304,自然搜索,微信支付,101.51,2,0.061,190.64,100.8,0.4713,0,0.0,C762163313
O2013251570,2025-02-18,东北,大连,家居,收纳,家-收-108,私域,微信支付,93.22,3,0.036,267.81,165.66,0.3814,0,0.0,C250673058
O9815886998,2025-02-19,华中,长沙,服饰,上衣,服-上-595,信息流广告,支付宝,118.42,4,0.084,433.89,276.96,0.3617,0,0.0,C690056962
O7226638435,2025-02-19,华东,上海,服饰,鞋靴,服-鞋-221,信息流广告,微信支付,113.0,1,0.078,104.19,55.75,0.4649,0,0.0,C168942416
O7455111212,2025-02-19,华北,天津,数码,智能穿戴,数-智-900,直播,微信支付,290.86,3,0.094,790.56,563.32,0.2874,0,0.0,C937387820
O4042261330,2025-02-19,西南,昆明,数码,配件,数-配-499,私域,银行卡,173.96,2,0.043,341.03,254.21,0.2546,0,0.0,C775074298
O1063442422,2025-02-19,东北,大连,数码,智能穿戴,数-智-411,信息流广告,支付宝,139.59,2,0.132,240.7,172.2,0.2846,0,0.0,C215504703
O5524919220,2025-02-19,华南,深圳,家居,清洁,家-清-166,私域,支付宝,101.66,4,0.027,402.05,261.65,0.3492,0,0.0,C634569517
O0327981832,2025-02-19,华南,深圳,家居,清洁,家-清-725,私域,微信支付,59.09,3,0.112,159.96,93.51,0.4154,0,0.0,C993025021
O0065598710,2025-02-19,华南,广州,服饰,裤装,服-裤-920,私域,微信支付,133.45,4,0.035,523.44,301.4,0.4242,0,0.0,C167712360
O5350157000,2025-02-19,华北,太原,家居,厨具,家-厨-594,站内推荐,微信支付,71.91,4,0.047,274.12,169.82,0.3805,0,0.0,C530750694
O1657771465,2025-02-19,华南,深圳,数码,耳机,数-耳-445,私域,支付宝,243.24,2,0.096,446.88,361.6,0.1908,0,0.0,C998258272
O1752035102,2025-02-19,东北,沈阳,食品,零食,食-零-800,站内推荐,支付宝,45.99,1,0.086,41.75,28.74,0.3116,1,37.1,C004740306
O3731193437,2025-02-19,华南,佛山,数码,智能穿戴,数-智-936,自然搜索,支付宝,103.45,3,0.033,304.96,229.59,0.2471,0,0.0,C688935377
O8690717312,2025-02-19,华南,广州,食品,零食,食-零-458,自然搜索,支付宝,38.86,2,0.055,74.63,49.34,0.3389,0,0.0,C376709419
O0515770726,2025-02-19,华东,南京,家居,厨具,家-厨-729,线下导流,支付宝,93.24,1,0.008,92.49,57.29,0.3806,0,0.0,C913812592
O3133970860,2025-02-19,华东,杭州,数码,智能穿戴,数-智-615,站内推荐,微信支付,231.41,1,0.087,211.28,158.67,0.249,0,0.0,C704105643
O8471402126,2025-02-20,华东,上海,美妆,护肤,美-护-647,线下导流,微信支付,95.23,1,0.058,89.71,51.21,0.4292,0,0.0,C016158711
O0854536789,2025-02-20,华南,厦门,服饰,裤装,服-裤-120,直播,微信支付,152.85,1,0.121,136.57,73.68,0.4605,0,0.0,C478047416
O8016454661,2025-02-20,华北,北京,食品,零食,食-零-674,直播,微信支付,46.41,4,0.091,168.75,110.48,0.3453,1,147.2,C745673019
O5363797380,2025-02-20,华中,武汉,服饰,裤装,服-裤-694,直播,支付宝,94.49,3,0.121,249.17,130.83,0.4749,0,0.0,C986624135
O8594718606,2025-02-20,华中,南昌,数码,智能穿戴,数-智-591,信息流广告,支付宝,220.75,3,0.064,619.87,439.69,0.2907,0,0.0,C408565037
O4859479098,2025-02-20,华南,广州,数码,耳机,数-耳-829,信息流广告,微信支付,256.85,1,0.112,231.84,178.47,0.2302,0,0.0,C971306447
O2284987580,2025-02-20,华东,宁波,服饰,裤装,服-裤-498,信息流广告,微信支付,159.02,1,0.137,137.23,82.26,0.4006,0,0.0,C471104540
O4482241031,2025-02-20,华东,南京,数码,耳机,数-耳-145,站内推荐,微信支付,96.43,1,0.045,92.09,72.24,0.2156,0,0.0,C654404036
O9262567468,2025-02-20,华南,广州,数码,配件,数-配-853,线下导流,微信支付,239.88,2,0.052,462.31,341.78,0.2607,0,0.0,C873592674
O7589301731,2025-02-20,华中,南昌,家居,厨具,家-厨-727,信息流广告,银行卡,89.53,1,0.072,83.08,54.28,0.3467,0,0.0,C861769998
O1855372792,2025-02-20,西南,昆明,家居,厨具,家-厨-222,私域,微信支付,87.02,2,0.072,165.5,110.2,0.3341,0,0.0,C639832069
O5765509958,2025-02-20,西南,成都,数码,智能穿戴,数-智-634,直播,货到付款,236.41,4,0.101,871.15,640.22,0.2651,0,0.0,C418592461
O7359770219,2025-02-20,华北,北京,数码,配件,数-配-648,信息流广告,微信支付,221.72,3,0.089,605.96,443.33,0.2684,1,561.89,C345509397
O0576197078,2025-02-20,西北,乌鲁木齐,数码,配件,数-配-308,站内推荐,支付宝,257.87,4,0.09,938.65,729.55,0.2228,0,0.0,C588991066
O8701440215,2025-02-20,华东,宁波,服饰,裤装,服-裤-905,站内推荐,支付宝,95.46,3,0.075,264.9,166.03,0.3732,1,215.08,C635280534
O5358040603,2025-02-20,东北,长春,数码,智能穿戴,数-智-560,信息流广告,银行卡,215.7,4,0.127,748.05,533.25,0.2871,0,0.0,C772515080
O3482312088,2025-02-21,华南,深圳,服饰,裤装,服-裤-679,站内推荐,微信支付,187.48,2,0.04,366.01,190.47,0.4796,0,0.0,C452051827
O7512636906,2025-02-21,华北,天津,数码,耳机,数-耳-893,私域,支付宝,217.97,3,0.044,625.14,509.31,0.1853,0,0.0,C817560431
O1022090786,2025-02-21,华北,太原,服饰,上衣,服-上-685,直播,银行卡,98.64,2,0.072,183.08,115.32,0.3701,1,176.7,C173427514
O6105878326,2025-02-21,东北,哈尔滨,食品,饮料,食-饮-764,信息流广告,支付宝,54.59,2,0.043,103.75,69.17,0.3333,0,0.0,C087512900
O1248888626,2025-02-21,华东,苏州,美妆,护肤,美-护-306,线下导流,支付宝,198.0,3,0.109,529.25,255.61,0.517,0,0.0,C494716447
O7766463032,2025-02-21,华南,,食品,饮料,食-饮-673,私域,支付宝,43.15,2,0.073,81.35,50.32,0.3814,0,0.0,C341441464
O2878810668,2025-02-21,西南,昆明,家居,清洁,家-清-171,站内推荐,微信支付,89.08,4,0.088,333.16,202.47,0.3923,0,0.0,C683104054
O3308876636,2025-02-21,西南,重庆,服饰,鞋靴,服-鞋-367,私域,银行卡,107.46,4,0.085,403.22,240.32,0.404,0,0.0,C923195520
O4145920229,2025-02-21,华中,长沙,服饰,鞋靴,服-鞋-255,自然搜索,支付宝,178.5,3,0.053,507.12,289.66,0.4288,0,0.0,C191840678
O9317942491,2025-02-21,华北,北京,食品,饮料,食-饮-441,信息流广告,微信支付,36.4,3,0.13,95.0,56.39,0.4064,0,0.0,C603431764
O1853781696,2025-02-21,华东,苏州,食品,零食,食-零-677,信息流广告,支付宝,48.89,3,0.131,127.46,88.15,0.3084,0,0.0,C514974389
O0691905862,2025-02-21,华南,广州,食品,饮料,食-饮-546,信息流广告,支付宝,36.84,2,0.092,68.03,46.69,0.3137,0,0.0,C692960383
O3044883711,2025-02-21,华南,广州,数码,配件,数-配-802,自然搜索,支付宝,205.64,2,0.047,398.54,309.59,0.2232,0,0.0,C678616423
O8275511884,2025-02-21,华北,太原,美妆,护肤,美-护-944,信息流广告,支付宝,141.42,4,0.071,525.52,272.04,0.4823,0,0.0,C555751087
O7760241135,2025-02-21,华东,杭州,家居,清洁,家-清-258,自然搜索,支付宝,56.99,1,0.058,53.68,31.63,0.4108,0,0.0,C094109587
O8348162423,2025-02-21,华中,南昌,食品,零食,食-零-634,站内推荐,支付宝,17.37,4,0.061,65.24,44.84,0.3127,0,0.0,C551128354
O8479394570,2025-02-21,华东,南京,数码,配件,数-配-579,私域,微信支付,228.13,2,0.098,411.55,320.91,0.2202,0,0.0,C756949526
O3966768314,2025-02-21,华东,上海,美妆,护肤,美-护-540,信息流广告,支付宝,216.35,3,0.089,591.28,339.28,0.4262,0,0.0,C000075923
O7622440211,2025-02-21,华中,南昌,食品,速食,食-速-263,站内推荐,微信支付,41.1,2,0.074,76.12,55.37,0.2726,0,0.0,C306628531
O5047894844,2025-02-22,华东,南京,数码,配件,数-配-352,站内推荐,支付宝,201.87,3,0.026,589.86,431.47,0.2685,0,0.0,C263495367
O1241984522,2025-02-22,华东,杭州,数码,耳机,数-耳-526,站内推荐,微信支付,167.31,4,0.049,636.45,503.63,0.2087,0,0.0,C949014748
O7668176665,2025-02-22,华南,深圳,服饰,鞋靴,服-鞋-934,私域,支付宝,128.39,1,0.067,121.84,65.66,0.4611,0,0.0,C083169728
O1933947843,2025-02-22,华南,厦门,数码,配件,数-配-510,信息流广告,微信支付,91.33,1,0.137,80.17,59.78,0.2543,0,0.0,C434295763
O2932273886,2025-02-22,华东,杭州,美妆,彩妆,美-彩-654,线下导流,微信支付,172.87,1,0.062,162.15,84.09,0.4814,0,0.0,C172520646
O2207355775,2025-02-22,华南,深圳,美妆,护肤,美-护-517,自然搜索,微信支付,178.17,1,0.068,168.9,88.29,0.4773,0,0.0,C850874384
O1424091384,2025-02-22,华南,广州,美妆,护肤,美-护-110,直播,支付宝,197.36,2,0.099,361.74,198.15,0.4522,0,0.0,C702724053
O1711369225,2025-02-22,华南,佛山,美妆,香氛,美-香-624,站内推荐,微信支付,166.99,2,0.071,315.59,169.25,0.4637,0,0.0,C462696709
O4521347891,2025-02-22,华东,苏州,美妆,彩妆,美-彩-211,线下导流,微信支付,168.47,1,0.064,157.69,90.4,0.4267,0,0.0,C951604892
O4789243573,2025-02-22,华北,北京,家居,厨具,家-厨-314,站内推荐,支付宝,119.67,2,0.104,214.45,133.67,0.3767,0,0.0,C227919051
O7215777799,2025-02-22,华南,佛山,美妆,护肤,美-护-670,站内推荐,微信支付,107.23,2,0.12,191.96,104.47,0.4558,0,0.0,C230256859
O0127892621,2025-02-22,华中,南昌,食品,饮料,食-饮-380,直播,微信支付,44.65,1,0.097,40.32,24.65,0.3886,0,0.0,C567173202
O6974816956,2025-02-22,华南,广州,家居,厨具,家-厨-377,自然搜索,微信支付,66.66,4,0.077,250.33,155.68,0.3781,0,0.0,C062933369
O3862080039,2025-02-22,华东,苏州,食品,饮料,食-饮-545,线下导流,支付宝,61.85,3,0.112,164.77,108.08,0.3441,0,0.0,C609960088
O6114799144,2025-02-22,华北,太原,家居,收纳,家-收-658,站内推荐,微信支付,97.39,2,0.078,179.59,94.2,0.4755,0,0.0,C003833936
O1409471950,2025-02-22,华东,南京,家居,清洁,家-清-682,自然搜索,微信支付,62.49,3,0.091,170.41,106.39,0.3757,0,0.0,C320078660
O6492741731,2025-02-23,西北,西安,食品,速食,食-速-301,自然搜索,银行卡,43.56,3,0.073,121.14,75.07,0.3803,0,0.0,C773970391
O4096125848,2025-02-23,华北,石家庄,服饰,鞋靴,服-鞋-610,私域,支付宝,147.07,3,0.068,411.21,220.76,0.4631,0,0.0,C158826019
O5586375200,2025-02-23,西北,乌鲁木齐,家居,收纳,家-收-320,站内推荐,支付宝,83.2,4,0.067,310.5,200.02,0.3558,0,0.0,C284432706
O8195374267,2025-02-23,东北,大连,数码,配件,数-配-408,信息流广告,微信支付,307.56,1,0.046,291.28,210.64,0.2768,0,0.0,C643483911
O1128628702,2025-02-23,华中,长沙,家居,清洁,家-清-961,站内推荐,支付宝,109.27,4,0.013,431.4,272.76,0.3677,0,0.0,C830685916
O7249734361,2025-02-23,西北,乌鲁木齐,家居,厨具,家-厨-744,直播,支付宝,70.42,1,0.12,61.97,36.37,0.4131,0,0.0,C992256607
O2274734000,2025-02-23,西南,成都,服饰,上衣,服-上-711,直播,支付宝,116.6,1,0.123,104.94,61.98,0.4094,0,0.0,C130188291
O8089935384,2025-02-23,华南,广州,食品,零食,食-零-343,站内推荐,微信支付,59.28,2,0.078,111.22,77.54,0.3028,0,0.0,C360323408
O9514386681,2025-02-23,华东,南京,食品,饮料,食-饮-400,站内推荐,微信支付,62.11,2,0.11,110.56,79.75,0.2787,0,0.0,C277022060
O6099242328,2025-02-23,华北,太原,数码,智能穿戴,数-智-601,私域,微信支付,210.84,1,0.039,202.62,164.38,0.1887,0,0.0,C687718710
O0554356890,2025-02-23,华南,佛山,食品,饮料,食-饮-432,站内推荐,支付宝,53.43,2,0.06,102.2,69.42,0.3207,0,0.0,C604758996
O0403767605,2025-02-23,华中,武汉,美妆,护肤,美-护-415,自然搜索,微信支付,150.95,1,0.08,138.87,69.4,0.5003,0,0.0,C452764003
O9669936806,2025-02-24,西南,昆明,数码,耳机,数-耳-226,站内推荐,微信支付,262.43,1,0.046,257.04,199.12,0.2253,0,0.0,C917048977
O1224817866,2025-02-24,华中,郑州,家居,厨具,家-厨-559,私域,微信支付,75.88,4,0.057,286.22,173.37,0.3943,0,0.0,C162286943
O1806484691,2025-02-24,华中,南昌,服饰,鞋靴,服-鞋-826,站内推荐,支付宝,116.25,3,0.101,313.53,171.11,0.4542,0,0.0,C321603167
O3700634757,2025-02-24,华南,广州,食品,零食,食-零-136,信息流广告,银行卡,33.82,4,0.111,122.4,84.19,0.3122,0,0.0,C102237112
O0779753382,2025-02-24,华东,杭州,家居,收纳,家-收-852,站内推荐,支付宝,69.47,1,0.078,64.05,40.23,0.3719,0,0.0,C653407002
O1292696280,2025-02-24,华南,佛山,食品,速食,食-速-180,站内推荐,微信支付,41.33,1,0.0,42.07,31.44,0.2527,0,0.0,C726453598
O1115657389,2025-02-24,东北,大连,服饰,上衣,服-上-571,私域,银行卡,122.13,1,0.054,114.68,69.97,0.3899,0,0.0,C042642231
O6876192210,2025-02-24,华北,太原,家居,清洁,家-清-974,信息流广告,支付宝,66.26,3,0.062,186.46,113.9,0.3891,0,0.0,C388433900
O2683100392,2025-02-24,华东,上海,家居,清洁,家-清-972,自然搜索,支付宝,60.42,1,0.1,54.38,34.56,0.3645,0,0.0,C466211204
O3479297083,2025-02-24,西南,贵阳,食品,零食,食-零-125,直播,支付宝,41.58,4,0.141,146.68,104.09,0.2904,0,0.0,C255508315
O9652796239,2025-02-24,东北,长春,食品,速食,食-速-109,站内推荐,支付宝,71.53,1,0.055,67.09,39.83,0.4063,0,0.0,C021641952
O2697180650,2025-02-24,西南,成都,食品,速食,食-速-453,站内推荐,支付宝,42.2,2,0.057,81.71,53.95,0.3397,0,0.0,C728856086
O3448112182,2025-02-24,华北,天津,食品,零食,食-零-785,私域,微信支付,52.82,1,0.049,50.23,35.41,0.295,0,0.0,C328647063
O4077572299,2025-02-24,华东,上海,食品,速食,食-速-318,私域,微信支付,41.31,4,0.068,154.0,95.28,0.3813,0,0.0,C805709735
O6695255954,2025-02-24,华中,南昌,美妆,香氛,美-香-957,信息流广告,微信支付,191.33,1,0.136,165.31,90.6,0.4519,0,0.0,C135330982
O5761143833,2025-02-24,华中,南昌,美妆,香氛,美-香-755,线下导流,货到付款,153.92,1,0.028,149.61,86.79,0.4199,0,0.0,C518086829
O9973810531,2025-02-24,华南,佛山,家居,清洁,家-清-963,线下导流,支付宝,89.68,3,0.053,259.32,176.05,0.3211,0,0.0,C905222363
O5184461466,2025-02-24,华南,佛山,服饰,裤装,服-裤-717,自然搜索,银行卡,127.3,2,0.09,235.81,153.72,0.3481,0,0.0,C599005852
O7587195156,2025-02-24,华东,南京,服饰,裤装,服-裤-139,信息流广告,微信支付,142.86,3,0.046,408.87,213.19,0.4786,0,0.0,C639248044
O7156912185,2025-02-24,华中,南昌,家居,清洁,家-清-839,自然搜索,微信支付,98.87,2,0.06,185.88,114.08,0.3863,0,0.0,C907014330
O9942684928,2025-02-24,西北,乌鲁木齐,数码,配件,数-配-617,私域,银行卡,316.66,2,0.043,606.09,443.57,0.2681,1,582.07,C089764812
O4665509099,2025-02-25,华南,厦门,数码,智能穿戴,数-智-417,私域,微信支付,222.03,2,0.126,395.15,308.57,0.2191,0,0.0,C770953653
O1872028574,2025-02-25,东北,大连,数码,配件,数-配-723,直播,微信支付,187.01,1,0.077,171.31,117.86,0.312,0,0.0,C500723369
O9219989999,2025-02-25,华北,太原,服饰,裤装,服-裤-979,自然搜索,支付宝,160.93,4,0.08,592.22,327.53,0.4469,0,0.0,C734356206
O9976083091,2025-02-25,华东,宁波,服饰,裤装,服-裤-701,站内推荐,微信支付,135.85,2,0.047,258.93,137.41,0.4693,0,0.0,C316858981
O8596661836,2025-02-25,华南,厦门,服饰,鞋靴,服-鞋-268,直播,银行卡,137.38,3,0.126,366.74,226.01,0.3837,0,0.0,C813936585
O0023035860,2025-02-25,华北,天津,美妆,香氛,美-香-797,站内推荐,支付宝,118.78,2,0.134,205.73,111.18,0.4596,0,0.0,C473591467
O6931919139,2025-02-25,华南,广州,美妆,香氛,美-香-700,站内推荐,支付宝,165.2,2,0.096,304.1,162.34,0.4662,0,0.0,C116106979
O6481279912,2025-02-25,西北,乌鲁木齐,家居,收纳,家-收-658,私域,支付宝,91.17,4,0.049,346.81,190.69,0.4502,0,0.0,C958012088
O1615196456,2025-02-25,华东,上海,美妆,护肤,美-护-584,私域,支付宝,164.59,4,0.027,640.58,345.4,0.4608,0,0.0,C157243195
O7206999670,2025-02-25,西南,重庆,服饰,上衣,服-上-899,信息流广告,微信支付,104.98,4,0.051,409.34,230.87,0.436,0,0.0,C279961930
O5127064482,2025-02-25,华东,杭州,食品,速食,食-速-247,站内推荐,银行卡,44.65,1,0.039,42.91,30.5,0.2892,0,0.0,C779853792
O0706206443,2025-02-25,华东,杭州,家居,厨具,家-厨-544,私域,银行卡,93.57,3,0.045,268.08,167.25,0.3761,0,0.0,C666760192
O9347319141,2025-02-25,华南,佛山,美妆,香氛,美-香-595,直播,支付宝,134.01,3,0.114,362.66,184.86,0.4903,0,0.0,C629260128
O2748397700,2025-02-25,华南,佛山,家居,清洁,家-清-545,直播,微信支付,49.33,3,0.113,133.65,84.77,0.3657,0,0.0,C643844393
O4005558067,2025-02-25,西南,成都,数码,智能穿戴,数-智-791,直播,微信支付,268.44,1,0.144,236.03,182.98,0.2248,0,0.0,C624018686
O4645560955,2025-02-25,西南,成都,家居,厨具,家-厨-748,信息流广告,支付宝,87.55,1,0.069,83.73,48.68,0.4186,0,0.0,C316396405
O7582688539,2025-02-25,华北,石家庄,美妆,护肤,美-护-480,线下导流,支付宝,170.75,4,0.038,657.05,352.83,0.463,0,0.0,C676845852
O9035825122,2025-02-26,华东,苏州,家居,厨具,家-厨-984,自然搜索,支付宝,42.59,2,0.07,79.22,50.18,0.3666,0,0.0,C561072606
O1634479907,2025-02-26,华南,厦门,家居,收纳,家-收-530,直播,微信支付,71.9,4,0.1,263.62,188.97,0.2832,0,0.0,C784543260
O2479842339,2025-02-26,华东,苏州,服饰,鞋靴,服-鞋-202,自然搜索,微信支付,126.41,2,0.064,236.64,114.42,0.5165,0,0.0,C787476732
O0428832246,2025-02-26,华南,佛山,服饰,鞋靴,服-鞋-945,线下导流,银行卡,170.76,4,0.03,674.78,393.49,0.4169,0,0.0,C197137550
O7561731645,2025-02-26,西南,重庆,服饰,上衣,服-上-817,私域,微信支付,97.23,3,0.038,288.38,164.13,0.4309,0,0.0,C564884127
O5328725700,2025-02-26,华中,郑州,服饰,裤装,服-裤-722,直播,微信支付,96.98,1,0.138,83.6,46.28,0.4464,0,0.0,C599474958
O1916351275,2025-02-26,西南,重庆,家居,厨具,家-厨-245,私域,微信支付,81.7,4,0.018,329.8,182.47,0.4467,0,0.0,C594874238
O1510192428,2025-02-26,西南,成都,服饰,裤装,服-裤-839,直播,微信支付,168.95,2,0.107,310.1,174.65,0.4368,0,0.0,C868194418
O4128443927,2025-02-26,西南,成都,家居,厨具,家-厨-968,自然搜索,微信支付,73.81,2,0.033,146.7,87.95,0.4005,0,0.0,C720227544
O8785611961,2025-02-26,东北,沈阳,美妆,香氛,美-香-985,自然搜索,支付宝,133.38,3,0.041,380.78,221.09,0.4194,0,0.0,C490489397
O3556122494,2025-02-26,华中,长沙,家居,厨具,家-厨-174,自然搜索,微信支付,97.88,4,0.065,366.07,236.06,0.3552,0,0.0,C922123374
O7850692128,2025-02-26,华东,宁波,数码,耳机,数-耳-685,站内推荐,微信支付,225.95,1,0.048,215.1,150.01,0.3026,0,0.0,C505815204
O7540284929,2025-02-26,华东,苏州,服饰,上衣,服-上-398,直播,微信支付,84.99,2,0.097,153.49,85.51,0.4429,0,0.0,C836969110
O9200264722,2025-02-26,华中,南昌,食品,饮料,食-饮-628,站内推荐,微信支付,35.33,3,0.008,105.14,68.74,0.3462,0,0.0,C475704403
O0830454957,2025-02-26,华东,杭州,食品,零食,食-零-835,信息流广告,支付宝,48.39,3,0.103,130.22,95.86,0.2639,0,0.0,C314547900
O7558142511,2025-02-26,华北,北京,数码,耳机,数-耳-860,线下导流,微信支付,192.74,3,0.093,524.45,383.81,0.2682,0,0.0,C604991931
O4798833832,2025-02-26,华南,厦门,家居,收纳,家-收-277,私域,支付宝,71.45,4,0.085,266.33,174.97,0.343,0,0.0,C840823528
O4814204036,2025-02-26,华北,北京,食品,饮料,食-饮-812,自然搜索,支付宝,43.54,1,0.046,41.54,28.74,0.3081,0,0.0,C362482573
O9890878003,2025-02-26,华东,杭州,数码,耳机,数-耳-584,自然搜索,银行卡,119.47,3,0.083,328.66,237.59,0.2771,0,0.0,C847238476
O0387006979,2025-02-26,东北,哈尔滨,数码,配件,数-配-367,直播,微信支付,155.59,3,0.119,408.06,313.72,0.2312,0,0.0,C081895545
O8322075960,2025-02-26,华南,佛山,美妆,彩妆,美-彩-280,私域,银行卡,191.58,4,0.085,714.13,379.16,0.4691,0,0.0,C610604826
O2459051568,2025-02-26,华东,上海,家居,收纳,家-收-894,站内推荐,支付宝,61.9,4,0.057,233.49,135.31,0.4205,0,0.0,C519446290
O6319377414,2025-02-26,华南,深圳,食品,速食,食-速-752,自然搜索,微信支付,49.66,3,0.032,146.88,103.66,0.2943,0,0.0,C133518093
O8494992767,2025-02-26,华中,郑州,服饰,上衣,服-上-938,直播,微信支付,120.7,3,0.093,328.42,185.44,0.4354,0,0.0,C151885164
O5398047180,2025-02-26,华南,佛山,食品,零食,食-零-988,私域,支付宝,67.02,4,0.097,246.55,181.21,0.265,0,0.0,C152632814
O1677556130,2025-02-26,华东,杭州,服饰,上衣,服-上-224,自然搜索,微信支付,126.59,1,0.05,120.26,75.42,0.3729,0,0.0,C867499686
O0489800731,2025-02-26,西北,乌鲁木齐,美妆,彩妆,美-彩-183,信息流广告,支付宝,172.24,4,0.069,641.42,408.87,0.3626,0,0.0,C639529621
O5715414981,2025-02-27,西南,贵阳,食品,零食,食-零-694,私域,微信支付,56.12,1,0.063,54.07,36.31,0.3285,0,0.0,C850959019
O5537627589,2025-02-27,华北,北京,数码,配件,数-配-757,直播,支付宝,187.02,3,0.081,515.61,377.89,0.2671,0,0.0,C915087265
O7684582715,2025-02-27,华北,太原,美妆,香氛,美-香-226,私域,货到付款,152.22,2,0.104,272.78,139.73,0.4878,0,0.0,C098216939
O0800965035,2025-02-27,华南,广州,数码,耳机,数-耳-438,站内推荐,支付宝,177.62,2,0.067,337.67,246.46,0.2701,0,0.0,C551972931
O2786069626,2025-02-27,华东,上海,家居,清洁,家-清-192,站内推荐,支付宝,96.0,1,0.095,86.88,55.64,0.3596,0,0.0,C288514176
O7204344603,2025-02-27,西南,重庆,数码,耳机,数-耳-531,自然搜索,货到付款,200.63,2,0.106,368.84,257.04,0.3031,0,0.0,C895347390
O2354283569,2025-02-27,华北,天津,数码,智能穿戴,数-智-417,站内推荐,支付宝,186.61,3,0.063,524.56,416.11,0.2067,0,0.0,C449420313
O0895974749,2025-02-27,华东,南京,数码,耳机,数-耳-354,站内推荐,支付宝,238.65,3,0.028,695.9,521.62,0.2504,0,0.0,C885516151
O3584405468,2025-02-27,华中,长沙,数码,智能穿戴,数-智-264,站内推荐,微信支付,246.69,1,0.064,230.9,173.13,0.2502,0,0.0,C508448578
O2617165477,2025-02-27,华东,南京,美妆,护肤,美-护-237,私域,微信支付,158.06,1,0.0,158.06,95.04,0.3987,0,0.0,C234130422
O2851199707,2025-02-27,华东,上海,食品,零食,食-零-987,自然搜索,微信支付,62.02,4,0.108,221.29,151.19,0.3168,0,0.0,C694461741
O2458142167,2025-02-27,华中,南昌,服饰,裤装,服-裤-758,站内推荐,微信支付,162.36,1,0.081,149.21,89.59,0.3996,0,0.0,C801589798
O7269321028,2025-02-27,华北,石家庄,美妆,彩妆,美-彩-564,直播,银行卡,171.58,2,0.128,299.24,165.22,0.4479,0,0.0,C299694950
O6905704195,2025-02-27,东北,哈尔滨,家居,清洁,家-清-880,自然搜索,支付宝,83.59,4,0.067,309.52,185.97,0.3992,0,0.0,C597362589
O1942204734,2025-02-28,华北,太原,家居,厨具,家-厨-207,私域,微信支付,62.24,3,0.105,167.11,107.25,0.3582,0,0.0,C637349853
O4046577188,2025-02-28,华南,佛山,数码,配件,数-配-290,自然搜索,支付宝,272.51,1,0.093,251.89,178.76,0.2903,0,0.0,C882649819
O0577173142,2025-02-28,华北,天津,美妆,彩妆,美-彩-596,自然搜索,支付宝,178.73,4,0.0,714.92,371.07,0.481,0,0.0,C677134956
O6104521049,2025-02-28,华中,长沙,家居,清洁,家-清-798,私域,支付宝,80.84,1,0.092,73.4,43.97,0.401,0,0.0,C151602067
O8997190546,2025-02-28,华南,广州,食品,零食,食-零-681,直播,微信支付,51.48,3,0.127,137.4,98.97,0.2797,0,0.0,C772770615
O1099628638,2025-02-28,华南,深圳,食品,速食,食-速-749,信息流广告,支付宝,54.29,2,0.141,95.05,62.25,0.3451,0,0.0,C256912847
O9757379307,2025-02-28,华南,广州,美妆,彩妆,美-彩-203,私域,微信支付,77.41,4,0.081,290.0,157.0,0.4586,0,0.0,C889392589
O8899831815,2025-02-28,华北,石家庄,食品,零食,食-零-222,自然搜索,支付宝,71.48,4,0.026,278.49,190.92,0.3144,0,0.0,C709323441
O3512098202,2025-02-28,华北,北京,家居,清洁,家-清-132,直播,支付宝,75.89,3,0.104,203.99,125.62,0.3842,0,0.0,C986915704
O3605596456,2025-02-28,华东,杭州,服饰,上衣,服-上-713,站内推荐,微信支付,121.35,3,0.101,327.28,196.24,0.4004,1,216.08,C475917879
O5561379259,2025-02-28,华北,北京,美妆,彩妆,美-彩-803,线下导流,微信支付,198.14,1,0.032,191.8,99.29,0.4823,0,0.0,C625045029
O4708032247,2025-02-28,华东,苏州,数码,智能穿戴,数-智-261,信息流广告,微信支付,190.57,4,0.07,708.92,512.87,0.2765,0,0.0,C359473021
O8364754424,2025-02-28,华东,宁波,服饰,上衣,服-上-172,自然搜索,银行卡,174.32,1,0.038,167.7,98.55,0.4123,0,0.0,C030330269
O8206287449,2025-02-28,西南,昆明,食品,零食,食-零-525,直播,支付宝,40.91,4,0.096,152.17,111.13,0.2697,0,0.0,C030191976
O8475284469,2025-02-28,华东,上海,数码,智能穿戴,数-智-258,私域,支付宝,160.46,4,0.03,622.58,482.8,0.2245,0,0.0,C832322405
O7412998876,2025-02-28,华东,宁波,数码,智能穿戴,数-智-325,私域,支付宝,186.41,2,0.042,357.16,285.04,0.2019,0,0.0,C763626341
O9794386669,2025-03-01,西南,成都,食品,饮料,食-饮-778,自然搜索,微信支付,43.74,4,0.068,167.82,125.36,0.253,0,0.0,C680731288
O1970552490,2025-03-01,华南,广州,服饰,鞋靴,服-鞋-397,私域,微信支付,97.43,1,0.067,92.67,50.81,0.4517,0,0.0,C971387019
O9306324469,2025-03-01,华北,太原,美妆,护肤,美-护-954,私域,微信支付,174.22,3,0.051,496.0,303.12,0.3889,0,0.0,C884515680
O0019151694,2025-03-01,华东,宁波,服饰,裤装,服-裤-271,站内推荐,支付宝,148.76,1,0.075,137.6,77.58,0.4362,0,0.0,C107138588
O3238637220,2025-03-01,东北,沈阳,食品,零食,食-零-658,自然搜索,微信支付,39.62,2,0.07,73.1,51.78,0.2917,0,0.0,C927106013
O3094080304,2025-03-01,华东,南京,美妆,护肤,美-护-356,线下导流,银行卡,156.73,1,0.11,139.49,81.71,0.4142,0,0.0,C811911529
O3220601009,2025-03-01,华北,太原,家居,厨具,家-厨-212,信息流广告,微信支付,105.3,4,0.031,408.14,236.4,0.4208,0,0.0,C063120386
O1781117711,2025-03-01,东北,哈尔滨,家居,清洁,家-清-569,直播,微信支付,85.36,4,0.085,309.89,185.3,0.402,0,0.0,C687130253
O8724081625,2025-03-01,华南,厦门,家居,清洁,家-清-403,信息流广告,支付宝,91.2,1,0.113,82.47,54.03,0.3449,0,0.0,C830651056
O2452816987,2025-03-01,华南,深圳,服饰,裤装,服-裤-239,信息流广告,银行卡,106.9,3,0.074,302.74,154.64,0.4892,0,0.0,C698264280
O5481426221,2025-03-01,华东,杭州,食品,饮料,食-饮-909,站内推荐,支付宝,45.54,4,0.07,169.41,105.27,0.3786,0,0.0,C828993680
O5318751632,2025-03-01,西北,西安,美妆,香氛,美-香-915,信息流广告,支付宝,163.66,3,0.118,433.04,238.37,0.4495,1,411.37,C204787892
O2626493667,2025-03-01,华南,厦门,家居,厨具,家-厨-562,私域,银行卡,68.08,1,0.045,66.28,43.35,0.346,0,0.0,C044288068
O7341663456,2025-03-01,华北,天津,美妆,香氛,美-香-343,站内推荐,银行卡,142.31,2,0.101,255.87,115.19,0.5498,0,0.0,C505343323
O3761555368,2025-03-01,华东,苏州,家居,清洁,家-清-286,私域,银行卡,59.69,4,0.071,221.81,144.83,0.3471,0,0.0,C687376931
O2383181045,2025-03-01,华北,石家庄,服饰,上衣,服-上-889,站内推荐,支付宝,102.05,2,0.077,188.38,116.38,0.3822,0,0.0,C282961408
O9058527825,2025-03-01,华南,厦门,数码,智能穿戴,数-智-416,站内推荐,微信支付,240.16,2,0.014,482.81,371.76,0.23,0,0.0,C810771579
O5023434083,2025-03-02,华北,太原,数码,耳机,数-耳-493,站内推荐,微信支付,177.02,3,0.063,497.6,369.54,0.2574,0,0.0,C808627778
O9826380438,2025-03-02,华东,杭州,家居,收纳,家-收-722,自然搜索,微信支付,63.27,3,0.051,180.13,107.8,0.4015,0,0.0,C284654326
O0885176822,2025-03-02,华东,杭州,家居,厨具,家-厨-472,站内推荐,支付宝,76.83,1,0.035,74.14,44.45,0.4005,0,0.0,C330149128
O0890712560,2025-03-02,华东,宁波,家居,收纳,家-收-465,站内推荐,支付宝,72.7,4,0.067,271.32,194.98,0.2814,0,0.0,C126421979
O4717557370,2025-03-02,华北,天津,服饰,裤装,服-裤-470,信息流广告,微信支付,134.28,3,0.093,365.38,207.37,0.4325,0,0.0,C670675609
O5734188787,2025-03-02,华中,武汉,美妆,彩妆,美-彩-913,直播,微信支付,100.26,3,0.078,277.32,162.45,0.4142,0,0.0,C842904776
O2867775706,2025-03-02,华东,南京,服饰,上衣,服-上-521,自然搜索,支付宝,131.85,2,0.014,260.01,147.56,0.4325,0,0.0,C247172770
O5297820088,2025-03-02,华中,长沙,美妆,彩妆,美-彩-183,线下导流,微信支付,146.65,2,0.063,274.82,145.35,0.4711,0,0.0,C652756056
O9668024829,2025-03-02,华东,苏州,数码,智能穿戴,数-智-664,线下导流,支付宝,181.33,2,,339.81,239.0,0.2967,0,0.0,C903249361
O6870454895,2025-03-02,华南,佛山,服饰,鞋靴,服-鞋-407,自然搜索,银行卡,163.35,2,0.029,323.5,178.79,0.4473,0,0.0,C031420141
O0365295526,2025-03-02,西南,成都,数码,智能穿戴,数-智-272,直播,微信支付,162.03,3,0.094,453.46,341.04,0.2479,0,0.0,C975620610
O7092804414,2025-03-02,华南,佛山,美妆,香氛,美-香-401,直播,微信支付,193.0,3,0.094,534.95,328.6,0.3857,1,350.29,C243175882
O3797559971,2025-03-02,华南,广州,服饰,鞋靴,服-鞋-310,信息流广告,支付宝,98.6,3,0.058,284.16,149.62,0.4735,0,0.0,C222918853
O4894704865,2025-03-02,西南,昆明,美妆,彩妆,美-彩-778,信息流广告,微信支付,191.79,4,0.084,723.57,431.25,0.404,0,0.0,C289385335
O3545185584,2025-03-02,华东,南京,美妆,香氛,美-香-351,直播,微信支付,201.63,3,0.136,522.62,315.06,0.3972,0,0.0,C459211707
O1677095582,2025-03-02,西南,成都,家居,清洁,家-清-277,自然搜索,支付宝,76.7,3,0.053,224.37,133.81,0.4036,0,0.0,C504216192
O6049955524,2025-03-02,华南,深圳,服饰,裤装,服-裤-616,信息流广告,微信支付,94.52,4,0.044,368.59,212.4,0.4237,0,0.0,C962079138
O1937796534,2025-03-02,华东,杭州,食品,饮料,食-饮-974,自然搜索,微信支付,50.45,3,0.056,142.87,93.54,0.3453,0,0.0,C750392482
O5480443569,2025-03-02,华南,厦门,数码,耳机,数-耳-302,私域,微信支付,231.3,2,0.075,436.37,314.25,0.2799,0,0.0,C829440682
O8029508376,2025-03-02,华东,宁波,家居,收纳,家-收-907,站内推荐,微信支付,111.16,3,0.124,292.13,184.38,0.3688,0,0.0,C335317667
O2768399329,2025-03-02,东北,长春,家居,收纳,家-收-522,线下导流,支付宝,74.71,3,0.033,214.95,141.59,0.3413,0,0.0,C349281234
O1316143973,2025-03-03,东北,长春,服饰,鞋靴,服-鞋-678,直播,微信支付,107.47,3,0.081,293.81,156.24,0.4682,0,0.0,C276500648
O4426826560,2025-03-03,华中,武汉,美妆,护肤,美-护-145,信息流广告,支付宝,134.46,4,0.11,478.68,270.91,0.434,0,0.0,C676879648
O6319196820,2025-03-03,华北,石家庄,服饰,裤装,服-裤-217,直播,微信支付,84.01,2,0.097,151.72,85.5,0.4365,0,0.0,C635437566
O9440499930,2025-03-03,华中,郑州,食品,速食,食-速-595,信息流广告,支付宝,57.04,1,0.12,50.2,30.41,0.3942,0,0.0,C220757160
O2144115281,2025-03-03,华中,长沙,服饰,上衣,服-上-575,站内推荐,支付宝,130.01,1,0.093,117.92,63.9,0.4581,0,0.0,C481445853
O3908189221,2025-03-03,华南,广州,数码,耳机,数-耳-580,私域,银行卡,211.9,2,0.018,424.54,330.36,0.2218,0,0.0,C736652350
O4096208040,2025-03-03,西南,重庆,服饰,裤装,服-裤-762,站内推荐,支付宝,118.95,1,0.068,114.21,63.31,0.4457,0,0.0,C624536543
O8016339053,2025-03-03,华北,天津,服饰,上衣,服-上-859,私域,微信支付,59.68,4,0.063,223.68,116.97,0.4771,0,0.0,C034417355
O5283609039,2025-03-03,华北,天津,家居,清洁,家-清-750,直播,银行卡,70.62,2,0.109,125.84,78.04,0.3798,0,0.0,C663796290
O3607854079,2025-03-03,华东,宁波,家居,厨具,家-厨-455,信息流广告,微信支付,75.15,1,0.065,70.27,43.24,0.3847,0,0.0,C850220150
O9441660612,2025-03-03,东北,长春,数码,配件,数-配-648,信息流广告,微信支付,207.2,3,0.103,552.9,387.38,0.2994,0,0.0,C671427867
O6116906601,2025-03-03,华南,广州,家居,厨具,家-厨-770,线下导流,支付宝,83.18,4,0.084,310.9,192.96,0.3794,0,0.0,C462447268
O4425643451,2025-03-03,西南,成都,家居,厨具,家-厨-593,信息流广告,微信支付,57.45,2,0.088,107.95,77.76,0.2797,0,0.0,C683305489
O2713928494,2025-03-03,华东,苏州,服饰,上衣,服-上-545,站内推荐,支付宝,145.98,1,0.079,134.45,82.62,0.3855,0,0.0,C432855373
O5341989862,2025-03-03,华东,宁波,数码,耳机,数-耳-102,站内推荐,支付宝,264.31,4,0.046,1008.61,728.36,0.2779,0,0.0,C169391264
O0834149587,2025-03-03,华中,南昌,家居,清洁,家-清-560,自然搜索,支付宝,63.17,3,0.085,173.4,104.57,0.3969,0,0.0,C103910913
O6646553317,2025-03-03,华东,上海,美妆,香氛,美-香-587,直播,微信支付,190.08,1,0.102,170.69,89.99,0.4728,0,0.0,C012171475
O1840857388,2025-03-04,华南,厦门,服饰,鞋靴,服-鞋-843,站内推荐,支付宝,126.65,1,0.056,122.0,66.48,0.4551,0,0.0,C054620252
O7537650619,2025-03-04,华南,厦门,服饰,裤装,服-裤-291,信息流广告,微信支付,121.84,2,0.084,227.77,132.12,0.4199,0,0.0,C103339281
O6848340730,2025-03-04,华东,苏州,数码,智能穿戴,数-智-871,自然搜索,支付宝,221.46,4,0.074,820.29,597.59,0.2715,0,0.0,C268925476
O8503143823,2025-03-04,华东,南京,美妆,彩妆,美-彩-152,私域,支付宝,140.9,3,0.075,391.0,188.16,0.5188,0,0.0,C282963519
O2993377300,2025-03-04,华东,宁波,美妆,彩妆,美-彩-135,信息流广告,支付宝,161.97,1,0.101,145.61,76.6,0.4739,0,0.0,C837884619
O9950965197,2025-03-04,华南,广州,美妆,香氛,美-香-181,私域,微信支付,186.22,2,0.005,378.15,173.51,0.5412,0,0.0,C233848634
O2980785012,2025-03-04,西南,贵阳,数码,智能穿戴,数-智-408,直播,银行卡,144.22,4,0.077,548.79,433.34,0.2104,1,515.93,C817180215
O4697433037,2025-03-04,华南,厦门,美妆,彩妆,美-彩-355,自然搜索,支付宝,119.55,1,0.051,115.77,57.61,0.5024,0,0.0,C230204295
O1271295085,2025-03-04,西北,兰州,数码,智能穿戴,数-智-194,直播,微信支付,213.21,3,0.129,557.12,396.51,0.2883,0,0.0,C493352113
O5189466532,2025-03-04,华北,太原,家居,收纳,家-收-249,信息流广告,支付宝,76.98,3,0.049,219.62,124.05,0.4352,0,0.0,C237810475
O7063101103,2025-03-04,西南,贵阳,家居,收纳,家-收-767,私域,支付宝,81.52,2,0.061,157.79,91.59,0.4195,0,0.0,C830869545
O0001242444,2025-03-04,华南,广州,食品,零食,食-零-529,站内推荐,微信支付,54.67,4,0.079,205.52,152.89,0.2561,0,0.0,C052508733
O3989461777,2025-03-04,西南,重庆,服饰,上衣,服-上-846,线下导流,支付宝,131.69,3,0.069,379.09,227.58,0.3997,0,0.0,C042956416
O1639087597,2025-03-04,华南,厦门,数码,智能穿戴,数-智-795,线下导流,微信支付,213.41,4,0.102,782.24,553.48,0.2924,0,0.0,C038711909
O0619760592,2025-03-05,华东,南京,美妆,护肤,美-护-191,直播,支付宝,178.08,3,0.062,501.12,255.6,0.4899,1,389.72,C556910023
O7696960170,2025-03-05,华北,石家庄,数码,智能穿戴,数-智-701,信息流广告,支付宝,126.89,2,0.093,230.18,166.23,0.2778,0,0.0,C173213849
O9375522626,2025-03-05,华东,苏州,食品,零食,食-零-389,站内推荐,微信支付,54.78,3,0.061,154.32,93.73,0.3926,0,0.0,C909118261
O0795115863,2025-03-05,华东,南京,美妆,护肤,美-护-256,线下导流,微信支付,161.41,1,0.069,150.27,87.49,0.4178,0,0.0,C614961204
O3134408082,2025-03-05,华南,深圳,数码,配件,数-配-715,自然搜索,微信支付,155.03,4,0.057,596.92,469.43,0.2136,0,0.0,C774509160
O4833366426,2025-03-05,华南,广州,数码,耳机,数-耳-745,直播,货到付款,286.68,3,0.138,756.75,551.91,0.2707,0,0.0,C286427687
O7217626935,2025-03-05,华东,苏州,家居,厨具,家-厨-893,信息流广告,微信支付,118.77,3,0.096,322.1,191.66,0.405,0,0.0,C258617406
O3030447041,2025-03-05,西北,银川,数码,配件,数-配-163,信息流广告,支付宝,248.11,1,0.104,222.31,164.75,0.2589,0,0.0,C497807867
O3710592045,2025-03-05,华中,武汉,服饰,裤装,服-裤-188,自然搜索,微信支付,127.61,1,0.059,120.08,76.3,0.3646,1,99.21,C616309538
O2114226697,2025-03-05,华东,宁波,数码,智能穿戴,数-智-268,线下导流,支付宝,245.05,4,0.071,910.61,702.17,0.2289,0,0.0,C499218884
O5482080738,2025-03-05,西南,贵阳,数码,配件,数-配-889,自然搜索,微信支付,268.4,4,0.065,1035.09,742.34,0.2828,0,0.0,C114476962
O6422698112,2025-03-05,华南,佛山,数码,配件,数-配-521,私域,银行卡,243.55,3,0.067,695.85,563.76,0.1898,1,556.54,C707568564
O4060756636,2025-03-05,华东,苏州,美妆,彩妆,美-彩-467,线下导流,支付宝,232.15,3,0.117,614.97,359.73,0.415,1,501.49,C270170905
O5903599554,2025-03-05,西南,昆明,家居,厨具,家-厨-377,线下导流,微信支付,104.34,1,0.061,101.03,62.55,0.3809,0,0.0,C475581975
O3728158873,2025-03-05,华北,石家庄,美妆,护肤,美-护-687,信息流广告,支付宝,134.17,3,0.105,360.25,189.35,0.4744,0,0.0,C733562982
O3205909290,2025-03-05,华东,南京,食品,零食,食-零-844,直播,微信支付,57.92,2,0.089,105.53,72.72,0.3109,0,0.0,C832217049
O0266310430,2025-03-05,西南,重庆,食品,零食,食-零-371,私域,支付宝,33.13,2,0.115,60.47,35.83,0.4075,0,0.0,C699114954
O7268146204,2025-03-05,西南,贵阳,服饰,鞋靴,服-鞋-436,私域,微信支付,118.28,1,0.072,113.18,68.54,0.3944,0,0.0,C498121938
O6154655292,2025-03-06,华东,上海,家居,收纳,家-收-231,信息流广告,支付宝,59.21,3,0.117,156.85,99.17,0.3677,0,0.0,C100381055
O8523336773,2025-03-06,华东,杭州,服饰,裤装,服-裤-832,自然搜索,支付宝,150.54,3,0.073,418.65,223.01,0.4673,0,0.0,C207901272
O7004925161,2025-03-06,华南,深圳,服饰,上衣,服-上-126,直播,微信支付,120.2,1,0.123,107.64,56.41,0.4759,0,0.0,C483900124
O6578314572,2025-03-06,华东,杭州,服饰,上衣,服-上-140,私域,微信支付,141.48,2,0.04,271.64,157.31,0.4209,0,0.0,C905462908
O4086669677,2025-03-06,华南,广州,数码,耳机,数-耳-110,直播,支付宝,265.32,2,0.072,502.82,345.62,0.3126,0,0.0,C770428555
O2131846894,2025-03-06,华中,武汉,家居,厨具,家-厨-644,私域,货到付款,92.39,2,0.072,171.48,118.73,0.3076,0,0.0,C069317610
O6611208997,2025-03-06,华东,南京,服饰,鞋靴,服-鞋-487,线下导流,支付宝,126.14,4,0.063,472.77,259.38,0.4514,0,0.0,C277289358
O8168352493,2025-03-06,西北,兰州,美妆,香氛,美-香-572,线下导流,支付宝,119.04,2,0.068,221.89,111.81,0.4961,0,0.0,C254709784
O6257870920,2025-03-06,华中,长沙,服饰,上衣,服-上-673,直播,微信支付,143.16,4,0.073,530.84,299.48,0.4358,0,0.0,C541224760
O8271245618,2025-03-06,华北,太原,家居,收纳,家-收-536,直播,微信支付,101.65,2,0.115,179.92,115.46,0.3583,0,0.0,C557644252
O6387236544,2025-03-06,华东,苏州,食品,饮料,食-饮-410,私域,支付宝,60.42,2,0.096,109.24,73.5,0.3272,0,0.0,C957937822
O5354173591,2025-03-06,华北,太原,美妆,香氛,美-香-126,直播,支付宝,99.19,3,0.121,261.56,142.15,0.4565,0,0.0,C414393614
O3821279626,2025-03-06,华南,佛山,美妆,彩妆,美-彩-975,自然搜索,微信支付,91.31,1,0.072,86.52,52.03,0.3986,0,0.0,C553138403
O0882433336,2025-03-06,华北,石家庄,数码,智能穿戴,数-智-102,站内推荐,支付宝,235.5,3,0.059,664.82,495.15,0.2552,1,614.1,C413990591
O9293007522,2025-03-06,华南,深圳,数码,耳机,数-耳-333,自然搜索,支付宝,244.15,2,0.017,490.13,385.43,0.2136,1,384.9,C247670572
O8495558955,2025-03-06,华东,宁波,服饰,鞋靴,服-鞋-702,站内推荐,微信支付,82.06,2,0.035,158.38,92.43,0.4164,0,0.0,C007346230
O8771943433,2025-03-06,华东,苏州,家居,厨具,家-厨-307,直播,银行卡,111.29,2,0.115,196.98,117.2,0.405,0,0.0,C594272522
O9683180110,2025-03-06,华南,佛山,家居,厨具,家-厨-109,私域,微信支付,73.75,2,0.112,133.74,86.59,0.3525,0,0.0,C529918026
O8278298975,2025-03-06,华东,杭州,数码,耳机,数-耳-284,私域,支付宝,190.1,4,0.038,731.5,501.32,0.3147,0,0.0,C968425436
O3782962782,2025-03-06,华南,深圳,数码,智能穿戴,数-智-299,自然搜索,支付宝,87.97,3,0.0,269.48,189.16,0.2981,0,0.0,C127023058
O5911639468,2025-03-06,西北,西安,美妆,彩妆,美-彩-283,信息流广告,支付宝,168.25,4,0.102,604.35,381.59,0.3686,0,0.0,C985828830
O6648288071,2025-03-06,华东,上海,服饰,鞋靴,服-鞋-891,站内推荐,银行卡,132.33,4,0.095,479.03,256.93,0.4636,0,0.0,C491574005
O2406335809,2025-03-07,西北,西安,服饰,上衣,服-上-806,直播,支付宝,108.74,3,0.1,293.6,165.9,0.4349,0,0.0,C650775888
O6334751926,2025-03-07,西南,成都,数码,智能穿戴,数-智-708,站内推荐,微信支付,136.66,2,0.064,264.05,202.86,0.2317,0,0.0,C025850923
O8255553184,2025-03-07,华南,深圳,服饰,上衣,服-上-577,信息流广告,微信支付,82.75,3,0.107,226.44,147.19,0.35,0,0.0,C290374836
O6415578946,2025-03-07,华北,天津,数码,配件,数-配-474,直播,支付宝,243.68,2,0.062,457.14,351.06,0.2321,0,0.0,C796232134
O3939595164,2025-03-07,华东,苏州,家居,清洁,家-清-470,私域,支付宝,72.16,2,0.066,134.79,78.94,0.4143,0,0.0,C831172610
O0455964977,2025-03-07,华南,厦门,家居,收纳,家-收-351,私域,微信支付,60.73,2,0.053,117.49,68.96,0.4131,0,0.0,C609712326
O7194156370,2025-03-07,西南,昆明,家居,厨具,家-厨-382,私域,支付宝,84.46,1,0.1,78.46,54.74,0.3023,0,0.0,C165689559
O0675390139,2025-03-07,华东,南京,食品,速食,食-速-773,私域,微信支付,47.82,1,0.04,45.91,32.44,0.2934,0,0.0,C859951861
O1236178818,2025-03-07,华中,南昌,家居,清洁,家-清-506,站内推荐,支付宝,72.34,4,0.076,267.37,166.95,0.3756,0,0.0,C117714475
O6110992435,2025-03-07,华东,宁波,服饰,裤装,服-裤-321,信息流广告,支付宝,177.53,3,0.095,481.99,270.9,0.438,0,0.0,C526067077
O3139756675,2025-03-07,华东,宁波,家居,清洁,家-清-740,信息流广告,银行卡,99.99,3,0.121,263.67,146.77,0.4434,0,0.0,C509521678
O6491636170,2025-03-07,东北,长春,数码,配件,数-配-534,站内推荐,银行卡,226.12,3,0.101,604.4,422.71,0.3006,0,0.0,C396430172
O5390832619,2025-03-08,华南,深圳,数码,耳机,数-耳-248,直播,微信支付,148.47,1,0.069,141.23,101.38,0.2822,0,0.0,C708188668
O8611489455,2025-03-08,西南,成都,家居,清洁,家-清-236,自然搜索,银行卡,66.5,2,0.075,127.04,74.69,0.4121,0,0.0,C462565977
O2509660448,2025-03-08,华南,佛山,食品,速食,食-速-418,信息流广告,微信支付,39.18,2,0.137,69.1,43.23,0.3744,0,0.0,C336070241
O1814473758,2025-03-08,华南,厦门,美妆,护肤,美-护-951,线下导流,微信支付,110.31,3,0.061,317.5,173.36,0.454,0,0.0,C177843591
O3034845032,2025-03-08,华中,郑州,食品,零食,食-零-211,线下导流,支付宝,61.31,4,0.056,231.51,174.8,0.245,0,0.0,C489269245
O4237595070,2025-03-08,华北,北京,美妆,护肤,美-护-850,直播,微信支付,100.08,2,0.051,189.95,112.81,0.4061,0,0.0,C399199880
O5763237661,2025-03-08,华东,上海,食品,速食,食-速-329,站内推荐,支付宝,36.89,3,0.001,110.56,77.34,0.3005,0,0.0,C069349250
O1260505314,2025-03-08,华南,厦门,数码,耳机,数-耳-226,自然搜索,微信支付,190.25,4,0.03,754.23,513.49,0.3192,0,0.0,C305569776
O4579264518,2025-03-08,西南,昆明,美妆,香氛,美-香-544,自然搜索,支付宝,178.88,1,0.032,178.81,84.72,0.5262,0,0.0,C107406299
O1155140650,2025-03-08,华北,天津,服饰,裤装,服-裤-189,直播,微信支付,170.28,1,,150.87,73.4,0.5135,0,0.0,C078855889
O8791157051,2025-03-08,华东,杭州,数码,配件,数-配-501,信息流广告,微信支付,162.55,3,0.082,447.66,331.02,0.2606,0,0.0,C979273144
O2760843435,2025-03-08,华中,长沙,食品,饮料,食-饮-511,自然搜索,微信支付,55.09,4,0.014,217.27,140.13,0.355,0,0.0,C119738767
O7148507428,2025-03-08,华东,宁波,家居,清洁,家-清-160,线下导流,支付宝,71.7,1,0.119,63.17,37.95,0.3992,0,0.0,C857279290
O0888907244,2025-03-08,华东,南京,家居,清洁,家-清-897,自然搜索,支付宝,85.93,4,0.143,294.57,184.16,0.3748,0,0.0,C952058790
O8044392816,2025-03-08,华中,长沙,美妆,护肤,美-护-631,直播,支付宝,126.98,4,0.084,465.25,284.15,0.3893,0,0.0,C885234838
O6825020790,2025-03-08,华东,宁波,数码,智能穿戴,数-智-400,自然搜索,微信支付,129.48,3,0.056,366.69,273.95,0.2529,0,0.0,C757590127
O1905883411,2025-03-08,西南,成都,美妆,彩妆,美-彩-180,自然搜索,支付宝,155.87,3,0.066,451.0,240.11,0.4676,0,0.0,C329055049
O9264734647,2025-03-08,华东,上海,家居,收纳,家-收-352,自然搜索,支付宝,84.05,4,0.041,322.42,194.03,0.3982,0,0.0,C031103275
O9333783107,2025-03-08,华中,南昌,食品,饮料,食-饮-841,信息流广告,支付宝,49.4,1,0.18,40.51,26.34,0.3498,0,0.0,C905228231
O1752173199,2025-03-09,东北,哈尔滨,食品,零食,食-零-651,自然搜索,支付宝,53.56,2,0.116,93.82,68.75,0.2672,0,0.0,C444112310
O2846215558,2025-03-09,华南,佛山,家居,厨具,家-厨-830,站内推荐,微信支付,96.81,1,0.064,92.62,61.22,0.339,0,0.0,C734071059
O8256620857,2025-03-09,华东,上海,服饰,鞋靴,服-鞋-933,私域,支付宝,166.03,1,0.092,150.76,100.69,0.3321,0,0.0,C532683015
O7425319973,2025-03-09,华南,深圳,数码,智能穿戴,数-智-709,线下导流,微信支付,241.51,4,0.063,925.17,741.93,0.1981,0,0.0,C828813628
O4517523070,2025-03-09,华东,苏州,家居,收纳,家-收-100,私域,支付宝,67.41,3,0.047,192.73,108.07,0.4393,0,0.0,C580178026
O3530010408,2025-03-09,华南,厦门,家居,厨具,家-厨-587,站内推荐,微信支付,69.78,2,0.033,137.94,81.43,0.4097,0,0.0,C590083710
O7707745815,2025-03-09,华北,北京,家居,收纳,家-收-995,自然搜索,微信支付,70.26,4,0.092,255.18,166.07,0.3492,0,0.0,C722033906
O2239680715,2025-03-09,华北,北京,食品,速食,食-速-194,直播,微信支付,36.41,2,0.102,65.39,44.55,0.3187,0,0.0,C386457757
O4681261723,2025-03-09,华东,杭州,美妆,香氛,美-香-593,信息流广告,支付宝,92.73,2,0.084,169.88,92.84,0.4535,0,0.0,C857655890
O0259136095,2025-03-09,西南,昆明,美妆,彩妆,美-彩-222,站内推荐,支付宝,108.16,2,0.064,209.18,113.11,0.4593,1,158.68,C948343525
O3711720779,2025-03-09,华东,苏州,美妆,香氛,美-香-536,自然搜索,支付宝,239.53,3,0.02,704.22,407.24,0.4217,0,0.0,C546763878
O1846842802,2025-03-09,华中,郑州,美妆,香氛,美-香-355,自然搜索,支付宝,184.08,1,0.075,170.27,100.23,0.4113,0,0.0,C162362341
O1238405168,2025-03-10,西北,乌鲁木齐,数码,耳机,数-耳-249,信息流广告,支付宝,189.1,4,0.038,727.66,538.14,0.2605,1,710.49,C096021873
O1136138456,2025-03-10,华南,厦门,家居,厨具,家-厨-949,信息流广告,支付宝,73.56,4,0.097,271.66,166.18,0.3883,0,0.0,C380452706
O4776248368,2025-03-10,华中,武汉,食品,零食,食-零-805,直播,支付宝,48.16,1,0.101,43.3,28.32,0.346,0,0.0,C551401523
O4928385029,2025-03-10,西南,,美妆,彩妆,美-彩-992,站内推荐,微信支付,100.15,4,0.1,372.66,207.52,0.4431,0,0.0,C221689889
O6815275797,2025-03-10,华中,郑州,家居,收纳,家-收-410,站内推荐,支付宝,86.53,2,0.085,158.35,101.75,0.3574,0,0.0,C886333683
O4961102702,2025-03-10,华北,石家庄,数码,智能穿戴,数-智-281,信息流广告,微信支付,117.79,2,0.082,216.26,161.6,0.2528,0,0.0,C068596738
O9920457550,2025-03-10,华东,上海,服饰,鞋靴,服-鞋-783,信息流广告,支付宝,184.13,4,0.095,666.55,341.46,0.4877,0,0.0,C733404322
O1282885536,2025-03-10,华南,深圳,美妆,彩妆,美-彩-826,线下导流,支付宝,146.97,1,0.069,139.9,77.26,0.4477,0,0.0,C881614058
O2383811016,2025-03-10,西南,昆明,美妆,彩妆,美-彩-712,私域,支付宝,162.32,1,0.075,155.19,84.14,0.4578,0,0.0,C065201159
O9558502676,2025-03-10,华南,广州,家居,清洁,家-清-872,站内推荐,银行卡,109.8,1,0.126,98.12,59.65,0.3921,0,0.0,C720957918
O4658642301,2025-03-10,华北,天津,数码,耳机,数-耳-122,私域,银行卡,248.16,1,0.05,235.75,158.58,0.3273,0,0.0,C504016031
O4720744910,2025-03-10,华东,上海,服饰,上衣,服-上-943,线下导流,微信支付,122.32,2,0.104,219.2,109.99,0.4982,0,0.0,C798886937
O7619037677,2025-03-10,华北,天津,家居,厨具,家-厨-611,站内推荐,支付宝,99.11,1,0.069,92.27,55.52,0.3983,0,0.0,C958110218
O0094613801,2025-03-10,华北,天津,服饰,上衣,服-上-740,站内推荐,微信支付,134.09,4,0.044,512.76,326.88,0.3625,0,0.0,C684018259
O0749450934,2025-03-10,华东,宁波,食品,速食,食-速-797,私域,微信支付,64.7,3,0.075,179.54,117.32,0.3466,0,0.0,C687710896
O0786280575,2025-03-10,华南,佛山,美妆,香氛,美-香-301,直播,银行卡,88.3,4,0.119,318.14,169.11,0.4684,0,0.0,C344797314
O9329779091,2025-03-10,华北,天津,美妆,护肤,美-护-702,直播,银行卡,191.22,2,0.123,335.4,185.72,0.4463,0,0.0,C121014331
O5162847569,2025-03-10,华北,太原,家居,收纳,家-收-972,自然搜索,微信支付,68.39,1,0.041,65.59,34.72,0.4707,0,0.0,C194140543
O4987495439,2025-03-10,华北,太原,服饰,裤装,服-裤-949,信息流广告,支付宝,115.63,2,0.055,218.54,109.25,0.5001,0,0.0,C282728879
O3832083733,2025-03-10,华北,石家庄,数码,耳机,数-耳-697,直播,支付宝,269.68,1,0.109,240.28,175.81,0.2683,0,0.0,C272275719
O7893323560,2025-03-11,华东,上海,家居,收纳,家-收-659,自然搜索,微信支付,74.32,3,0.025,217.39,109.67,0.4955,0,0.0,C904432507
O9399622072,2025-03-11,华中,郑州,家居,厨具,家-厨-606,站内推荐,支付宝,75.29,1,0.073,69.79,43.95,0.3703,0,0.0,C864914219
O3740132537,2025-03-11,华东,上海,家居,收纳,家-收-766,信息流广告,支付宝,74.55,1,0.095,67.47,42.28,0.3734,1,45.3,C261992209
O7350937449,2025-03-11,华东,上海,食品,零食,食-零-612,私域,支付宝,25.63,3,0.048,73.2,49.05,0.3299,0,0.0,C854769311
O5069659272,2025-03-11,华南,佛山,食品,速食,食-速-667,自然搜索,微信支付,58.25,2,0.063,111.64,72.9,0.347,0,0.0,C025020271
O4664427912,2025-03-11,华南,广州,服饰,上衣,服-上-387,信息流广告,支付宝,67.47,3,0.107,184.86,108.78,0.4116,0,0.0,C630029620
O0315004282,2025-03-11,华南,广州,美妆,彩妆,美-彩-382,自然搜索,支付宝,169.13,3,0.059,488.31,240.05,0.5084,0,0.0,C328712112
O6755950780,2025-03-11,华南,佛山,家居,清洁,家-清-775,私域,微信支付,106.5,3,0.019,320.56,205.14,0.3601,0,0.0,C541283574
O8733240779,2025-03-11,华北,太原,家居,收纳,家-收-831,站内推荐,支付宝,81.1,3,0.036,234.54,133.66,0.4301,0,0.0,C592477740
O3324520141,2025-03-11,西南,贵阳,食品,零食,食-零-996,站内推荐,微信支付,72.1,3,0.013,220.77,147.45,0.3321,0,0.0,C710666168
O4105146516,2025-03-11,华南,广州,美妆,香氛,美-香-342,直播,微信支付,149.99,4,0.111,545.5,291.99,0.4647,0,0.0,C931563575
O7169819342,2025-03-11,华南,佛山,数码,配件,数-配-709,直播,支付宝,202.78,2,0.095,375.38,277.21,0.2615,0,0.0,C617083521
O3035643293,2025-03-11,西北,西安,食品,零食,食-零-174,线下导流,支付宝,19.65,2,0.047,37.45,26.91,0.2814,0,0.0,C396834797
O2505732517,2025-03-11,华南,广州,数码,耳机,数-耳-886,线下导流,微信支付,240.49,1,0.035,237.35,176.41,0.2568,0,0.0,C940204378
O4248964667,2025-03-11,西北,兰州,数码,耳机,数-耳-895,信息流广告,支付宝,206.51,3,0.05,588.55,461.98,0.2151,0,0.0,C103265971
O0700174621,2025-03-11,华南,佛山,美妆,护肤,美-护-298,私域,微信支付,206.1,2,0.042,403.87,192.5,0.5234,1,261.43,C788095115
O1670832257,2025-03-12,华东,南京,服饰,上衣,服-上-434,私域,支付宝,151.84,2,0.027,295.48,184.75,0.3747,0,0.0,C828803094
O0574070690,2025-03-12,西南,重庆,美妆,香氛,美-香-294,站内推荐,银行卡,126.44,1,0.046,124.8,69.42,0.4437,0,0.0,C786697077
O8399060818,2025-03-12,西南,贵阳,美妆,香氛,美-香-209,私域,货到付款,126.17,2,0.054,246.98,147.73,0.4019,0,0.0,C752248852
O6153734460,2025-03-12,华北,石家庄,家居,清洁,家-清-141,直播,微信支付,86.1,3,0.085,236.34,148.32,0.3724,0,0.0,C832615027
O7403766728,2025-03-12,东北,大连,食品,速食,食-速-653,信息流广告,微信支付,41.95,3,0.077,115.04,74.18,0.3552,0,0.0,C735813132
O2364197361,2025-03-12,西北,银川,食品,零食,食-零-199,私域,微信支付,47.36,2,0.061,88.94,60.55,0.3192,1,63.37,C443490598
O6637876420,2025-03-12,华南,厦门,食品,饮料,食-饮-329,私域,货到付款,47.01,1,0.078,44.34,28.9,0.3482,0,0.0,C982802133
O3506475816,2025-03-12,华东,南京,美妆,彩妆,美-彩-928,私域,支付宝,120.66,1,0.0,120.66,71.41,0.4082,0,0.0,C744643581
O0268921594,2025-03-12,华东,上海,食品,零食,食-零-362,站内推荐,支付宝,51.44,4,0.068,191.77,129.75,0.3234,0,0.0,C978914004
O1471823266,2025-03-12,华东,苏州,家居,厨具,家-厨-694,直播,支付宝,77.95,2,0.083,142.96,91.33,0.3611,0,0.0,C643613662
O9656703152,2025-03-12,华南,佛山,家居,清洁,家-清-162,私域,支付宝,95.19,1,0.066,90.96,59.15,0.3497,0,0.0,C382941179
O9998509699,2025-03-12,华中,南昌,数码,耳机,数-耳-332,信息流广告,支付宝,190.84,2,0.06,358.78,260.51,0.2739,0,0.0,C746682552
O0016106451,2025-03-12,东北,沈阳,食品,饮料,食-饮-354,站内推荐,银行卡,69.25,2,0.057,129.35,89.58,0.3075,0,0.0,C226991670
O5669333144,2025-03-12,华东,苏州,食品,饮料,食-饮-281,站内推荐,银行卡,57.92,2,0.075,107.15,63.51,0.4073,0,0.0,C186216014
O7310938373,2025-03-12,华东,南京,服饰,裤装,服-裤-670,自然搜索,微信支付,43.69,1,0.098,39.41,23.95,0.3923,0,0.0,C697152289
O8552047824,2025-03-12,华北,太原,服饰,鞋靴,服-鞋-147,直播,微信支付,60.91,4,0.074,225.61,123.6,0.4522,0,0.0,C934648345
O1823620364,2025-03-12,华南,广州,家居,清洁,家-清-836,信息流广告,微信支付,66.85,2,0.132,118.73,81.7,0.3119,1,97.88,C702206249
O1372598326,2025-03-12,东北,沈阳,数码,配件,数-配-216,直播,银行卡,143.77,2,0.151,241.77,168.52,0.303,0,0.0,C670509872
O1771834752,2025-03-13,华南,厦门,食品,零食,食-零-270,站内推荐,微信支付,54.1,2,0.115,98.0,65.81,0.3285,0,0.0,C371478831
O5673402037,2025-03-13,华南,佛山,美妆,彩妆,美-彩-275,自然搜索,银行卡,185.54,1,0.039,182.48,107.38,0.4116,0,0.0,C245187100
O8785450529,2025-03-13,华东,上海,家居,清洁,家-清-638,自然搜索,支付宝,119.59,2,0.034,231.05,156.83,0.3212,0,0.0,C109153247
O9270712183,2025-03-13,东北,沈阳,美妆,香氛,美-香-938,私域,微信支付,149.26,3,0.123,388.87,174.99,0.55,0,0.0,C336961511
O7431177399,2025-03-13,西南,贵阳,数码,耳机,数-耳-376,自然搜索,微信支付,113.47,1,0.049,111.7,82.02,0.2657,0,0.0,C625854584
O2978415624,2025-03-13,华北,北京,家居,厨具,家-厨-824,站内推荐,微信支付,91.81,3,0.075,254.77,156.43,0.386,0,0.0,C428490967
O4085291274,2025-03-13,华东,杭州,家居,清洁,家-清-111,线下导流,微信支付,91.58,3,0.092,249.46,160.08,0.3583,0,0.0,C726503254
O4712295172,2025-03-13,东北,大连,美妆,护肤,美-护-713,信息流广告,支付宝,171.05,1,0.09,154.14,92.68,0.3987,0,0.0,C247808935
O2574934918,2025-03-13,华北,石家庄,服饰,裤装,服-裤-539,线下导流,微信支付,183.75,2,0.117,324.5,188.76,0.4183,0,0.0,C193673578
O7640271327,2025-03-13,华中,武汉,家居,收纳,家-收-835,自然搜索,微信支付,67.91,2,0.091,123.46,83.09,0.327,0,0.0,C877091482
O1793305300,2025-03-13,华东,杭州,家居,清洁,家-清-284,自然搜索,微信支付,104.74,1,0.075,96.88,54.34,0.4391,0,0.0,C344757225
O4740908457,2025-03-13,华东,上海,食品,饮料,食-饮-380,私域,微信支付,41.16,2,0.079,75.82,46.8,0.3827,0,0.0,C918634715
O7200010391,2025-03-13,华北,天津,美妆,彩妆,美-彩-838,站内推荐,支付宝,129.66,4,0.058,488.56,273.65,0.4399,0,0.0,C688303671
O4404175305,2025-03-13,西南,重庆,美妆,香氛,美-香-423,直播,微信支付,125.59,3,0.143,334.23,170.04,0.4912,0,0.0,C749174324
O1539783809,2025-03-13,西南,重庆,食品,速食,食-速-174,线下导流,微信支付,68.24,2,0.062,132.51,93.1,0.2974,0,0.0,C257725573
O8662693329,2025-03-13,西南,贵阳,数码,智能穿戴,数-智-815,直播,微信支付,191.57,4,0.155,670.24,483.2,0.2791,0,0.0,C839748984
O0383959649,2025-03-13,华东,宁波,家居,厨具,家-厨-967,直播,微信支付,43.03,1,0.093,39.03,27.07,0.3064,0,0.0,C237819431
O1865468459,2025-03-13,华北,北京,食品,饮料,食-饮-147,私域,支付宝,45.49,4,0.021,178.14,103.3,0.4201,0,0.0,C922206402
O1745409661,2025-03-13,华中,郑州,数码,智能穿戴,数-智-802,直播,微信支付,182.21,4,0.119,642.11,452.25,0.2957,0,0.0,C798213054
O9161221704,2025-03-13,西南,昆明,美妆,彩妆,美-彩-781,直播,支付宝,118.12,4,0.134,423.53,223.9,0.4713,1,379.23,C451473947
O6694368877,2025-03-14,华中,长沙,美妆,香氛,美-香-233,直播,微信支付,180.48,3,0.121,475.93,265.41,0.4423,0,0.0,C043383894
O4829616329,2025-03-14,华中,武汉,家居,清洁,家-清-981,站内推荐,支付宝,54.08,3,0.073,150.4,90.4,0.3989,0,0.0,C773636367
O0433670308,2025-03-14,华东,上海,美妆,香氛,美-香-196,私域,支付宝,206.17,3,0.131,537.49,296.37,0.4486,0,0.0,C949689547
O8729019031,2025-03-14,华北,北京,服饰,鞋靴,服-鞋-803,线下导流,支付宝,63.58,4,0.052,241.1,122.39,0.4924,0,0.0,C203217043
O6885912178,2025-03-14,华南,广州,数码,配件,数-配-605,私域,支付宝,130.45,3,0.072,371.79,300.06,0.1929,1,250.87,C951168978
O9322655539,2025-03-14,华北,天津,美妆,护肤,美-护-404,站内推荐,支付宝,143.46,1,0.047,136.72,71.77,0.4751,1,124.96,C287015184
O6181325088,2025-03-14,华东,上海,食品,饮料,食-饮-808,信息流广告,微信支付,35.23,3,0.024,103.15,69.56,0.3256,0,0.0,C712268896
O6171127063,2025-03-14,华南,深圳,美妆,彩妆,美-彩-972,站内推荐,支付宝,212.98,4,0.047,831.15,432.13,0.4801,0,0.0,C223335941
O8374300711,2025-03-14,华中,郑州,食品,饮料,食-饮-168,私域,支付宝,40.74,4,0.074,150.9,99.93,0.3378,0,0.0,C131585688
O7527476695,2025-03-14,华中,郑州,数码,耳机,数-耳-218,私域,微信支付,210.68,2,0.113,373.75,275.1,0.2639,0,0.0,C377439206
O1396697465,2025-03-14,华中,南昌,食品,速食,食-速-179,信息流广告,支付宝,44.43,1,0.128,38.74,23.85,0.3844,0,0.0,C395741185
O8213363255,2025-03-14,华中,郑州,服饰,裤装,服-裤-304,私域,支付宝,128.0,1,0.07,119.04,64.96,0.4543,0,0.0,C419527417
O6045961134,2025-03-14,华南,厦门,美妆,香氛,美-香-308,私域,微信支付,114.05,3,0.135,302.98,171.98,0.4324,0,0.0,C170011589
O8581651564,2025-03-14,华北,太原,数码,配件,数-配-194,私域,微信支付,258.79,4,0.054,979.26,658.43,0.3276,0,0.0,C675326945
O7484874466,2025-03-14,华南,佛山,数码,耳机,数-耳-147,直播,支付宝,278.13,2,0.125,498.28,376.68,0.244,0,0.0,C702450144
O2538067330,2025-03-14,华中,郑州,服饰,鞋靴,服-鞋-441,自然搜索,货到付款,76.69,2,0.075,141.88,82.22,0.4205,0,0.0,C004547376
O9236631796,2025-03-14,西南,成都,家居,清洁,家-清-139,自然搜索,支付宝,83.17,1,0.073,79.84,57.83,0.2757,0,0.0,C828899317
O0921407888,2025-03-14,华北,石家庄,服饰,裤装,服-裤-128,自然搜索,支付宝,102.73,4,0.096,371.47,246.06,0.3376,0,0.0,C463811933
O6779883685,2025-03-14,华南,厦门,家居,清洁,家-清-754,自然搜索,支付宝,66.64,2,0.029,132.49,86.68,0.3458,0,0.0,C152687555
O5401142376,2025-03-14,西南,重庆,家居,厨具,家-厨-595,直播,支付宝,85.17,3,0.1,238.15,148.68,0.3757,0,0.0,C782683357
O3844249051,2025-03-14,华北,北京,数码,配件,数-配-411,站内推荐,微信支付,200.79,1,0.075,185.73,137.02,0.2623,1,167.9,C102777119
O8393455136,2025-03-14,华中,南昌,服饰,裤装,服-裤-979,线下导流,支付宝,156.42,3,0.078,432.66,243.18,0.4379,0,0.0,C841854580
O0577318242,2025-03-14,东北,大连,服饰,鞋靴,服-鞋-162,自然搜索,微信支付,172.73,3,0.089,467.4,290.14,0.3792,0,0.0,C045778843
O2481836532,2025-03-15,华南,厦门,服饰,裤装,服-裤-945,自然搜索,微信支付,124.46,4,0.068,475.15,263.92,0.4446,0,0.0,C366660333
O2624460002,2025-03-15,华东,宁波,服饰,上衣,服-上-732,线下导流,微信支付,134.98,4,0.046,515.08,248.64,0.5173,0,0.0,C519438113
O3679019554,2025-03-15,华中,武汉,食品,零食,食-零-577,站内推荐,银行卡,37.03,3,0.125,97.2,61.62,0.366,0,0.0,C323029170
O9947983654,2025-03-15,华南,厦门,服饰,裤装,服-裤-601,自然搜索,微信支付,176.77,3,0.083,498.0,299.08,0.3994,0,0.0,C690938184
O6073392962,2025-03-15,西南,贵阳,家居,收纳,家-收-584,直播,微信支付,85.79,2,0.098,160.35,109.91,0.3146,0,0.0,C963438406
O0150704746,2025-03-15,华南,佛山,美妆,彩妆,美-彩-214,站内推荐,微信支付,114.94,4,0.083,431.75,226.51,0.4754,0,0.0,C374793296
O4922905379,2025-03-15,华南,佛山,美妆,香氛,美-香-836,信息流广告,微信支付,217.79,2,0.116,394.32,239.91,0.3916,0,0.0,C323736370
O6409766539,2025-03-15,华南,厦门,食品,饮料,食-饮-815,站内推荐,货到付款,45.19,1,0.087,42.25,25.33,0.4005,0,0.0,C536131084
O1673312186,2025-03-15,华东,宁波,数码,耳机,数-耳-625,直播,支付宝,230.2,2,0.067,429.55,316.13,0.264,0,0.0,C687331787
O4556590011,2025-03-15,华南,广州,数码,耳机,数-耳-312,私域,支付宝,289.64,3,0.063,833.77,649.7,0.2208,0,0.0,C401588207
O9636468877,2025-03-15,华南,佛山,食品,零食,食-零-444,线下导流,微信支付,62.81,2,0.058,121.18,73.14,0.3964,0,0.0,C118546011
O4053601177,2025-03-15,华东,上海,数码,配件,数-配-721,直播,银行卡,196.57,1,0.137,169.64,116.74,0.3118,0,0.0,C147016574
O5626974954,2025-03-15,华东,宁波,食品,零食,食-零-737,直播,微信支付,50.73,4,0.078,187.09,117.57,0.3716,0,0.0,C932165713
O8758832707,2025-03-15,华南,佛山,家居,厨具,家-厨-994,私域,支付宝,81.89,1,0.035,80.93,50.93,0.3707,0,0.0,C471550564
O1831764305,2025-03-15,华北,石家庄,数码,耳机,数-耳-187,自然搜索,货到付款,259.25,1,0.048,246.81,179.62,0.2722,0,0.0,C553156114
O5972475463,2025-03-15,华东,苏州,美妆,护肤,美-护-258,自然搜索,微信支付,176.42,1,0.028,171.48,97.05,0.434,0,0.0,C678977739
O2513762414,2025-03-15,华东,南京,服饰,裤装,服-裤-461,线下导流,支付宝,139.13,1,0.09,126.61,78.13,0.3829,0,0.0,C292460296
O2214252566,2025-03-15,华南,佛山,数码,耳机,数-耳-697,直播,支付宝,200.77,3,0.072,572.4,439.69,0.2318,0,0.0,C800457246
O6197992942,2025-03-15,华北,石家庄,服饰,裤装,服-裤-170,自然搜索,微信支付,138.35,4,0.086,505.81,303.89,0.3992,1,473.93,C846629855
O3529583325,2025-03-15,西南,贵阳,食品,速食,食-速-817,站内推荐,支付宝,57.85,3,0.05,170.82,112.08,0.3439,0,0.0,C658580373
O8810477258,2025-03-15,华北,石家庄,食品,速食,食-速-984,直播,微信支付,54.76,1,0.077,50.54,32.7,0.353,0,0.0,C797021187
O3085378941,2025-03-16,华南,佛山,食品,速食,食-速-199,私域,货到付款,39.17,2,0.097,72.47,51.1,0.2949,0,0.0,C442548076
O8035019438,2025-03-16,华中,武汉,服饰,裤装,服-裤-904,线下导流,支付宝,126.73,3,0.012,375.63,196.32,0.4774,0,0.0,C028749579
O9382391389,2025-03-16,华北,石家庄,美妆,护肤,美-护-440,直播,支付宝,104.88,3,0.018,308.98,180.13,0.417,0,0.0,C989433119
O8044594483,2025-03-16,华东,上海,服饰,上衣,服-上-434,直播,微信支付,119.07,3,0.02,350.07,206.36,0.4105,0,0.0,C317024405
O5697666451,2025-03-16,华东,南京,服饰,裤装,服-裤-406,自然搜索,支付宝,208.55,1,0.062,195.62,123.09,0.3708,0,0.0,C074813283
O1863110373,2025-03-16,华北,石家庄,服饰,裤装,服-裤-196,线下导流,支付宝,55.77,1,0.058,52.54,28.52,0.4572,0,0.0,C104273124
O6149684244,2025-03-16,华东,宁波,食品,饮料,食-饮-202,自然搜索,微信支付,51.94,3,0.047,148.5,100.93,0.3203,0,0.0,C946533824
O0944199762,2025-03-16,西南,昆明,数码,智能穿戴,数-智-537,私域,微信支付,275.38,3,0.107,764.74,573.45,0.2501,0,0.0,C906240133
O5800195600,2025-03-16,华北,北京,美妆,香氛,美-香-930,自然搜索,微信支付,119.81,3,0.039,345.41,161.64,0.532,0,0.0,C674046237
O8623406106,2025-03-16,华北,北京,数码,智能穿戴,数-智-158,站内推荐,货到付款,207.08,3,0.117,548.55,396.78,0.2767,0,0.0,C375060364
O9248127395,2025-03-16,华东,南京,美妆,护肤,美-护-917,信息流广告,微信支付,169.88,2,0.112,301.71,164.44,0.455,1,221.95,C850843724
O4926766721,2025-03-16,西南,昆明,食品,饮料,食-饮-655,线下导流,微信支付,48.29,4,0.055,189.22,131.41,0.3055,0,0.0,C939220498
O9180631201,2025-03-17,华南,厦门,家居,厨具,家-厨-420,信息流广告,支付宝,112.39,3,0.123,303.01,190.24,0.3722,0,0.0,C319840971
O5956243132,2025-03-17,华东,上海,数码,配件,数-配-443,信息流广告,支付宝,207.84,2,0.065,388.66,271.94,0.3003,0,0.0,C579839952
O2559654368,2025-03-17,华东,杭州,食品,饮料,食-饮-835,直播,微信支付,58.15,2,0.075,107.58,67.12,0.3761,0,0.0,C563556333
O8194662633,2025-03-17,华东,南京,食品,零食,食-零-698,线下导流,银行卡,40.1,4,0.089,146.12,93.36,0.3611,0,0.0,C874077173
O5743892472,2025-03-17,华中,郑州,数码,配件,数-配-153,自然搜索,支付宝,220.54,1,0.028,214.36,172.53,0.1951,0,0.0,C782199860
O8276562186,2025-03-17,华东,宁波,数码,配件,数-配-885,信息流广告,支付宝,275.78,4,0.045,1053.48,786.31,0.2536,0,0.0,C993480812
O9439341810,2025-03-17,西南,重庆,美妆,香氛,美-香-794,私域,支付宝,143.59,1,0.091,135.36,73.84,0.4545,0,0.0,C888813737
O9523139474,2025-03-17,华中,南昌,服饰,上衣,服-上-492,直播,支付宝,174.02,4,0.21,549.9,281.44,0.4882,0,0.0,C461311712
O7225905285,2025-03-17,华南,深圳,服饰,鞋靴,服-鞋-571,信息流广告,微信支付,86.57,4,0.092,322.2,181.49,0.4367,0,0.0,C006201137
O8756114856,2025-03-17,东北,哈尔滨,家居,厨具,家-厨-307,站内推荐,支付宝,61.39,4,0.085,222.37,135.53,0.3905,0,0.0,C934614532
O2567646734,2025-03-17,华中,长沙,家居,厨具,家-厨-921,信息流广告,微信支付,86.31,3,0.09,235.63,131.39,0.4424,0,0.0,C664295547
O3009232101,2025-03-17,华东,杭州,服饰,鞋靴,服-鞋-108,站内推荐,货到付款,86.64,3,0.078,239.65,119.4,0.5018,0,0.0,C808262807
O8349966729,2025-03-17,华南,广州,食品,零食,食-零-546,自然搜索,微信支付,37.29,3,0.042,109.82,76.84,0.3003,0,0.0,C288288455
O4724293881,2025-03-17,西南,成都,服饰,裤装,服-裤-582,自然搜索,微信支付,101.67,4,0.062,395.61,211.01,0.4666,0,0.0,C903105654
O5157657560,2025-03-18,华北,石家庄,服饰,裤装,服-裤-845,直播,支付宝,136.61,2,0.076,252.46,151.8,0.3987,0,0.0,C015334934
O5481330087,2025-03-18,西南,昆明,服饰,鞋靴,服-鞋-649,站内推荐,微信支付,97.17,3,0.076,279.48,150.71,0.4607,0,0.0,C324720455
O3788942061,2025-03-18,华中,郑州,服饰,鞋靴,服-鞋-620,自然搜索,支付宝,111.65,4,0.014,440.35,259.83,0.4099,0,0.0,C222335966
O3410200291,2025-03-18,华东,上海,家居,厨具,家-厨-778,直播,微信支付,67.64,4,0.04,259.74,176.47,0.3206,0,0.0,C614657274
O2993631080,2025-03-18,华南,佛山,美妆,香氛,美-香-923,自然搜索,支付宝,152.02,2,0.013,307.61,143.61,0.5331,0,0.0,C427153511
O7846619646,2025-03-18,西南,成都,食品,速食,食-速-111,站内推荐,银行卡,55.79,3,0.082,159.42,106.15,0.3341,0,0.0,C966861887
O0668563349,2025-03-18,华北,北京,家居,厨具,家-厨-198,站内推荐,支付宝,60.06,4,0.044,229.67,137.24,0.4024,0,0.0,C483623864
O3481530410,2025-03-18,华东,南京,服饰,上衣,服-上-727,私域,支付宝,113.13,4,0.081,415.87,251.19,0.396,0,0.0,C216746175
O9711988684,2025-03-18,华中,长沙,家居,清洁,家-清-569,自然搜索,支付宝,71.03,3,0.049,202.65,113.26,0.4411,0,0.0,C128698701
O1316465101,2025-03-18,东北,大连,数码,配件,数-配-132,站内推荐,微信支付,242.44,3,0.011,711.81,499.27,0.2986,0,0.0,C229784348
O5899128658,2025-03-18,华北,北京,食品,速食,食-速-364,自然搜索,微信支付,36.92,3,0.051,105.11,69.29,0.3408,0,0.0,C055945820
O6081955476,2025-03-18,华北,天津,数码,耳机,数-耳-807,直播,微信支付,116.39,4,0.059,438.09,292.67,0.3319,0,0.0,C901219014
O7722360834,2025-03-18,华南,厦门,数码,智能穿戴,数-智-942,自然搜索,支付宝,188.76,1,0.073,179.36,133.56,0.2554,0,0.0,C919640084
O5627338317,2025-03-18,华南,佛山,数码,智能穿戴,数-智-737,站内推荐,微信支付,208.8,2,0.113,379.69,278.97,0.2653,0,0.0,C366008037
O1239246100,2025-03-18,华北,北京,数码,智能穿戴,数-智-353,直播,支付宝,137.22,3,0.072,382.02,270.09,0.293,0,0.0,C139959054
O0469178565,2025-03-18,华南,深圳,数码,智能穿戴,数-智-307,信息流广告,支付宝,201.71,2,0.164,345.71,252.96,0.2683,1,302.5,C192390452
O3249897564,2025-03-18,华北,天津,美妆,护肤,美-护-568,站内推荐,银行卡,183.17,4,0.066,684.32,389.88,0.4303,0,0.0,C015620038
O7683313271,2025-03-19,东北,大连,食品,零食,食-零-975,自然搜索,微信支付,56.98,4,0.05,214.23,134.74,0.371,0,0.0,C572065581
O2247797926,2025-03-19,华北,石家庄,家居,厨具,家-厨-865,直播,微信支付,86.9,2,0.128,151.55,99.73,0.3419,0,0.0,C519182264
O9695891620,2025-03-19,西南,重庆,美妆,香氛,美-香-262,信息流广告,支付宝,149.61,2,0.136,268.37,142.07,0.4706,0,0.0,C211094137
O9614865819,2025-03-19,华东,上海,家居,清洁,家-清-875,线下导流,支付宝,87.1,1,0.058,82.05,52.58,0.3592,0,0.0,C198440327
O5446891951,2025-03-19,华南,深圳,数码,配件,数-配-701,线下导流,微信支付,178.58,4,0.039,703.89,529.93,0.2471,0,0.0,C934951083
O6799407545,2025-03-19,华东,宁波,服饰,裤装,服-裤-476,自然搜索,微信支付,134.36,4,0.074,497.67,299.11,0.399,0,0.0,C623346027
O9981785538,2025-03-19,华中,武汉,服饰,裤装,服-裤-325,线下导流,支付宝,137.67,1,0.057,129.82,81.31,0.3737,0,0.0,C760959657
O2417619320,2025-03-19,华南,深圳,家居,厨具,家-厨-815,信息流广告,微信支付,73.3,1,0.068,70.05,38.92,0.4444,0,0.0,C204638936
O5241684336,2025-03-19,华东,南京,家居,厨具,家-厨-894,私域,微信支付,105.81,2,0.041,202.94,129.31,0.3628,0,0.0,C642430486
O5496841785,2025-03-20,华中,武汉,美妆,彩妆,美-彩-788,自然搜索,支付宝,218.04,2,0.032,422.13,214.25,0.4925,0,0.0,C412916649
O8458125454,2025-03-20,华南,厦门,美妆,香氛,美-香-469,私域,微信支付,145.06,2,0.073,275.86,130.5,0.5269,0,0.0,C096611504
O1215968961,2025-03-20,华中,郑州,家居,收纳,家-收-352,自然搜索,微信支付,97.87,3,0.14,252.5,159.72,0.3674,0,0.0,C955961792
O9838221226,2025-03-20,西南,重庆,数码,智能穿戴,数-智-856,站内推荐,微信支付,174.88,2,0.074,336.37,253.82,0.2454,0,0.0,C152185269
O7042454991,2025-03-20,华东,苏州,家居,清洁,家-清-938,信息流广告,微信支付,79.16,1,0.071,73.54,46.66,0.3655,0,0.0,C637499010
O5780543803,2025-03-20,西南,贵阳,数码,智能穿戴,数-智-795,信息流广告,微信支付,167.18,3,0.125,455.77,350.02,0.232,0,0.0,C730132617
O2521250574,2025-03-20,华东,上海,家居,清洁,家-清-377,直播,货到付款,55.98,4,0.033,216.53,148.26,0.3153,0,0.0,C664968694
O4988593575,2025-03-20,西北,西安,数码,智能穿戴,数-智-130,站内推荐,支付宝,81.95,4,0.087,299.28,219.92,0.2652,0,0.0,C814813963
O6941915777,2025-03-20,华东,苏州,家居,收纳,家-收-777,直播,微信支付,67.82,4,0.139,233.57,135.46,0.42,0,0.0,C410396443
O6384640537,2025-03-20,华中,南昌,服饰,裤装,服-裤-699,直播,银行卡,113.3,1,0.086,103.56,58.32,0.4368,0,0.0,C813363595
O9588453666,2025-03-20,华北,太原,食品,饮料,食-饮-337,直播,微信支付,69.07,2,0.113,122.53,76.67,0.3743,0,0.0,C871356848
O7246850260,2025-03-20,华北,天津,数码,耳机,数-耳-123,自然搜索,微信支付,259.14,3,0.054,735.44,475.42,0.3536,0,0.0,C333998881
O3972368226,2025-03-20,华东,苏州,家居,厨具,家-厨-251,直播,支付宝,87.11,4,0.077,321.61,192.17,0.4025,0,0.0,C824647586
O7440442789,2025-03-20,华东,宁波,家居,收纳,家-收-143,私域,支付宝,64.64,1,0.078,59.6,38.04,0.3617,0,0.0,C661305760
O6465720481,2025-03-20,东北,沈阳,食品,饮料,食-饮-595,站内推荐,微信支付,53.6,4,0.081,194.92,126.24,0.3523,0,0.0,C842488658
O2030810165,2025-03-20,西北,银川,家居,收纳,家-收-636,直播,微信支付,43.78,4,0.074,162.16,108.13,0.3332,0,0.0,C633613149
O4758547266,2025-03-20,西南,昆明,美妆,彩妆,美-彩-602,自然搜索,微信支付,158.36,1,0.054,155.59,83.29,0.4647,0,0.0,C220106151
O7153053878,2025-03-20,华南,佛山,数码,智能穿戴,数-智-675,直播,银行卡,220.49,2,0.042,433.32,350.08,0.1921,0,0.0,C560740033
O3750092478,2025-03-20,华中,长沙,数码,耳机,数-耳-800,自然搜索,支付宝,285.05,3,0.086,781.61,574.82,0.2646,0,0.0,C224377237
O0429150812,2025-03-21,华中,郑州,服饰,裤装,服-裤-851,站内推荐,微信支付,90.31,1,0.01,89.41,47.64,0.4672,0,0.0,C684239919
O3463625045,2025-03-21,华北,天津,数码,智能穿戴,数-智-409,自然搜索,支付宝,212.63,2,0.056,401.45,278.52,0.3062,0,0.0,C830058883
O5489069703,2025-03-21,华中,长沙,服饰,上衣,服-上-251,直播,支付宝,105.3,3,0.061,296.63,189.84,0.36,0,0.0,C792228131
O3929299616,2025-03-21,华东,南京,服饰,上衣,服-上-727,站内推荐,支付宝,145.55,3,0.049,415.25,260.24,0.3733,0,0.0,C994432692
O3100282094,2025-03-21,华东,宁波,家居,清洁,家-清-893,自然搜索,货到付款,110.14,2,0.067,205.52,137.72,0.3299,0,0.0,C439389470
O2544396896,2025-03-21,西北,西安,食品,零食,食-零-319,直播,微信支付,57.67,2,0.062,108.19,77.4,0.2846,0,0.0,C094340607
O0379398024,2025-03-21,华南,佛山,食品,零食,食-零-512,站内推荐,微信支付,50.69,2,0.022,101.73,65.66,0.3546,0,0.0,C624014643
O1805855406,2025-03-21,华北,石家庄,家居,清洁,家-清-408,直播,支付宝,97.13,1,0.145,83.05,51.58,0.3789,0,0.0,C970287324
O1209384815,2025-03-21,华东,上海,家居,清洁,家-清-351,自然搜索,微信支付,63.26,4,0.046,241.4,135.29,0.4396,0,0.0,C393744664
O1664001053,2025-03-21,华东,南京,食品,零食,食-零-809,私域,微信支付,57.45,3,0.046,164.42,113.62,0.309,0,0.0,C257161531
O4325436382,2025-03-21,华中,南昌,美妆,香氛,美-香-482,自然搜索,微信支付,238.48,3,0.066,668.22,311.09,0.5344,1,542.37,C758423648
O6294778525,2025-03-22,华南,佛山,食品,速食,食-速-482,信息流广告,支付宝,55.66,3,0.112,152.19,88.74,0.4169,0,0.0,C462596916
O4585738032,2025-03-22,华中,武汉,服饰,上衣,服-上-368,自然搜索,微信支付,137.02,1,0.072,127.15,79.45,0.3751,0,0.0,C158188809
O2163161836,2025-03-22,华北,天津,美妆,彩妆,美-彩-406,私域,微信支付,182.24,1,0.036,175.68,95.32,0.4574,0,0.0,C553064980
O4013429766,2025-03-22,华南,广州,数码,耳机,数-耳-426,直播,银行卡,215.66,4,0.159,744.61,521.73,0.2993,0,0.0,C683122954
O7190717891,2025-03-22,西南,昆明,服饰,鞋靴,服-鞋-425,自然搜索,支付宝,125.32,1,0.074,120.64,62.38,0.4829,0,0.0,C108134343
O9872257068,2025-03-22,华中,武汉,食品,饮料,食-饮-361,私域,微信支付,36.61,2,0.116,64.73,41.26,0.3626,0,0.0,C400184198
O1013394347,2025-03-22,西南,重庆,服饰,上衣,服-上-858,自然搜索,微信支付,136.98,4,0.072,528.59,319.82,0.395,0,0.0,C314635398
O2966168881,2025-03-22,华东,苏州,数码,配件,数-配-100,直播,银行卡,257.6,1,0.161,216.13,162.39,0.2486,0,0.0,C289586253
O7253183314,2025-03-22,华南,深圳,食品,饮料,食-饮-107,直播,微信支付,46.47,4,0.105,170.75,108.16,0.3666,0,0.0,C697896837
O3144059898,2025-03-22,西南,昆明,数码,配件,数-配-132,线下导流,支付宝,202.0,2,0.012,414.94,334.21,0.1946,0,0.0,C904583775
O3105482530,2025-03-22,华东,南京,数码,耳机,数-耳-888,自然搜索,银行卡,166.61,4,0.092,605.13,417.03,0.3108,0,0.0,C776066461
O6249465073,2025-03-22,华南,深圳,家居,清洁,家-清-355,自然搜索,微信支付,87.7,4,0.035,347.45,182.4,0.475,0,0.0,C439565357
O1868018888,2025-03-22,华东,上海,数码,配件,数-配-278,自然搜索,支付宝,198.77,3,0.089,543.24,416.91,0.2325,0,0.0,C202950781
O8714198039,2025-03-23,西北,乌鲁木齐,数码,配件,数-配-424,站内推荐,支付宝,151.67,3,0.066,424.98,331.73,0.2194,0,0.0,C480481070
O0107693040,2025-03-23,华中,南昌,美妆,护肤,美-护-451,自然搜索,支付宝,162.85,2,0.08,299.64,152.0,0.4927,0,0.0,C173856843
O8632264057,2025-03-23,华南,佛山,食品,零食,食-零-862,线下导流,支付宝,38.69,1,0.028,38.61,25.03,0.3517,0,0.0,C123938695
O7027626998,2025-03-23,西南,成都,服饰,鞋靴,服-鞋-621,直播,支付宝,128.27,1,0.049,126.87,73.01,0.4245,0,0.0,C303056315
O4208724683,2025-03-23,西北,西安,服饰,裤装,服-裤-109,私域,支付宝,142.46,3,0.066,399.17,220.9,0.4466,0,0.0,C208897222
O7588810400,2025-03-23,西北,乌鲁木齐,美妆,彩妆,美-彩-462,自然搜索,微信支付,147.69,4,0.094,535.23,275.98,0.4844,0,0.0,C113389135
O2923258754,2025-03-23,西南,重庆,美妆,护肤,美-护-532,自然搜索,微信支付,129.98,2,0.114,239.55,127.85,0.4663,0,0.0,C748566743
O5632730405,2025-03-23,东北,沈阳,家居,厨具,家-厨-655,直播,微信支付,29.34,3,0.135,75.29,46.7,0.3797,0,0.0,C696365790
O4963868294,2025-03-23,华南,厦门,数码,智能穿戴,数-智-890,直播,货到付款,197.05,2,0.066,377.92,302.72,0.199,0,0.0,C838621130
O5601761507,2025-03-23,西南,昆明,食品,速食,食-速-642,直播,支付宝,58.78,4,0.069,227.66,154.01,0.3235,0,0.0,C082298311
O0893305398,2025-03-23,华北,天津,美妆,护肤,美-护-910,私域,支付宝,125.27,2,0.099,225.74,122.82,0.4559,0,0.0,C456994372
O7746207432,2025-03-23,华南,广州,家居,清洁,家-清-140,直播,微信支付,81.59,1,0.071,77.82,49.15,0.3684,0,0.0,C656983215
O5725188841,2025-03-23,西北,银川,美妆,护肤,美-护-224,站内推荐,支付宝,135.7,3,0.066,380.23,216.42,0.4308,0,0.0,C453305187
O2561469936,2025-03-23,华东,苏州,美妆,香氛,美-香-909,站内推荐,支付宝,209.71,4,0.053,794.38,417.02,0.475,0,0.0,C525113210
O4218452077,2025-03-23,华中,郑州,服饰,上衣,服-上-654,站内推荐,微信支付,146.42,1,0.056,138.22,78.07,0.4352,0,0.0,C088846051
O7698406431,2025-03-23,东北,沈阳,美妆,彩妆,美-彩-539,直播,支付宝,206.03,4,0.088,743.23,359.29,0.5166,0,0.0,C795207101
O8450890114,2025-03-23,华南,深圳,美妆,香氛,美-香-325,线下导流,微信支付,174.13,2,0.025,348.62,194.51,0.4421,0,0.0,C628335823
O9875345481,2025-03-23,华北,天津,数码,配件,数-配-328,信息流广告,微信支付,264.76,3,0.054,751.39,500.31,0.3342,0,0.0,C042889391
O6950318443,2025-03-24,华东,宁波,服饰,裤装,服-裤-279,私域,微信支付,107.38,2,0.027,208.96,130.3,0.3764,0,0.0,C798926638
O2017817212,2025-03-24,西北,银川,美妆,护肤,美-护-752,自然搜索,微信支付,144.69,2,0.077,267.1,130.48,0.5115,0,0.0,C937448968
O2104478025,2025-03-24,华东,上海,美妆,彩妆,美-彩-324,私域,支付宝,159.99,1,0.122,140.47,72.96,0.4806,0,0.0,C396364474
O4647507745,2025-03-24,华南,厦门,数码,智能穿戴,数-智-207,直播,微信支付,164.11,2,0.102,302.71,240.27,0.2063,0,0.0,C087952290
O8383746192,2025-03-24,西南,昆明,服饰,鞋靴,服-鞋-418,直播,微信支付,136.49,3,0.079,392.41,227.93,0.4192,0,0.0,C566589717
O9191589547,2025-03-24,华北,太原,服饰,裤装,服-裤-178,自然搜索,支付宝,138.31,3,0.012,409.95,261.76,0.3615,0,0.0,C902280109
O5958973046,2025-03-24,华北,北京,家居,清洁,家-清-817,私域,微信支付,33.44,2,0.058,63.0,36.7,0.4175,0,0.0,C876592755
O3355019496,2025-03-24,华北,太原,家居,清洁,家-清-259,站内推荐,支付宝,85.23,2,0.048,162.28,96.27,0.4068,0,0.0,C738672539
O1434419519,2025-03-24,华东,宁波,数码,耳机,数-耳-941,直播,微信支付,207.04,2,0.091,376.4,293.79,0.2195,0,0.0,C959999005
O1066375407,2025-03-24,华中,郑州,服饰,上衣,服-上-712,私域,支付宝,126.87,2,0.111,225.57,137.27,0.3915,0,0.0,C611318902
O8703738575,2025-03-24,华北,天津,数码,耳机,数-耳-532,直播,支付宝,216.69,4,0.096,783.55,538.8,0.3124,0,0.0,C742840342
O2536935272,2025-03-24,华北,天津,服饰,鞋靴,服-鞋-976,直播,支付宝,157.1,4,0.113,557.39,348.46,0.3748,0,0.0,C537227567
O8883846201,2025-03-24,西北,兰州,服饰,裤装,服-裤-228,直播,支付宝,128.64,4,0.047,490.38,294.68,0.3991,0,0.0,C358177880
O0678395337,2025-03-24,东北,长春,数码,耳机,数-耳-359,站内推荐,支付宝,218.93,4,0.071,804.38,548.15,0.3185,0,0.0,C333330824
O2264438777,2025-03-24,华南,深圳,数码,配件,数-配-872,私域,支付宝,240.6,4,0.037,951.85,638.36,0.3293,1,841.3,C410484956
O0012816359,2025-03-24,华中,南昌,数码,智能穿戴,数-智-539,直播,支付宝,149.07,4,0.08,548.58,399.75,0.2713,0,0.0,C800387681
O4174143158,2025-03-24,西北,乌鲁木齐,美妆,护肤,美-护-769,直播,微信支付,181.64,1,0.092,164.93,94.16,0.4291,0,0.0,C019623086
O2027252998,2025-03-24,华东,苏州,数码,智能穿戴,数-智-993,信息流广告,微信支付,148.45,1,0.061,139.39,96.55,0.3073,0,0.0,C750047159
O7109209924,2025-03-24,华北,太原,家居,收纳,家-收-832,站内推荐,银行卡,104.63,1,0.062,98.14,67.06,0.3167,0,0.0,C647285060
O4221832083,2025-03-25,西北,西安,家居,清洁,家-清-709,私域,微信支付,92.84,1,0.054,87.83,59.22,0.3257,1,84.28,C773416621
O8314646917,2025-03-25,华北,天津,服饰,鞋靴,服-鞋-267,自然搜索,微信支付,79.56,2,0.048,151.48,87.15,0.4247,0,0.0,C203393793
O7419103154,2025-03-25,西北,兰州,数码,智能穿戴,数-智-586,直播,支付宝,160.78,4,0.165,537.01,374.06,0.3034,0,0.0,C912663986
O5626109113,2025-03-25,华北,石家庄,美妆,护肤,美-护-190,信息流广告,微信支付,91.59,2,0.097,165.41,88.81,0.4631,0,0.0,C987168328
O5786301270,2025-03-25,东北,大连,美妆,香氛,美-香-931,线下导流,支付宝,137.86,2,0.055,257.58,162.64,0.3686,0,0.0,C194189516
O7953837639,2025-03-25,华北,太原,美妆,护肤,美-护-669,信息流广告,支付宝,212.96,3,0.073,592.24,329.22,0.4441,0,0.0,C690236811
O4102015757,2025-03-25,华南,厦门,家居,收纳,家-收-955,直播,微信支付,37.32,1,0.107,34.24,20.06,0.4141,0,0.0,C036051469
O1367627967,2025-03-25,华北,北京,服饰,上衣,服-上-718,直播,支付宝,178.38,1,0.086,163.04,90.11,0.4473,0,0.0,C878231159
O2039296869,2025-03-25,西南,成都,服饰,鞋靴,服-鞋-423,站内推荐,支付宝,64.27,4,0.001,267.36,154.78,0.4211,0,0.0,C580901720
O3849614393,2025-03-25,华北,太原,美妆,护肤,美-护-605,站内推荐,微信支付,180.64,1,0.039,173.6,110.63,0.3627,0,0.0,C469581827
O8863993044,2025-03-25,华北,北京,服饰,裤装,服-裤-465,自然搜索,支付宝,159.92,1,0.143,137.05,78.96,0.4239,0,0.0,C615340508
O6528234357,2025-03-26,西南,昆明,家居,收纳,家-收-910,直播,微信支付,37.02,3,0.106,103.41,68.34,0.3391,0,0.0,C982638093
O8412575469,2025-03-26,西南,重庆,美妆,香氛,美-香-934,私域,微信支付,170.93,1,0.041,170.73,100.86,0.4092,0,0.0,C711327958
O3234637198,2025-03-26,西南,重庆,美妆,彩妆,美-彩-618,直播,微信支付,209.38,2,0.104,390.79,221.37,0.4335,1,260.57,C507762446
O5593706003,2025-03-26,华南,佛山,食品,饮料,食-饮-949,直播,货到付款,60.92,3,0.13,163.4,93.64,0.4269,0,0.0,C378961645
O4654794646,2025-03-26,华南,厦门,服饰,鞋靴,服-鞋-931,站内推荐,银行卡,126.03,4,0.042,496.32,277.16,0.4416,0,0.0,C982855143
O6305748655,2025-03-26,华中,武汉,服饰,鞋靴,服-鞋-855,信息流广告,微信支付,149.61,1,,137.04,66.21,0.5169,0,0.0,C280070516
O2025881797,2025-03-26,华北,北京,家居,收纳,家-收-114,站内推荐,支付宝,77.58,1,0.041,74.4,48.69,0.3456,0,0.0,C775659370
O1389370568,2025-03-26,东北,沈阳,家居,厨具,家-厨-195,直播,银行卡,77.02,1,0.095,68.9,43.14,0.3739,0,0.0,C804001927
O3677745392,2025-03-26,华北,石家庄,数码,配件,数-配-803,信息流广告,货到付款,259.68,3,0.096,704.25,467.65,0.336,0,0.0,C523918833
O0260027802,2025-03-26,华中,郑州,数码,配件,数-配-717,直播,微信支付,249.09,2,0.116,440.39,332.31,0.2454,0,0.0,C009476472
O6068980186,2025-03-26,华北,天津,美妆,香氛,美-香-899,自然搜索,支付宝,126.56,4,0.066,472.83,266.35,0.4367,0,0.0,C238984709
O0062304145,2025-03-26,西北,西安,服饰,鞋靴,服-鞋-708,自然搜索,银行卡,90.43,2,0.054,171.09,99.0,0.4214,0,0.0,C923894377
O7037541503,2025-03-26,华东,苏州,家居,清洁,家-清-856,站内推荐,支付宝,87.71,1,0.076,81.04,47.04,0.4195,0,0.0,C264483781
O2264994287,2025-03-26,华东,苏州,食品,零食,食-零-267,信息流广告,微信支付,56.78,3,0.099,153.48,107.76,0.2979,0,0.0,C192514612
O9184441722,2025-03-27,东北,哈尔滨,食品,零食,食-零-281,站内推荐,银行卡,28.59,2,0.029,54.87,33.84,0.3833,0,0.0,C778704434
O7553600717,2025-03-27,华北,太原,美妆,彩妆,美-彩-759,自然搜索,支付宝,244.27,2,0.04,469.0,260.58,0.4444,0,0.0,C029292666
O4440337263,2025-03-27,华南,广州,数码,配件,数-配-981,直播,货到付款,199.92,4,0.148,700.42,519.48,0.2583,0,0.0,C305025642
O7686876782,2025-03-27,华南,广州,家居,收纳,家-收-418,站内推荐,银行卡,65.95,1,0.041,65.02,39.81,0.3877,0,0.0,C851178668
O8584012808,2025-03-27,华东,宁波,服饰,鞋靴,服-鞋-750,自然搜索,银行卡,42.98,3,0.009,127.78,70.4,0.4491,0,0.0,C559768497
O5458461004,2025-03-27,华北,石家庄,服饰,裤装,服-裤-242,私域,微信支付,132.1,3,0.0,396.3,224.29,0.434,0,0.0,C729162075
O8335367155,2025-03-27,华北,石家庄,服饰,裤装,服-裤-449,站内推荐,微信支付,160.8,2,0.073,298.12,176.35,0.4085,0,0.0,C272843665
O8370967094,2025-03-27,华南,佛山,食品,饮料,食-饮-878,信息流广告,银行卡,46.68,1,0.05,45.59,30.54,0.3301,0,0.0,C210629208
O6791402514,2025-03-27,华中,南昌,家居,清洁,家-清-929,站内推荐,支付宝,85.13,3,0.038,245.69,153.85,0.3738,0,0.0,C902297170
O6985031494,2025-03-27,华东,苏州,数码,智能穿戴,数-智-577,自然搜索,微信支付,231.84,4,0.06,871.72,638.78,0.2672,0,0.0,C845062492
O0978543867,2025-03-27,华东,宁波,食品,饮料,食-饮-811,线下导流,支付宝,46.73,4,0.061,175.52,112.34,0.36,0,0.0,C898415490
O1892273073,2025-03-27,华北,北京,食品,零食,食-零-679,站内推荐,支付宝,53.86,3,0.089,147.2,106.41,0.2771,0,0.0,C465879965
O5144851816,2025-03-27,华东,南京,数码,智能穿戴,数-智-929,信息流广告,支付宝,162.29,2,0.039,311.92,230.6,0.2607,0,0.0,C211996893
O6320232624,2025-03-27,华北,北京,服饰,裤装,服-裤-333,自然搜索,微信支付,193.14,1,0.053,182.9,103.59,0.4336,0,0.0,C501066178
O3931424910,2025-03-27,华中,武汉,数码,智能穿戴,数-智-161,站内推荐,支付宝,106.64,2,0.113,189.18,143.98,0.2389,0,0.0,C241667496
O4924423464,2025-03-27,华东,苏州,家居,清洁,家-清-276,自然搜索,支付宝,87.66,1,0.086,80.12,53.75,0.3291,0,0.0,C148091012
O7510152390,2025-03-28,华北,天津,食品,零食,食-零-300,自然搜索,银行卡,66.18,4,0.045,252.81,188.82,0.2531,0,0.0,C037822581
O4829566964,2025-03-28,华中,长沙,家居,厨具,家-厨-461,直播,银行卡,112.16,1,0.126,98.03,61.52,0.3724,0,0.0,C565092651
O7987905071,2025-03-28,西北,银川,服饰,鞋靴,服-鞋-869,自然搜索,微信支付,144.12,4,0.103,517.1,271.78,0.4744,0,0.0,C576047988
O1368208984,2025-03-28,西南,成都,服饰,上衣,服-上-886,线下导流,支付宝,82.53,4,0.112,305.61,161.57,0.4713,0,0.0,C716666870
O9904127165,2025-03-28,华北,石家庄,家居,收纳,家-收-875,自然搜索,银行卡,72.98,1,0.057,68.82,43.42,0.3691,0,0.0,C713089451
O6233946296,2025-03-28,华中,武汉,服饰,裤装,服-裤-690,自然搜索,微信支付,181.33,2,0.028,352.51,199.66,0.4336,0,0.0,C135485538
O3259930086,2025-03-28,西南,昆明,美妆,护肤,美-护-570,直播,支付宝,198.67,1,0.04,198.83,98.77,0.5032,0,0.0,C777532370
O9550119264,2025-03-28,华中,郑州,数码,耳机,数-耳-206,信息流广告,银行卡,267.01,2,0.114,473.14,383.88,0.1887,0,0.0,C739524373
O3869268059,2025-03-28,西北,西安,美妆,护肤,美-护-401,线下导流,货到付款,83.39,1,0.066,77.89,39.16,0.4972,0,0.0,C487234456
O6164701632,2025-03-28,华北,石家庄,服饰,鞋靴,服-鞋-259,直播,支付宝,123.52,2,0.076,228.26,120.3,0.473,0,0.0,C990567286
O7665816827,2025-03-28,华中,南昌,数码,智能穿戴,数-智-372,站内推荐,支付宝,177.82,1,0.092,161.46,132.75,0.1778,0,0.0,C013934776
O9077905506,2025-03-28,华中,长沙,数码,智能穿戴,数-智-716,自然搜索,微信支付,271.97,3,0.097,736.77,538.3,0.2694,0,0.0,C446763923
O2853767689,2025-03-28,华南,广州,家居,清洁,家-清-523,站内推荐,微信支付,49.97,1,0.082,47.17,26.51,0.438,0,0.0,C739840954
O8746827938,2025-03-28,华东,宁波,服饰,上衣,服-上-697,信息流广告,微信支付,119.72,1,0.051,113.61,68.14,0.4002,0,0.0,C032065382
O1202859810,2025-03-28,东北,哈尔滨,食品,零食,食-零-741,自然搜索,微信支付,40.22,4,0.046,151.67,95.77,0.3686,0,0.0,C014084780
O4237809262,2025-03-29,西南,贵阳,数码,配件,数-配-818,自然搜索,微信支付,348.03,3,0.053,1031.29,703.19,0.3181,0,0.0,C287902044
O4557771245,2025-03-29,西南,贵阳,家居,清洁,家-清-451,直播,支付宝,96.57,1,0.053,95.39,63.33,0.3361,0,0.0,C383563573
O5972021159,2025-03-29,华北,太原,美妆,香氛,美-香-584,站内推荐,支付宝,100.69,4,0.046,384.23,226.04,0.4117,0,0.0,C642750414
O6415900826,2025-03-29,华中,武汉,家居,收纳,家-收-929,直播,微信支付,87.38,4,0.095,316.32,192.41,0.3917,0,0.0,C644621901
O7590309101,2025-03-29,华北,天津,家居,收纳,家-收-597,直播,银行卡,99.21,2,0.117,175.2,106.77,0.3906,0,0.0,C951348217
O0512463496,2025-03-29,华南,广州,数码,耳机,数-耳-186,信息流广告,支付宝,212.03,4,0.06,820.1,611.98,0.2538,0,0.0,C030884271
O8941158677,2025-03-29,华中,武汉,服饰,裤装,服-裤-706,信息流广告,微信支付,126.8,1,0.094,114.88,66.48,0.4213,0,0.0,C893726001
O4846587812,2025-03-29,华北,石家庄,美妆,香氛,美-香-624,线下导流,微信支付,129.88,3,0.039,374.44,212.2,0.4333,0,0.0,C917630081
O7688793418,2025-03-29,华东,杭州,家居,收纳,家-收-663,私域,银行卡,88.0,4,0.036,339.33,193.87,0.4287,0,0.0,C251262546
O8825654092,2025-03-29,华东,杭州,家居,厨具,家-厨-863,直播,微信支付,58.73,2,0.135,101.6,69.32,0.3177,0,0.0,C180737279
O1637933443,2025-03-29,华北,石家庄,服饰,裤装,服-裤-122,信息流广告,微信支付,208.03,2,0.113,369.05,216.42,0.4136,0,0.0,C334442642
O4653737901,2025-03-29,华南,佛山,食品,零食,食-零-295,直播,支付宝,32.67,2,0.091,61.1,38.69,0.3668,0,0.0,C717256389
O5001071231,2025-03-29,西南,昆明,数码,耳机,数-耳-330,直播,支付宝,225.18,3,0.101,633.44,466.13,0.2641,0,0.0,C801202131
O1826873443,2025-03-29,西南,贵阳,美妆,香氛,美-香-219,站内推荐,微信支付,165.43,3,0.087,472.61,252.4,0.4659,0,0.0,C116277439
O4452400626,2025-03-29,华东,苏州,美妆,香氛,美-香-295,直播,微信支付,174.02,4,0.071,646.66,369.0,0.4294,0,0.0,C764573422
O9234622621,2025-03-29,华东,上海,服饰,上衣,服-上-790,私域,微信支付,85.54,4,0.025,333.61,202.59,0.3927,0,0.0,C130075126
O9268691605,2025-03-29,华中,武汉,数码,配件,数-配-618,自然搜索,微信支付,237.14,1,0.033,229.31,172.03,0.2498,0,0.0,C163188120
O7910611270,2025-03-29,华东,苏州,美妆,彩妆,美-彩-777,站内推荐,微信支付,173.75,4,0.028,675.54,365.65,0.4587,0,0.0,C318702441
O0590894496,2025-03-29,华中,武汉,服饰,上衣,服-上-356,信息流广告,支付宝,155.54,1,0.047,148.23,89.06,0.3992,0,0.0,C529238579
O4646663239,2025-03-29,西南,昆明,家居,收纳,家-收-939,站内推荐,银行卡,111.34,1,0.077,107.19,70.14,0.3456,0,0.0,C739758951
O3957399938,2025-03-30,华东,苏州,数码,耳机,数-耳-446,直播,微信支付,293.56,3,0.091,800.54,596.82,0.2545,0,0.0,C609553803
O3504133771,2025-03-30,华东,南京,服饰,鞋靴,服-鞋-834,站内推荐,银行卡,96.82,1,0.041,92.85,55.8,0.399,1,87.05,C866777269
O8325965287,2025-03-30,华南,厦门,美妆,香氛,美-香-900,站内推荐,微信支付,232.85,2,0.029,465.31,249.2,0.4644,0,0.0,C028745186
O4324382642,2025-03-30,华北,石家庄,家居,清洁,家-清-826,私域,支付宝,65.96,1,0.082,60.55,36.8,0.3922,0,0.0,C415750503
O6467103229,2025-03-30,东北,哈尔滨,美妆,彩妆,美-彩-419,站内推荐,微信支付,115.83,3,0.09,312.39,194.35,0.3779,0,0.0,C636110465
O1290965380,2025-03-30,西南,昆明,食品,零食,食-零-154,直播,微信支付,75.98,2,0.043,151.75,104.57,0.3109,0,0.0,C723051134
O1176155038,2025-03-30,华中,长沙,数码,智能穿戴,数-智-790,自然搜索,银行卡,161.39,3,0.09,440.59,330.79,0.2492,0,0.0,C376099618
O3216198411,2025-03-30,华南,深圳,家居,厨具,家-厨-612,线下导流,支付宝,104.26,2,0.036,206.84,130.51,0.369,0,0.0,C845185009
O3507039472,2025-03-30,华南,深圳,美妆,护肤,美-护-397,站内推荐,微信支付,198.61,1,0.037,196.81,116.89,0.4061,0,0.0,C832035013
O4374060140,2025-03-30,华东,苏州,家居,收纳,家-收-355,站内推荐,支付宝,93.9,1,0.025,91.55,51.26,0.4401,0,0.0,C375029995
O3722087660,2025-03-30,西南,贵阳,服饰,上衣,服-上-226,直播,微信支付,137.39,4,0.039,551.11,291.4,0.4712,0,0.0,C482080687
O0383773613,2025-03-30,华东,上海,家居,清洁,家-清-891,自然搜索,银行卡,98.76,2,0.009,195.74,117.25,0.401,0,0.0,C563768057
O1707724915,2025-03-30,华南,厦门,食品,饮料,食-饮-480,自然搜索,货到付款,56.29,1,0.01,57.34,39.93,0.3036,0,0.0,C316955512
O5108212447,2025-03-30,华东,苏州,家居,清洁,家-清-340,自然搜索,微信支付,63.17,3,0.057,178.71,102.33,0.4274,0,0.0,C822110046
O6700920539,2025-03-30,华南,广州,美妆,香氛,美-香-252,线下导流,微信支付,151.17,1,0.064,145.6,78.36,0.4618,0,0.0,C901630469
O1065604793,2025-03-31,华南,广州,食品,速食,食-速-713,信息流广告,微信支付,32.6,4,0.113,119.06,84.56,0.2898,0,0.0,C272869108
O5573246430,2025-03-31,华南,广州,美妆,彩妆,美-彩-164,自然搜索,银行卡,121.99,4,0.022,491.23,270.21,0.4499,0,0.0,C504645228
O8269195711,2025-03-31,华东,宁波,美妆,护肤,美-护-808,私域,微信支付,96.03,1,0.092,87.2,56.41,0.3531,0,0.0,C623623337
O6029182579,2025-03-31,东北,长春,家居,收纳,家-收-237,信息流广告,支付宝,58.24,3,0.077,159.3,91.91,0.423,0,0.0,C620757985
O8833020195,2025-03-31,华东,苏州,家居,清洁,家-清-262,直播,支付宝,83.64,4,0.114,296.42,161.81,0.4541,0,0.0,C636597576
O7341743798,2025-03-31,华北,太原,数码,耳机,数-耳-840,自然搜索,微信支付,247.28,4,0.104,886.25,620.8,0.2995,0,0.0,C185132264
O3901272276,2025-03-31,华东,苏州,家居,收纳,家-收-184,线下导流,支付宝,72.71,1,0.022,71.11,44.0,0.3812,0,0.0,C666557332
O3299972235,2025-03-31,华东,杭州,家居,收纳,家-收-554,站内推荐,微信支付,61.48,4,0.097,222.07,133.4,0.3993,0,0.0,C270943445
O4940591906,2025-03-31,华南,广州,数码,智能穿戴,数-智-126,私域,微信支付,141.62,2,0.052,276.39,199.88,0.2768,0,0.0,C922836165
O1993265225,2025-03-31,西南,重庆,食品,速食,食-速-599,线下导流,微信支付,34.18,2,0.047,68.01,41.99,0.3826,0,0.0,C256259517
O5107144449,2025-03-31,华东,南京,美妆,护肤,美-护-515,站内推荐,支付宝,203.29,2,0.011,402.11,191.85,0.5229,0,0.0,C584462991
O4754068872,2025-03-31,华南,深圳,家居,收纳,家-收-431,自然搜索,微信支付,98.67,4,0.044,388.38,245.06,0.369,0,0.0,C477607505
O1577507738,2025-03-31,华中,郑州,美妆,香氛,美-香-277,站内推荐,支付宝,264.8,4,0.092,961.75,586.69,0.39,0,0.0,C211526642
O5134537946,2025-03-31,东北,大连,美妆,护肤,美-护-510,直播,支付宝,87.14,3,0.122,226.72,133.69,0.4103,0,0.0,C110936611
O2477719975,2025-03-31,华北,太原,数码,配件,数-配-276,私域,银行卡,182.68,1,0.053,173.0,120.3,0.3046,0,0.0,C420923462
O9810981879,2025-03-31,华南,广州,服饰,上衣,服-上-501,站内推荐,支付宝,123.82,2,0.05,242.16,157.37,0.3501,0,0.0,C183520604
O5940531663,2025-03-31,华南,深圳,食品,速食,食-速-257,自然搜索,支付宝,63.94,2,0.04,126.37,85.62,0.3225,0,0.0,C244901796
O4843688149,2025-03-31,华东,宁波,数码,智能穿戴,数-智-233,自然搜索,微信支付,177.91,4,0.078,656.13,484.27,0.2619,1,536.6,C871381757
O9912185370,2025-03-31,华东,苏州,食品,速食,食-速-785,直播,支付宝,42.3,1,0.173,34.98,23.38,0.3316,0,0.0,C705026546
O0791038859,2025-03-31,华东,宁波,食品,零食,食-零-484,信息流广告,银行卡,52.93,1,0.086,48.38,32.39,0.3305,0,0.0,C188926249
O0448425802,2025-03-31,华南,厦门,家居,厨具,家-厨-374,信息流广告,微信支付,101.83,2,0.082,192.45,104.07,0.4592,0,0.0,C527025832
O2971384233,2025-03-31,华北,北京,美妆,香氛,美-香-914,自然搜索,支付宝,228.93,3,0.086,627.73,389.57,0.3794,0,0.0,C555624839
O3994383762,2025-03-31,西南,重庆,数码,智能穿戴,数-智-590,信息流广告,货到付款,104.25,1,0.137,93.93,69.62,0.2588,1,63.72,C394495536
O6464273831,2025-03-31,华东,宁波,食品,零食,食-零-443,自然搜索,微信支付,45.83,4,0.098,165.35,113.03,0.3164,0,0.0,C819642218
O8968208578,2025-03-31,华东,杭州,服饰,裤装,服-裤-966,自然搜索,微信支付,107.44,2,0.029,208.65,112.65,0.4601,0,0.0,C319315007
O7920102193,2025-03-31,华北,天津,家居,收纳,家-收-684,直播,微信支付,68.76,1,0.086,62.85,38.35,0.3898,0,0.0,C254096898
O0865538657,2025-04-01,华东,杭州,美妆,香氛,美-香-792,信息流广告,支付宝,235.64,4,0.092,855.84,419.9,0.5094,0,0.0,C737761102
O1417784884,2025-04-01,华北,太原,家居,收纳,家-收-175,站内推荐,微信支付,88.91,1,0.08,81.8,47.54,0.4188,0,0.0,C972413323
O9355225013,2025-04-01,华东,上海,美妆,香氛,美-香-254,自然搜索,支付宝,128.39,3,0.109,343.19,172.29,0.498,0,0.0,C000811744
O7672512904,2025-04-01,华北,天津,家居,厨具,家-厨-562,站内推荐,微信支付,112.01,4,0.078,413.09,256.3,0.3796,0,0.0,C420175515
O6480625685,2025-04-01,西北,西安,家居,清洁,家-清-267,自然搜索,支付宝,115.73,1,0.036,111.56,72.06,0.3541,0,0.0,C095110229
O7128412451,2025-04-01,华东,杭州,家居,收纳,家-收-340,信息流广告,银行卡,69.59,3,0.115,184.76,107.98,0.4156,0,0.0,C232907253
O0114057541,2025-04-01,华南,佛山,家居,厨具,家-厨-845,自然搜索,支付宝,95.41,1,0.069,91.46,64.46,0.2952,0,0.0,C110526334
O1358552750,2025-04-01,华东,上海,数码,配件,数-配-464,信息流广告,微信支付,244.96,2,0.119,431.62,319.66,0.2594,0,0.0,C488273753
O8465965927,2025-04-01,华南,佛山,数码,耳机,数-耳-963,直播,支付宝,183.05,2,0.081,346.43,245.56,0.2912,0,0.0,C739290233
O4694271830,2025-04-01,西南,重庆,家居,清洁,家-清-454,自然搜索,微信支付,100.85,1,0.044,100.7,59.84,0.4058,0,0.0,C394037097
O1902607653,2025-04-01,华东,苏州,家居,收纳,家-收-137,自然搜索,支付宝,82.24,1,0.039,79.03,46.22,0.4152,0,0.0,C407657548
O8389071768,2025-04-01,华中,郑州,数码,智能穿戴,数-智-847,站内推荐,微信支付,223.3,4,0.038,859.26,587.44,0.3163,0,0.0,C526301831
O4207701341,2025-04-01,西南,成都,美妆,彩妆,美-彩-292,站内推荐,支付宝,188.72,4,0.023,770.34,386.92,0.4977,0,0.0,C547914808
O6749123952,2025-04-01,华中,郑州,食品,速食,食-速-609,私域,支付宝,31.53,4,0.03,122.34,81.74,0.3319,0,0.0,C942919055
O3753153629,2025-04-01,华中,南昌,食品,饮料,食-饮-880,自然搜索,支付宝,47.19,4,0.086,172.53,107.52,0.3768,0,0.0,C086684756
O9915911392,2025-04-01,西北,兰州,家居,厨具,家-厨-732,站内推荐,货到付款,81.1,1,0.074,75.1,44.1,0.4128,0,0.0,C627803516
O8167343089,2025-04-01,华北,天津,家居,收纳,家-收-145,线下导流,微信支付,113.49,2,0.08,208.82,127.08,0.3914,0,0.0,C951461190
O1090842596,2025-04-02,华东,上海,美妆,彩妆,美-彩-841,站内推荐,微信支付,110.72,3,0.04,318.87,187.92,0.4107,0,0.0,C077928336
O2446326262,2025-04-02,华东,南京,食品,零食,食-零-581,直播,支付宝,56.49,2,0.037,108.8,68.14,0.3737,0,0.0,C012134253
O9688480855,2025-04-02,华南,,服饰,鞋靴,服-鞋-228,直播,支付宝,158.58,2,0.118,288.13,182.22,0.3676,0,0.0,C921670438
O0897403268,2025-04-02,华北,太原,数码,配件,数-配-902,站内推荐,银行卡,201.43,1,0.068,187.73,142.49,0.241,0,0.0,C403760330
O5754608356,2025-04-02,华中,武汉,美妆,彩妆,美-彩-396,自然搜索,银行卡,228.71,3,0.071,637.41,338.81,0.4685,0,0.0,C331085618
O2418807362,2025-04-02,华北,天津,家居,厨具,家-厨-201,线下导流,支付宝,96.16,3,0.076,266.56,176.17,0.3391,0,0.0,C078614577
O6701536972,2025-04-02,华北,太原,美妆,香氛,美-香-176,信息流广告,微信支付,145.75,4,0.089,531.11,345.62,0.3492,0,0.0,C310761748
O5232202534,2025-04-02,华北,石家庄,食品,饮料,食-饮-889,信息流广告,微信支付,34.24,3,0.051,97.48,68.24,0.3,0,0.0,C908051480
O0634740508,2025-04-02,华北,天津,美妆,彩妆,美-彩-314,私域,支付宝,169.24,2,0.017,332.73,178.67,0.463,0,0.0,C984458748
O4034742085,2025-04-02,华东,南京,美妆,护肤,美-护-657,私域,支付宝,183.3,2,0.027,356.7,192.41,0.4606,0,0.0,C932241176
O7865179365,2025-04-02,华北,天津,美妆,彩妆,美-彩-107,私域,支付宝,148.52,4,0.042,569.13,311.28,0.4531,0,0.0,C572891503
O7668473995,2025-04-02,华南,广州,美妆,香氛,美-香-107,站内推荐,支付宝,171.83,2,0.053,335.21,174.65,0.479,0,0.0,C751974264
O7482870696,2025-04-02,华东,南京,数码,耳机,数-耳-273,自然搜索,支付宝,256.27,3,0.137,663.48,477.47,0.2804,0,0.0,C248345897
O2948148735,2025-04-02,西南,重庆,数码,智能穿戴,数-智-938,直播,微信支付,168.5,4,0.175,581.07,476.0,0.1808,0,0.0,C181546406
O1622864774,2025-04-02,华北,北京,数码,耳机,数-耳-210,私域,微信支付,207.54,4,0.053,786.16,567.12,0.2786,0,0.0,C904417177
O2664475013,2025-04-02,西北,兰州,家居,厨具,家-厨-242,站内推荐,支付宝,75.3,3,0.072,209.64,130.73,0.3764,0,0.0,C374400980
O6616448075,2025-04-03,东北,长春,食品,零食,食-零-369,信息流广告,支付宝,64.97,3,0.062,180.52,128.31,0.2892,0,0.0,C221662397
O7983707192,2025-04-03,华北,石家庄,美妆,护肤,美-护-992,私域,微信支付,206.06,4,0.043,788.8,443.0,0.4384,0,0.0,C662819542
O3908123407,2025-04-03,西南,昆明,数码,配件,数-配-609,线下导流,微信支付,117.09,4,0.047,466.65,383.82,0.1775,0,0.0,C110907684
O8618184688,2025-04-03,华东,宁波,数码,耳机,数-耳-685,自然搜索,支付宝,78.44,2,0.053,148.57,106.3,0.2845,0,0.0,C140649641
O6022547730,2025-04-03,华中,武汉,服饰,鞋靴,服-鞋-528,自然搜索,支付宝,123.35,1,0.008,122.36,71.62,0.4147,1,79.95,C935965381
O8904366042,2025-04-03,华东,南京,家居,收纳,家-收-781,直播,支付宝,120.28,3,0.145,308.52,196.53,0.363,0,0.0,C920688172
O1645804376,2025-04-03,华北,太原,数码,配件,数-配-626,自然搜索,微信支付,182.85,2,0.042,350.34,254.69,0.273,0,0.0,C782338472
O7637355202,2025-04-03,西北,银川,家居,收纳,家-收-493,自然搜索,支付宝,56.81,1,0.035,54.82,34.9,0.3634,0,0.0,C771388077
O0099510853,2025-04-03,华南,深圳,家居,清洁,家-清-416,自然搜索,银行卡,94.58,3,0.11,260.19,160.57,0.3829,0,0.0,C058870768
O1554256114,2025-04-03,西南,成都,家居,厨具,家-厨-119,线下导流,微信支付,79.09,1,0.035,79.79,55.98,0.2984,0,0.0,C834923851
O9617006248,2025-04-03,西北,银川,服饰,鞋靴,服-鞋-223,直播,支付宝,110.36,3,0.097,298.97,170.86,0.4285,0,0.0,C319261178
O9060127130,2025-04-03,华南,深圳,服饰,鞋靴,服-鞋-105,站内推荐,微信支付,85.88,1,0.091,80.43,48.35,0.3989,0,0.0,C511320454
O7424055375,2025-04-03,西北,兰州,家居,清洁,家-清-988,私域,微信支付,62.72,3,0.09,171.23,94.43,0.4485,0,0.0,C371516080
O2835491719,2025-04-03,华南,广州,数码,配件,数-配-218,站内推荐,支付宝,213.85,3,0.018,649.11,451.75,0.304,0,0.0,C524740393
O8476352062,2025-04-03,华东,上海,服饰,上衣,服-上-438,私域,银行卡,146.74,3,0.062,412.93,255.28,0.3818,0,0.0,C516121966
O1764558155,2025-04-03,华东,南京,家居,厨具,家-厨-954,站内推荐,支付宝,80.05,4,0.093,290.42,195.55,0.3267,0,0.0,C244041327
O4457526516,2025-04-03,华东,杭州,数码,耳机,数-耳-509,直播,微信支付,147.03,1,0.112,130.56,100.95,0.2268,0,0.0,C583859112
O8429670254,2025-04-04,西南,贵阳,数码,智能穿戴,数-智-929,自然搜索,货到付款,170.94,1,0.098,161.28,114.69,0.2889,0,0.0,C972474572
O2214494700,2025-04-04,华南,深圳,美妆,彩妆,美-彩-755,自然搜索,支付宝,191.0,3,0.098,532.69,274.82,0.4841,0,0.0,C339448874
O0371449772,2025-04-04,华东,杭州,家居,清洁,家-清-552,线下导流,支付宝,87.63,3,0.063,246.33,154.2,0.374,0,0.0,C590637472
O6626703276,2025-04-04,华中,郑州,家居,清洁,家-清-458,自然搜索,支付宝,101.36,4,0.086,370.57,221.29,0.4028,0,0.0,C524991472
O6481179483,2025-04-04,华南,佛山,服饰,上衣,服-上-195,线下导流,微信支付,67.64,4,0.078,257.1,129.83,0.495,0,0.0,C593897094
O1668922919,2025-04-04,华北,天津,家居,清洁,家-清-669,私域,微信支付,95.0,2,0.102,170.62,107.06,0.3725,0,0.0,C141958005
O4363689392,2025-04-04,西南,成都,美妆,护肤,美-护-323,直播,微信支付,166.89,1,0.127,152.4,78.05,0.4879,0,0.0,C915604284
O5934137784,2025-04-04,华东,上海,数码,耳机,数-耳-287,线下导流,微信支付,242.79,2,0.054,459.36,351.41,0.235,0,0.0,C951143106
O5649460120,2025-04-04,华东,苏州,家居,厨具,家-厨-629,线下导流,支付宝,67.84,2,0.055,128.22,76.16,0.406,0,0.0,C868313031
O5295934915,2025-04-04,华北,太原,美妆,护肤,美-护-208,私域,银行卡,177.25,1,0.074,164.13,85.87,0.4768,0,0.0,C777602753
O3120653928,2025-04-04,华南,佛山,数码,智能穿戴,数-智-959,自然搜索,支付宝,120.25,4,0.048,471.95,404.06,0.1438,0,0.0,C569217619
O1700347171,2025-04-04,华北,北京,服饰,鞋靴,服-鞋-124,自然搜索,支付宝,117.81,3,,326.92,182.63,0.4414,0,0.0,C957074506
O2447634563,2025-04-04,东北,哈尔滨,家居,清洁,家-清-159,站内推荐,微信支付,67.65,1,0.091,60.71,36.69,0.3957,0,0.0,C183128164
O1642002256,2025-04-04,西南,成都,食品,饮料,食-饮-866,自然搜索,支付宝,67.87,2,0.047,135.31,88.2,0.3482,0,0.0,C144140372
O4360761139,2025-04-04,华北,石家庄,服饰,鞋靴,服-鞋-316,私域,微信支付,182.41,1,0.114,161.62,95.86,0.4069,0,0.0,C244241615
O0155601753,2025-04-04,华北,石家庄,数码,智能穿戴,数-智-628,信息流广告,银行卡,340.45,1,0.106,304.36,210.81,0.3074,0,0.0,C123484490
O7265617713,2025-04-04,东北,沈阳,数码,耳机,数-耳-230,私域,支付宝,225.76,4,0.071,828.21,609.77,0.2637,0,0.0,C825883794
O0738276885,2025-04-04,华中,郑州,家居,厨具,家-厨-843,私域,支付宝,77.68,3,0.085,213.23,134.26,0.3704,0,0.0,C356910449
O4143056603,2025-04-04,华东,杭州,服饰,鞋靴,服-鞋-336,信息流广告,微信支付,133.13,1,0.103,119.42,67.64,0.4336,0,0.0,C315577842
O0920879326,2025-04-05,西南,重庆,美妆,彩妆,美-彩-648,信息流广告,银行卡,139.48,4,0.102,524.3,297.33,0.4329,0,0.0,C993687616
O7442088914,2025-04-05,华北,北京,数码,耳机,数-耳-199,自然搜索,微信支付,171.95,3,0.044,493.15,365.88,0.2581,0,0.0,C684190730
O9557572589,2025-04-05,华南,广州,数码,耳机,数-耳-236,私域,微信支付,183.58,2,0.107,338.03,263.63,0.2201,0,0.0,C105064810
O8168616255,2025-04-05,华东,杭州,美妆,彩妆,美-彩-478,站内推荐,微信支付,158.88,1,0.101,142.83,80.03,0.4397,0,0.0,C880093014
O2727677734,2025-04-05,东北,长春,美妆,护肤,美-护-469,自然搜索,支付宝,201.08,3,0.076,550.2,281.92,0.4876,0,0.0,C034796125
O6631114213,2025-04-05,华东,,美妆,彩妆,美-彩-322,线下导流,微信支付,99.24,1,0.026,96.66,48.37,0.4996,1,73.12,C883514608
O6803387961,2025-04-05,东北,沈阳,食品,速食,食-速-221,信息流广告,微信支付,47.72,2,0.101,84.69,53.54,0.3678,0,0.0,C976374326
O3191395584,2025-04-05,华南,厦门,美妆,彩妆,美-彩-799,自然搜索,支付宝,162.11,1,0.047,159.28,78.31,0.5084,0,0.0,C651373997
O3791764211,2025-04-05,西南,贵阳,服饰,鞋靴,服-鞋-545,自然搜索,微信支付,150.01,1,0.115,138.93,74.62,0.4629,0,0.0,C255979758
O7246580233,2025-04-05,华东,苏州,数码,耳机,数-耳-735,自然搜索,微信支付,275.52,3,0.096,747.21,555.96,0.256,0,0.0,C712059901
O2242753010,2025-04-05,华南,深圳,服饰,鞋靴,服-鞋-134,直播,支付宝,130.92,4,0.118,476.2,275.3,0.4219,0,0.0,C330759806
O4141676863,2025-04-05,西南,贵阳,食品,速食,食-速-582,直播,微信支付,54.22,4,0.088,206.99,136.29,0.3416,0,0.0,C009739272
O7645239661,2025-04-05,华东,苏州,家居,清洁,家-清-432,自然搜索,支付宝,78.24,1,0.103,70.18,44.35,0.3681,0,0.0,C329934615
O3561001177,2025-04-05,西南,成都,家居,收纳,家-收-418,直播,支付宝,112.9,3,0.063,332.11,226.3,0.3186,0,0.0,C723314522
O4474399883,2025-04-05,华东,南京,美妆,彩妆,美-彩-433,自然搜索,微信支付,148.05,2,0.1,266.49,148.64,0.4422,0,0.0,C968010930
O0816046079,2025-04-06,东北,哈尔滨,美妆,彩妆,美-彩-735,自然搜索,支付宝,120.41,3,0.03,345.82,192.82,0.4424,0,0.0,C275958124
O9626258144,2025-04-06,华北,北京,数码,配件,数-配-445,站内推荐,支付宝,200.11,3,0.073,556.51,420.81,0.2438,0,0.0,C953331771
O0770586793,2025-04-06,西南,重庆,家居,收纳,家-收-553,站内推荐,支付宝,112.06,4,0.036,452.4,289.85,0.3593,0,0.0,C601627880
O1427354810,2025-04-06,华北,北京,美妆,香氛,美-香-349,信息流广告,微信支付,82.5,1,0.076,76.23,39.15,0.4864,1,53.35,C837576253
O8584877936,2025-04-06,华东,杭州,美妆,护肤,美-护-912,站内推荐,支付宝,99.39,3,0.054,282.07,157.8,0.4406,0,0.0,C792729585
O5892061496,2025-04-06,华南,厦门,美妆,彩妆,美-彩-618,站内推荐,支付宝,164.69,1,0.082,155.92,86.53,0.445,0,0.0,C907303949
O3082626003,2025-04-06,华南,,服饰,裤装,服-裤-123,线下导流,支付宝,163.66,3,0.062,474.96,274.89,0.4212,0,0.0,C232641964
O2018254487,2025-04-06,华南,广州,数码,耳机,数-耳-725,线下导流,支付宝,127.04,1,0.083,120.14,82.69,0.3117,0,0.0,C528056912
O8993129000,2025-04-06,东北,沈阳,美妆,香氛,美-香-202,私域,微信支付,201.17,2,0.029,385.57,209.83,0.4558,0,0.0,C170935586
O3511783141,2025-04-06,华中,武汉,服饰,裤装,服-裤-476,私域,支付宝,119.47,2,0.11,212.66,114.08,0.4636,0,0.0,C805347299
O6939201395,2025-04-06,华东,南京,美妆,彩妆,美-彩-718,直播,银行卡,131.89,2,0.132,228.96,125.93,0.45,0,0.0,C134580071
O0384316391,2025-04-06,华南,广州,家居,收纳,家-收-107,站内推荐,支付宝,61.39,3,0.053,179.87,100.28,0.4425,1,108.98,C763397057
O3707211554,2025-04-06,华北,天津,家居,收纳,家-收-720,直播,支付宝,76.83,4,0.076,283.96,187.78,0.3387,0,0.0,C688752768
O2544241843,2025-04-06,华东,南京,数码,配件,数-配-873,自然搜索,银行卡,62.06,2,0.043,118.78,96.54,0.1872,0,0.0,C947983585
O7891905829,2025-04-06,华东,杭州,服饰,上衣,服-上-530,自然搜索,微信支付,128.39,1,0.084,117.61,73.74,0.373,0,0.0,C948052624
O1106506157,2025-04-07,华东,宁波,服饰,鞋靴,服-鞋-385,直播,银行卡,169.35,3,0.072,471.47,251.09,0.4674,0,0.0,C438881231
O3721984458,2025-04-07,华北,天津,数码,配件,数-配-447,站内推荐,支付宝,212.27,2,0.017,417.32,370.9,0.1112,0,0.0,C269221720
O1691297634,2025-04-07,华北,北京,服饰,鞋靴,服-鞋-408,直播,微信支付,125.41,3,0.177,309.64,177.44,0.4269,0,0.0,C185780833
O1283538092,2025-04-07,华南,广州,数码,智能穿戴,数-智-416,信息流广告,支付宝,296.17,2,0.024,596.42,442.2,0.2586,0,0.0,C527712655
O0504661973,2025-04-07,西南,贵阳,食品,零食,食-零-299,线下导流,支付宝,52.53,2,0.003,109.72,77.71,0.2917,0,0.0,C413685295
O3395090612,2025-04-07,华南,厦门,服饰,鞋靴,服-鞋-875,站内推荐,支付宝,126.86,4,0.051,496.8,305.71,0.3846,0,0.0,C919239727
O0921940403,2025-04-07,华东,杭州,食品,零食,食-零-611,信息流广告,支付宝,52.39,1,0.117,46.26,33.29,0.2804,0,0.0,C974356750
O7999095012,2025-04-07,华中,南昌,家居,清洁,家-清-774,线下导流,支付宝,69.64,2,0.08,128.14,74.52,0.4184,0,0.0,C213536730
O3381398882,2025-04-07,华北,天津,美妆,彩妆,美-彩-660,站内推荐,微信支付,193.87,1,,177.78,105.13,0.4087,0,0.0,C084248465
O7454591308,2025-04-07,东北,大连,美妆,香氛,美-香-216,直播,货到付款,176.1,4,0.111,617.95,361.76,0.4146,0,0.0,C160489162
O0869277077,2025-04-07,华北,太原,家居,厨具,家-厨-385,直播,微信支付,102.4,1,0.121,90.01,54.92,0.3898,0,0.0,C658132810
O6595712520,2025-04-07,华中,南昌,美妆,香氛,美-香-786,信息流广告,微信支付,230.81,2,0.09,420.07,215.93,0.486,0,0.0,C426558074
O8897853034,2025-04-07,华中,长沙,服饰,上衣,服-上-267,站内推荐,微信支付,162.0,2,0.024,316.22,173.85,0.4502,0,0.0,C039236898
O8310123313,2025-04-07,西南,成都,服饰,鞋靴,服-鞋-699,站内推荐,微信支付,128.79,2,0.047,257.13,144.26,0.439,1,179.8,C166069909
O8581047778,2025-04-07,华中,武汉,数码,配件,数-配-763,线下导流,支付宝,170.01,1,0.061,159.64,113.17,0.2911,0,0.0,C781204265
O3513886917,2025-04-07,西北,乌鲁木齐,数码,智能穿戴,数-智-164,信息流广告,支付宝,193.98,4,0.042,743.33,548.64,0.2619,0,0.0,C050302679
O8299132119,2025-04-07,华东,宁波,食品,零食,食-零-926,直播,银行卡,40.56,3,0.148,103.67,61.99,0.402,0,0.0,C168740428
O3410929301,2025-04-07,华东,宁波,食品,速食,食-速-792,线下导流,微信支付,46.11,2,0.032,89.27,58.75,0.3419,0,0.0,C609264070
O6606409470,2025-04-08,华北,天津,数码,配件,数-配-680,私域,微信支付,186.65,2,0.048,355.38,243.28,0.3154,0,0.0,C289083295
O2827063052,2025-04-08,西南,贵阳,美妆,彩妆,美-彩-146,私域,支付宝,177.88,4,0.083,683.76,371.82,0.4562,0,0.0,C603230206
O6529359772,2025-04-08,华南,厦门,数码,配件,数-配-462,站内推荐,支付宝,155.25,4,0.044,612.66,484.58,0.2091,0,0.0,C943751011
O1273567516,2025-04-08,华东,杭州,食品,速食,食-速-242,自然搜索,支付宝,46.61,3,0.031,135.5,88.14,0.3495,0,0.0,C359002442
O4207826978,2025-04-08,华东,南京,服饰,裤装,服-裤-221,信息流广告,微信支付,149.17,2,0.139,256.87,131.78,0.487,0,0.0,C820871903
O0427913719,2025-04-08,华中,南昌,服饰,鞋靴,服-鞋-858,线下导流,支付宝,180.24,2,0.085,329.84,193.75,0.4126,0,0.0,C245310329
O7165442734,2025-04-08,华东,苏州,数码,智能穿戴,数-智-762,私域,支付宝,303.22,3,0.073,843.25,628.22,0.255,0,0.0,C860057498
O4167758826,2025-04-08,华东,南京,服饰,裤装,服-裤-230,直播,支付宝,150.68,1,0.142,129.28,68.18,0.4726,0,0.0,C004751767
O8538080954,2025-04-08,华中,长沙,食品,零食,食-零-188,信息流广告,支付宝,54.07,4,0.081,198.76,121.37,0.3894,0,0.0,C672195290
O6307211758,2025-04-08,西南,贵阳,家居,收纳,家-收-263,信息流广告,支付宝,61.87,1,0.131,56.34,35.74,0.3656,0,0.0,C464586486
O2447636948,2025-04-08,西南,昆明,数码,智能穿戴,数-智-589,站内推荐,微信支付,163.6,4,0.053,649.44,526.13,0.1899,0,0.0,C411359326
O7197897955,2025-04-08,华东,杭州,家居,清洁,家-清-530,自然搜索,微信支付,67.64,1,0.051,64.19,42.31,0.3409,0,0.0,C554373979
O0635910562,2025-04-09,华北,天津,数码,配件,数-配-160,线下导流,支付宝,150.34,1,0.0,150.34,110.83,0.2628,0,0.0,C176987026
O5178534003,2025-04-09,华北,天津,美妆,香氛,美-香-232,自然搜索,微信支付,115.85,4,0.021,453.67,250.92,0.4469,0,0.0,C066828358
O3703451090,2025-04-09,华东,宁波,美妆,护肤,美-护-580,自然搜索,微信支付,144.54,1,0.055,136.59,74.48,0.4547,0,0.0,C013281116
O0272875026,2025-04-09,华北,太原,服饰,裤装,服-裤-358,自然搜索,支付宝,170.67,3,0.093,464.39,261.44,0.437,0,0.0,C510634682
O2410984893,2025-04-09,华中,南昌,家居,厨具,家-厨-880,自然搜索,支付宝,100.59,1,0.081,92.44,58.47,0.3675,0,0.0,C129866353
O6170840780,2025-04-09,华北,天津,数码,智能穿戴,数-智-504,站内推荐,微信支付,183.91,1,0.026,179.13,132.23,0.2618,0,0.0,C946219623
O0340375517,2025-04-09,华南,厦门,美妆,护肤,美-护-402,信息流广告,微信支付,209.21,3,0.094,587.0,287.48,0.5103,0,0.0,C546162023
O0538690486,2025-04-09,华中,长沙,家居,收纳,家-收-459,站内推荐,微信支付,81.54,1,0.088,74.36,48.59,0.3466,0,0.0,C743744317
O4557390716,2025-04-09,华东,南京,数码,配件,数-配-964,信息流广告,微信支付,174.41,4,0.138,601.37,429.94,0.2851,0,0.0,C023036164
O4685147145,2025-04-09,华南,佛山,家居,清洁,家-清-302,自然搜索,支付宝,112.82,2,0.045,222.45,128.75,0.4212,0,0.0,C996225169
O4819021857,2025-04-09,东北,沈阳,服饰,裤装,服-裤-534,直播,微信支付,124.72,3,0.065,345.13,215.45,0.3757,0,0.0,C652144491
O4314387845,2025-04-09,华北,石家庄,家居,清洁,家-清-388,私域,支付宝,76.78,2,0.025,149.72,94.45,0.3692,0,0.0,C879902700
O3673954431,2025-04-09,华东,苏州,家居,收纳,家-收-510,站内推荐,微信支付,106.28,3,0.017,313.42,182.87,0.4165,0,0.0,C988969924
O7346589814,2025-04-09,华东,上海,美妆,彩妆,美-彩-667,信息流广告,支付宝,172.52,4,0.14,593.47,314.0,0.4709,0,0.0,C469438749
O2196636119,2025-04-09,华东,上海,家居,收纳,家-收-787,自然搜索,支付宝,26.27,1,0.067,24.51,15.13,0.3827,0,0.0,C272667948
O6549793662,2025-04-09,华北,天津,美妆,彩妆,美-彩-966,站内推荐,支付宝,160.12,3,0.104,430.4,269.24,0.3744,0,0.0,C361478568
O0226981075,2025-04-09,西南,昆明,家居,厨具,家-厨-145,站内推荐,微信支付,94.66,3,0.083,273.03,181.0,0.3371,0,0.0,C381142263
O4871154693,2025-04-09,华中,郑州,服饰,上衣,服-上-617,站内推荐,支付宝,176.48,2,0.049,335.66,222.53,0.337,0,0.0,C732921554
O5138578225,2025-04-10,华东,苏州,美妆,护肤,美-护-404,自然搜索,支付宝,130.72,2,0.101,235.03,128.79,0.452,0,0.0,C491403578
O4502649829,2025-04-10,西南,成都,家居,厨具,家-厨-724,私域,微信支付,83.49,1,0.08,80.57,47.94,0.405,0,0.0,C846202754
O7077107052,2025-04-10,华中,郑州,家居,清洁,家-清-399,直播,微信支付,106.09,1,0.123,93.04,55.79,0.4004,0,0.0,C798760990
O3218739673,2025-04-10,华北,太原,家居,收纳,家-收-387,站内推荐,微信支付,85.02,2,0.065,158.99,104.21,0.3445,0,0.0,C437883760
O4079830030,2025-04-10,华东,上海,家居,收纳,家-收-553,站内推荐,支付宝,80.92,3,0.045,231.84,140.69,0.3932,0,0.0,C160689926
O9707488599,2025-04-10,华中,武汉,数码,智能穿戴,数-智-397,直播,支付宝,248.58,3,0.076,689.06,505.89,0.2658,0,0.0,C749943391
O5025967303,2025-04-10,华北,太原,家居,收纳,家-收-837,站内推荐,微信支付,40.47,4,0.081,148.77,89.06,0.4014,0,0.0,C608268612
O5155320129,2025-04-10,西南,重庆,美妆,护肤,美-护-172,自然搜索,支付宝,159.88,3,0.048,478.97,283.31,0.4085,0,0.0,C315147196
O6309716862,2025-04-10,西南,贵阳,家居,清洁,家-清-264,自然搜索,微信支付,54.4,1,0.086,52.16,33.81,0.3518,0,0.0,C193847265
O1533511069,2025-04-10,华北,北京,家居,收纳,家-收-737,信息流广告,微信支付,76.99,4,0.069,286.71,174.81,0.3903,0,0.0,C469727399
O9029152977,2025-04-10,东北,沈阳,家居,清洁,家-清-114,信息流广告,支付宝,55.21,2,0.064,101.95,60.85,0.4031,0,0.0,C017241071
O6155964326,2025-04-11,西南,成都,食品,速食,食-速-470,站内推荐,微信支付,54.08,2,0.058,106.93,69.34,0.3515,0,0.0,C109025165
O2466758025,2025-04-11,华北,太原,服饰,裤装,服-裤-514,直播,货到付款,158.42,3,0.061,446.27,261.47,0.4141,0,0.0,C596451301
O9583739632,2025-04-11,华东,南京,美妆,彩妆,美-彩-956,信息流广告,支付宝,110.49,1,0.088,100.77,48.86,0.5151,0,0.0,C843501425
O7036465034,2025-04-11,华南,佛山,数码,配件,数-配-675,站内推荐,银行卡,251.44,4,0.029,1008.79,725.6,0.2807,0,0.0,C300289899
O3837333358,2025-04-11,华南,厦门,数码,耳机,数-耳-134,直播,银行卡,222.4,2,0.129,400.19,283.18,0.2924,0,0.0,C605403937
O8767832912,2025-04-11,东北,哈尔滨,食品,零食,食-零-913,自然搜索,支付宝,48.89,3,0.062,135.69,84.97,0.3738,0,0.0,C189402537
O6064074037,2025-04-11,华北,太原,家居,清洁,家-清-211,自然搜索,支付宝,117.61,1,0.0,117.61,76.74,0.3475,0,0.0,C430022641
O3591758911,2025-04-11,西北,银川,数码,配件,数-配-150,自然搜索,支付宝,193.51,3,0.053,549.76,371.92,0.3235,0,0.0,C013287353
O8764050697,2025-04-11,华中,郑州,食品,速食,食-速-276,自然搜索,银行卡,63.5,3,0.062,178.69,118.42,0.3373,0,0.0,C844529099
O3749652805,2025-04-11,华东,宁波,美妆,护肤,美-护-457,私域,支付宝,190.8,4,0.011,754.8,426.04,0.4356,0,0.0,C259008642
O6516378997,2025-04-11,西南,昆明,美妆,彩妆,美-彩-617,站内推荐,微信支付,147.07,1,0.076,142.61,75.96,0.4674,0,0.0,C229926989
O9888787619,2025-04-11,华北,石家庄,服饰,鞋靴,服-鞋-866,自然搜索,微信支付,97.41,2,0.0,194.82,116.55,0.4018,0,0.0,C027780716
O9692778923,2025-04-11,华东,杭州,食品,饮料,食-饮-519,站内推荐,支付宝,66.25,2,0.075,122.56,79.36,0.3525,0,0.0,C431337077
O7200871286,2025-04-11,西北,乌鲁木齐,美妆,香氛,美-香-461,站内推荐,银行卡,182.71,3,0.085,501.54,248.37,0.5048,0,0.0,C433718223
O3900728797,2025-04-11,华东,苏州,家居,清洁,家-清-485,私域,微信支付,52.03,3,0.052,147.97,92.49,0.3749,0,0.0,C961282986
O2494598708,2025-04-12,华东,苏州,家居,清洁,家-清-512,线下导流,微信支付,68.36,1,0.074,63.3,39.32,0.3788,0,0.0,C003415969
O5057033341,2025-04-12,华东,宁波,家居,厨具,家-厨-902,私域,微信支付,89.07,1,0.069,82.92,48.79,0.4116,0,0.0,C500587334
O0690997535,2025-04-12,西南,成都,数码,配件,数-配-495,自然搜索,微信支付,242.71,1,0.152,216.1,147.97,0.3153,0,0.0,C023524798
O5818003886,2025-04-12,华南,深圳,美妆,护肤,美-护-589,信息流广告,支付宝,171.1,4,0.091,642.83,333.98,0.4805,0,0.0,C082725090
O3693274740,2025-04-12,东北,,数码,配件,数-配-394,信息流广告,支付宝,180.68,1,0.109,158.75,121.39,0.2353,0,0.0,C389360260
O6155747269,2025-04-12,华东,苏州,数码,智能穿戴,数-智-905,直播,支付宝,170.87,1,0.166,142.51,108.79,0.2366,0,0.0,C563688938
O8134013094,2025-04-12,华中,武汉,家居,厨具,家-厨-602,直播,支付宝,69.01,3,0.064,193.78,126.32,0.3481,0,0.0,C067650793
O5498779245,2025-04-12,西南,成都,食品,饮料,食-饮-895,私域,支付宝,53.09,2,0.105,99.78,66.06,0.3379,0,0.0,C156561492
O9079310394,2025-04-12,华北,石家庄,美妆,护肤,美-护-579,私域,银行卡,184.74,4,0.067,689.45,379.12,0.4501,0,0.0,C406168756
O9842169363,2025-04-12,西南,重庆,数码,配件,数-配-494,直播,微信支付,217.31,1,,209.91,145.87,0.3051,0,0.0,C343892307
O8230181393,2025-04-12,华中,郑州,数码,配件,数-配-502,线下导流,微信支付,79.33,4,0.064,297.01,232.65,0.2167,0,0.0,C618996963
O6693183150,2025-04-12,华中,南昌,数码,耳机,数-耳-243,自然搜索,支付宝,180.74,3,0.071,503.72,396.25,0.2134,0,0.0,C974534976
O6399167287,2025-04-12,华东,宁波,服饰,上衣,服-上-222,直播,微信支付,125.98,2,0.119,221.98,109.42,0.5071,0,0.0,C304352388
O1318697766,2025-04-12,华北,石家庄,数码,智能穿戴,数-智-871,私域,支付宝,256.12,4,0.013,1011.16,656.14,0.3511,0,0.0,C498292794
O4135296033,2025-04-12,西北,银川,家居,清洁,家-清-573,自然搜索,支付宝,59.72,1,0.057,56.32,35.2,0.375,0,0.0,C101624199
O7675875595,2025-04-13,华北,石家庄,食品,饮料,食-饮-216,站内推荐,微信支付,67.17,1,0.056,63.41,38.3,0.396,0,0.0,C180230215
O8012509790,2025-04-13,华南,广州,食品,速食,食-速-569,线下导流,支付宝,40.71,4,0.048,160.24,102.99,0.3573,0,0.0,C247643336
O2553458457,2025-04-13,东北,哈尔滨,食品,零食,食-零-774,直播,支付宝,60.29,4,0.119,209.49,134.13,0.3597,0,0.0,C983840023
O1498213420,2025-04-13,华东,上海,数码,耳机,数-耳-683,自然搜索,支付宝,131.42,2,0.076,242.86,182.36,0.2491,0,0.0,C443828059
O4430624716,2025-04-13,西南,重庆,服饰,裤装,服-裤-522,信息流广告,微信支付,85.25,2,0.084,164.06,94.51,0.4239,0,0.0,C350431563
O5487432911,2025-04-13,华南,佛山,数码,耳机,数-耳-601,直播,银行卡,241.64,1,0.106,223.29,179.56,0.1958,0,0.0,C286974086
O4417469099,2025-04-13,华北,北京,数码,耳机,数-耳-427,站内推荐,支付宝,245.38,1,0.063,229.92,168.9,0.2654,0,0.0,C502256430
O0155588125,2025-04-13,西北,西安,数码,耳机,数-耳-659,私域,银行卡,194.84,3,0.035,564.06,440.2,0.2196,0,0.0,C961631727
O0644836835,2025-04-13,华东,南京,数码,配件,数-配-473,线下导流,支付宝,192.57,1,0.071,178.9,135.22,0.2442,0,0.0,C365821462
O1073791408,2025-04-13,华北,太原,美妆,彩妆,美-彩-241,直播,微信支付,169.0,2,,293.38,178.25,0.3924,0,0.0,C989328632
O1210821249,2025-04-13,西南,成都,美妆,香氛,美-香-505,站内推荐,支付宝,94.15,2,0.044,189.09,109.82,0.4192,0,0.0,C815874274
O7189657298,2025-04-13,西南,贵阳,服饰,鞋靴,服-鞋-790,私域,微信支付,121.56,1,0.04,122.58,73.22,0.4027,0,0.0,C693807295
O0107700829,2025-04-13,华中,武汉,数码,耳机,数-耳-128,私域,微信支付,168.19,1,0.067,156.92,116.4,0.2582,0,0.0,C599618325
O1239395427,2025-04-14,西南,重庆,服饰,鞋靴,服-鞋-963,自然搜索,微信支付,106.74,4,0.03,435.25,264.42,0.3925,0,0.0,C898086525
O4012685450,2025-04-14,华东,宁波,美妆,香氛,美-香-280,自然搜索,微信支付,79.63,2,0.079,146.68,87.81,0.4013,0,0.0,C684629119
O0331030622,2025-04-14,华南,佛山,家居,收纳,家-收-565,自然搜索,银行卡,74.82,4,0.063,289.95,186.68,0.3562,0,0.0,C141597108
O1317319549,2025-04-14,华南,佛山,服饰,上衣,服-上-945,私域,支付宝,130.58,2,0.124,236.54,139.26,0.4113,1,216.92,C257020561
O3549154308,2025-04-14,华北,天津,美妆,护肤,美-护-485,线下导流,银行卡,213.18,2,0.085,390.12,205.27,0.4738,0,0.0,C215167200
O7420964142,2025-04-14,华南,深圳,数码,智能穿戴,数-智-522,站内推荐,银行卡,161.89,2,0.025,326.4,228.25,0.3007,0,0.0,C296327687
O7601972833,2025-04-14,西南,重庆,家居,收纳,家-收-926,自然搜索,微信支付,70.91,4,0.06,280.2,165.32,0.41,0,0.0,C347193985
O5903832011,2025-04-14,华中,武汉,家居,厨具,家-厨-363,站内推荐,货到付款,78.67,3,0.093,214.06,111.76,0.4779,0,0.0,C852863227
O3536806412,2025-04-14,西南,重庆,服饰,裤装,服-裤-652,私域,微信支付,125.69,1,0.054,124.96,70.06,0.4393,0,0.0,C830723179
O3979155050,2025-04-14,东北,哈尔滨,美妆,护肤,美-护-866,站内推荐,支付宝,58.05,2,0.097,103.36,54.73,0.4705,0,0.0,C629366833
O1617435055,2025-04-14,华东,南京,服饰,裤装,服-裤-793,直播,支付宝,124.89,4,0.072,463.59,250.2,0.4603,0,0.0,C710093212
O4796482134,2025-04-14,华中,长沙,家居,清洁,家-清-549,站内推荐,微信支付,78.51,1,0.085,71.84,47.66,0.3366,0,0.0,C667260949
O2459667699,2025-04-14,华东,上海,家居,厨具,家-厨-647,信息流广告,微信支付,75.55,4,0.105,270.47,163.05,0.3972,0,0.0,C409321719
O7653623739,2025-04-14,华北,北京,数码,耳机,数-耳-697,直播,支付宝,192.74,1,0.098,173.85,128.87,0.2587,0,0.0,C456653870
O7971510189,2025-04-14,东北,长春,数码,配件,数-配-548,自然搜索,微信支付,251.57,1,0.1,223.21,164.65,0.2624,0,0.0,C584097609
O5992472535,2025-04-14,华东,上海,美妆,护肤,美-护-484,私域,微信支付,173.52,3,0.023,508.59,315.88,0.3789,0,0.0,C684206848
O0458646215,2025-04-14,华北,北京,服饰,裤装,服-裤-583,直播,支付宝,80.12,3,0.06,225.94,144.97,0.3584,0,0.0,C428556258
O4110055761,2025-04-14,华东,苏州,服饰,鞋靴,服-鞋-971,直播,银行卡,106.24,1,0.13,92.43,56.49,0.3888,0,0.0,C641664107
O7407960459,2025-04-14,华南,厦门,数码,智能穿戴,数-智-901,线下导流,支付宝,163.57,2,0.051,321.0,241.57,0.2474,0,0.0,C407624013
O3647446186,2025-04-14,西南,成都,家居,清洁,家-清-869,站内推荐,支付宝,45.86,3,0.1,130.13,81.83,0.3712,0,0.0,C327006413
O8032050687,2025-04-14,华北,石家庄,家居,收纳,家-收-309,信息流广告,微信支付,72.4,2,0.073,134.23,95.34,0.2897,0,0.0,C626544188
O9910229198,2025-04-14,华东,苏州,食品,零食,食-零-419,直播,微信支付,57.17,4,0.08,210.39,145.26,0.3096,0,0.0,C465929499
O0050159849,2025-04-15,华中,长沙,数码,配件,数-配-766,线下导流,银行卡,274.92,4,0.098,991.91,745.02,0.2489,0,0.0,C692599816
O8546082885,2025-04-15,华东,上海,美妆,护肤,美-护-924,直播,微信支付,207.34,4,0.111,737.3,373.13,0.4939,0,0.0,C594394303
O4692730457,2025-04-15,华中,郑州,数码,智能穿戴,数-智-473,信息流广告,微信支付,233.13,3,0.094,633.65,434.02,0.315,0,0.0,C156687428
O2497952455,2025-04-15,华南,佛山,服饰,鞋靴,服-鞋-296,信息流广告,微信支付,183.95,4,0.089,693.3,393.41,0.4326,0,0.0,C981725984
O8791645242,2025-04-15,西北,银川,服饰,裤装,服-裤-820,私域,支付宝,170.81,2,0.111,303.7,158.75,0.4773,0,0.0,C690960518
O5887246986,2025-04-15,华中,长沙,服饰,鞋靴,服-鞋-608,信息流广告,微信支付,148.25,4,0.113,525.99,320.14,0.3914,0,0.0,C146724882
O0644722110,2025-04-15,华南,厦门,服饰,鞋靴,服-鞋-925,私域,支付宝,71.47,1,0.106,66.08,35.48,0.4631,0,0.0,C162375056
O0365546619,2025-04-15,华北,石家庄,服饰,裤装,服-裤-239,直播,支付宝,97.88,4,0.085,358.24,215.2,0.3993,0,0.0,C843768444
O3102886228,2025-04-15,华中,南昌,家居,收纳,家-收-396,线下导流,支付宝,101.62,1,0.014,100.2,70.62,0.2952,0,0.0,C573846837
O9853548413,2025-04-15,华中,郑州,美妆,护肤,美-护-874,线下导流,银行卡,196.43,4,0.047,748.79,430.81,0.4247,0,0.0,C545938985
O8545128169,2025-04-15,华南,广州,家居,厨具,家-厨-387,线下导流,支付宝,66.87,2,0.062,129.75,71.71,0.4473,0,0.0,C667119441
O9463085059,2025-04-15,华东,苏州,食品,速食,食-速-171,信息流广告,支付宝,63.09,1,0.065,58.99,35.68,0.3952,0,0.0,C073709952
O3185353159,2025-04-15,西南,贵阳,美妆,香氛,美-香-762,直播,支付宝,140.83,2,0.09,269.49,148.64,0.4484,0,0.0,C961230174
O4507910202,2025-04-15,华东,宁波,数码,耳机,数-耳-677,直播,支付宝,251.82,4,0.098,908.57,682.77,0.2485,0,0.0,C889885176
O5926018892,2025-04-15,西南,昆明,家居,厨具,家-厨-649,站内推荐,微信支付,82.64,2,0.045,165.96,103.54,0.3761,0,0.0,C804476313
O5876008446,2025-04-15,华东,杭州,服饰,裤装,服-裤-736,私域,微信支付,105.46,2,0.049,200.58,110.3,0.4501,0,0.0,C945546134
O7554844012,2025-04-16,华北,天津,食品,速食,食-速-634,私域,支付宝,70.09,2,0.026,136.54,88.0,0.3555,0,0.0,C226505050
O8115393359,2025-04-16,华东,上海,服饰,鞋靴,服-鞋-273,信息流广告,支付宝,153.98,2,0.081,283.02,164.58,0.4185,0,0.0,C668852156
O7052529186,2025-04-16,华北,天津,数码,智能穿戴,数-智-566,直播,微信支付,250.09,2,0.15,425.15,330.78,0.222,0,0.0,C937064774
O6754031549,2025-04-16,东北,大连,食品,饮料,食-饮-899,信息流广告,支付宝,41.41,3,0.106,109.46,77.21,0.2946,0,0.0,C868315091
O4189223310,2025-04-16,西南,成都,美妆,彩妆,美-彩-483,信息流广告,微信支付,116.28,3,0.1,330.26,209.15,0.3667,0,0.0,C121192854
O9247768617,2025-04-16,西南,贵阳,美妆,香氛,美-香-757,线下导流,微信支付,172.42,1,0.079,167.04,98.33,0.4113,1,112.37,C256332293
O7039750848,2025-04-16,西南,成都,家居,收纳,家-收-505,信息流广告,支付宝,73.84,1,0.111,69.05,42.96,0.3778,0,0.0,C791872856
O6098288106,2025-04-16,华北,太原,美妆,彩妆,美-彩-915,站内推荐,微信支付,209.46,4,0.068,780.87,497.19,0.3633,0,0.0,C589198636
O7192360524,2025-04-16,华南,深圳,数码,配件,数-配-437,自然搜索,支付宝,260.61,1,0.065,252.11,196.37,0.2211,0,0.0,C384706358
O7140675204,2025-04-16,华东,苏州,数码,耳机,数-耳-368,线下导流,支付宝,176.5,1,0.034,170.5,126.55,0.2578,0,0.0,C718968267
O2050367980,2025-04-16,西南,成都,家居,厨具,家-厨-674,信息流广告,支付宝,84.6,4,0.068,331.76,202.52,0.3896,0,0.0,C408070191
O4061604453,2025-04-16,西南,重庆,数码,智能穿戴,数-智-996,站内推荐,银行卡,164.53,1,0.033,167.36,132.21,0.21,0,0.0,C179241137
O5798634155,2025-04-16,西南,成都,数码,耳机,数-耳-562,信息流广告,支付宝,161.57,3,0.106,455.83,344.86,0.2434,0,0.0,C917204941
O3732757204,2025-04-16,华南,广州,数码,耳机,数-耳-720,站内推荐,银行卡,115.37,2,0.1,214.85,154.35,0.2816,0,0.0,C958884285
O0623425598,2025-04-16,华南,佛山,数码,智能穿戴,数-智-385,直播,银行卡,259.41,1,0.134,232.43,172.93,0.256,0,0.0,C794083439
O2626719921,2025-04-16,西南,重庆,服饰,上衣,服-上-901,直播,微信支付,113.67,2,0.105,214.03,113.64,0.469,0,0.0,C100366561
O7191978841,2025-04-16,华东,杭州,数码,智能穿戴,数-智-939,自然搜索,支付宝,261.96,1,0.057,247.03,181.83,0.2639,0,0.0,C668288722
O3150098620,2025-04-16,华南,深圳,家居,清洁,家-清-278,自然搜索,支付宝,73.11,4,0.069,281.69,160.37,0.4307,0,0.0,C148589702
O8917356618,2025-04-16,华北,太原,服饰,鞋靴,服-鞋-991,私域,微信支付,156.1,4,0.079,575.07,354.17,0.3841,0,0.0,C776525280
O2638628473,2025-04-16,西南,成都,服饰,上衣,服-上-853,自然搜索,微信支付,119.71,4,0.073,466.93,273.94,0.4133,0,0.0,C055776505
O1209533040,2025-04-16,东北,沈阳,家居,厨具,家-厨-123,私域,微信支付,41.9,3,0.067,115.59,70.23,0.3924,0,0.0,C721103002
O9316408659,2025-04-16,华南,厦门,服饰,上衣,服-上-989,信息流广告,微信支付,143.39,1,0.073,137.52,76.27,0.4454,0,0.0,C797145235
O2565130572,2025-04-16,华东,南京,家居,清洁,家-清-511,自然搜索,微信支付,28.66,4,0.041,109.94,75.77,0.3108,0,0.0,C581933734
O8605656469,2025-04-16,华中,武汉,家居,厨具,家-厨-818,私域,银行卡,94.36,1,0.086,86.25,54.91,0.3634,0,0.0,C336021412
O0711885701,2025-04-17,华北,天津,家居,厨具,家-厨-725,信息流广告,微信支付,74.58,1,0.128,65.03,42.85,0.3411,0,0.0,C370609276
O4391744495,2025-04-17,华北,天津,服饰,上衣,服-上-770,信息流广告,支付宝,112.27,3,0.061,316.26,174.04,0.4497,0,0.0,C202119495
O0485597773,2025-04-17,华东,苏州,数码,耳机,数-耳-383,直播,微信支付,135.6,1,0.09,123.4,92.53,0.2502,0,0.0,C980525867
O0845082723,2025-04-17,东北,大连,家居,厨具,家-厨-479,信息流广告,支付宝,106.38,2,0.078,193.31,118.73,0.3858,1,160.69,C287737472
O7728688576,2025-04-17,西北,西安,数码,配件,数-配-917,自然搜索,支付宝,146.98,3,0.089,401.7,310.69,0.2266,0,0.0,C652377411
O8838321748,2025-04-17,华南,佛山,家居,厨具,家-厨-346,站内推荐,微信支付,83.87,4,0.034,335.4,210.73,0.3717,0,0.0,C852193038
O5306602679,2025-04-17,西南,重庆,服饰,鞋靴,服-鞋-510,信息流广告,微信支付,103.64,3,0.094,296.46,188.1,0.3655,0,0.0,C603290352
O0580828641,2025-04-17,东北,长春,数码,配件,数-配-233,直播,微信支付,261.79,2,,466.42,365.28,0.2168,0,0.0,C372620689
O8406787851,2025-04-17,华北,石家庄,数码,智能穿戴,数-智-440,自然搜索,支付宝,185.03,3,0.129,483.48,322.65,0.3327,0,0.0,C626104517
O7842743393,2025-04-17,华南,厦门,食品,零食,食-零-834,自然搜索,银行卡,55.7,3,0.022,169.13,106.25,0.3718,0,0.0,C950161144
O3660734601,2025-04-17,东北,哈尔滨,食品,零食,食-零-649,信息流广告,支付宝,38.51,4,0.091,137.98,88.37,0.3595,1,86.25,C130051429
O7704425899,2025-04-17,华北,北京,家居,厨具,家-厨-374,信息流广告,微信支付,73.7,1,0.111,65.52,41.73,0.3631,0,0.0,C921192746
O8028042648,2025-04-17,东北,沈阳,数码,耳机,数-耳-428,站内推荐,支付宝,139.07,4,0.038,527.35,391.87,0.2569,0,0.0,C055504861
O4077180607,2025-04-17,华中,郑州,家居,收纳,家-收-412,站内推荐,微信支付,107.42,4,0.069,400.03,247.84,0.3804,0,0.0,C437867085
O4605858093,2025-04-17,华北,石家庄,数码,配件,数-配-328,站内推荐,支付宝,195.0,3,0.073,542.3,399.12,0.264,0,0.0,C066139108
O3927869901,2025-04-18,华南,厦门,食品,零食,食-零-843,线下导流,微信支付,27.4,2,0.0,56.73,37.82,0.3333,0,0.0,C362680849
O6473766711,2025-04-18,华东,宁波,服饰,上衣,服-上-912,信息流广告,微信支付,180.85,1,0.05,171.81,102.61,0.4028,1,155.76,C582596089
O8341515351,2025-04-18,华北,石家庄,数码,智能穿戴,数-智-558,站内推荐,微信支付,254.08,4,0.045,970.59,667.38,0.3124,0,0.0,C908385857
O6061796227,2025-04-18,西南,昆明,食品,零食,食-零-750,自然搜索,微信支付,20.67,2,0.066,40.65,28.5,0.2989,0,0.0,C781790475
O9510840867,2025-04-18,华南,佛山,美妆,香氛,美-香-348,信息流广告,微信支付,199.69,4,0.058,778.97,439.02,0.4364,0,0.0,C647368850
O2960262463,2025-04-18,华南,厦门,数码,耳机,数-耳-512,线下导流,微信支付,245.75,3,0.072,708.3,541.02,0.2362,0,0.0,C964220077
O6699554880,2025-04-18,华南,深圳,服饰,鞋靴,服-鞋-660,直播,微信支付,159.93,1,0.102,148.68,86.95,0.4152,0,0.0,C707357215
O5247807720,2025-04-18,华东,杭州,食品,饮料,食-饮-637,自然搜索,微信支付,64.98,3,0.043,186.56,117.49,0.3702,0,0.0,C321218053
O4812648523,2025-04-18,华北,太原,美妆,香氛,美-香-595,信息流广告,支付宝,145.08,2,0.111,257.95,149.35,0.421,0,0.0,C127241497
O1732536596,2025-04-18,华东,杭州,食品,零食,食-零-404,信息流广告,支付宝,55.18,3,0.012,163.55,120.87,0.261,0,0.0,C311603038
O3127191782,2025-04-18,西北,西安,美妆,护肤,美-护-189,直播,银行卡,189.48,4,0.125,663.18,378.43,0.4294,0,0.0,C457021364
O2079411256,2025-04-18,华南,深圳,家居,收纳,家-收-839,自然搜索,微信支付,68.83,4,0.055,269.36,185.39,0.3117,0,0.0,C672191527
O7207864439,2025-04-18,华南,广州,家居,清洁,家-清-972,自然搜索,微信支付,92.68,1,0.081,88.18,54.05,0.387,0,0.0,C580321905
O7849842111,2025-04-18,华东,宁波,家居,收纳,家-收-716,直播,微信支付,104.37,4,0.126,364.88,191.86,0.4742,0,0.0,C029233555
O0351323315,2025-04-19,东北,沈阳,家居,清洁,家-清-224,直播,支付宝,101.91,3,0.075,278.6,160.9,0.4225,0,0.0,C554572161
O0530557739,2025-04-19,华北,石家庄,服饰,鞋靴,服-鞋-139,私域,微信支付,96.86,4,0.061,363.81,213.22,0.4139,0,0.0,C441931892
O0592256255,2025-04-19,西南,昆明,服饰,上衣,服-上-983,私域,微信支付,141.45,3,0.042,428.24,226.47,0.4712,0,0.0,C662121550
O0817442512,2025-04-19,西南,重庆,食品,零食,食-零-312,私域,微信支付,80.83,4,0.024,332.41,220.58,0.3364,0,0.0,C475820315
O5184454117,2025-04-19,华东,宁波,美妆,香氛,美-香-532,自然搜索,微信支付,198.29,2,0.019,389.04,214.38,0.449,0,0.0,C634380631
O4997014562,2025-04-19,华南,深圳,食品,速食,食-速-231,自然搜索,微信支付,44.49,2,0.075,85.24,60.83,0.2864,0,0.0,C782714836
O2225941834,2025-04-19,华中,南昌,服饰,上衣,服-上-744,线下导流,微信支付,90.88,2,0.115,160.86,83.69,0.4797,0,0.0,C811238673
O8449313038,2025-04-19,华南,深圳,食品,饮料,食-饮-721,直播,支付宝,36.57,4,0.11,134.82,83.91,0.3776,0,0.0,C883487181
O9270631524,2025-04-19,西南,重庆,美妆,护肤,美-护-421,直播,微信支付,119.71,3,0.144,323.83,171.3,0.471,0,0.0,C869346183
O6387380842,2025-04-19,华北,北京,服饰,上衣,服-上-735,私域,微信支付,164.4,1,0.07,152.89,92.32,0.3962,0,0.0,C860246838
O7125418467,2025-04-19,东北,哈尔滨,数码,智能穿戴,数-智-881,直播,支付宝,141.18,3,0.138,359.68,280.49,0.2202,0,0.0,C137723730
O8280305865,2025-04-19,华东,南京,数码,配件,数-配-609,信息流广告,支付宝,152.23,1,0.052,144.31,110.26,0.236,0,0.0,C163615479
O4203670854,2025-04-19,西南,贵阳,美妆,香氛,美-香-108,自然搜索,支付宝,226.34,4,0.076,881.23,479.68,0.4557,0,0.0,C291445293
O6381064767,2025-04-20,华北,北京,服饰,鞋靴,服-鞋-680,直播,微信支付,148.52,3,0.083,408.58,223.45,0.4531,0,0.0,C222669219
O7433530991,2025-04-20,华南,厦门,美妆,护肤,美-护-391,自然搜索,支付宝,183.68,4,0.128,663.7,365.51,0.4493,1,624.8,C540361323
O0607253879,2025-04-20,华南,佛山,服饰,裤装,服-裤-834,自然搜索,支付宝,130.5,1,0.079,124.51,73.61,0.4088,0,0.0,C792380173
O0455523173,2025-04-20,华中,长沙,家居,清洁,家-清-798,站内推荐,微信支付,79.69,1,0.052,75.55,47.12,0.3763,0,0.0,C009465887
O4482987731,2025-04-20,华东,南京,数码,耳机,数-耳-814,私域,微信支付,208.55,1,0.057,196.66,139.24,0.292,0,0.0,C778580103
O0126607462,2025-04-20,华中,武汉,美妆,彩妆,美-彩-646,直播,支付宝,142.77,1,0.111,126.92,62.56,0.5071,1,106.0,C976173668
O4078490866,2025-04-20,华南,深圳,数码,智能穿戴,数-智-539,信息流广告,微信支付,245.44,3,0.086,697.18,530.71,0.2388,0,0.0,C504940414
O0071634324,2025-04-20,华北,石家庄,美妆,护肤,美-护-669,私域,支付宝,178.54,3,0.027,521.16,276.49,0.4695,0,0.0,C757948154
O9803428022,2025-04-20,东北,长春,美妆,彩妆,美-彩-799,自然搜索,微信支付,107.04,2,0.022,206.24,106.78,0.4823,0,0.0,C460646085
O3369493271,2025-04-20,华北,天津,家居,清洁,家-清-296,私域,银行卡,93.21,3,0.092,253.9,153.62,0.395,0,0.0,C035405625
O6350591483,2025-04-20,华东,苏州,家居,清洁,家-清-106,信息流广告,微信支付,69.71,4,0.097,251.79,159.86,0.3651,0,0.0,C577600792
O5585371219,2025-04-20,华东,南京,家居,清洁,家-清-596,直播,货到付款,55.89,1,0.081,51.36,34.08,0.3364,0,0.0,C990829336
O7796047434,2025-04-20,华南,佛山,服饰,上衣,服-上-582,线下导流,支付宝,136.06,4,0.112,500.65,234.99,0.5306,0,0.0,C733442217
O8899651188,2025-04-20,西北,西安,食品,速食,食-速-775,自然搜索,微信支付,68.74,2,0.106,122.91,80.35,0.3463,0,0.0,C865102435
O4311896937,2025-04-20,西南,贵阳,食品,零食,食-零-413,自然搜索,微信支付,38.57,2,0.092,73.82,49.7,0.3267,0,0.0,C336144472
O6638192306,2025-04-20,华东,上海,食品,饮料,食-饮-729,直播,货到付款,40.93,3,0.067,114.56,74.71,0.3479,1,83.89,C691480523
O0955323444,2025-04-20,华中,武汉,美妆,彩妆,美-彩-856,私域,微信支付,181.84,4,0.043,696.08,383.56,0.449,0,0.0,C543529626
O9334355025,2025-04-20,华中,南昌,家居,清洁,家-清-352,自然搜索,微信支付,95.43,1,0.072,88.56,55.61,0.3721,0,0.0,C708062967
O7408141769,2025-04-20,华东,宁波,服饰,上衣,服-上-909,自然搜索,银行卡,117.89,3,0.0,353.67,222.21,0.3717,0,0.0,C822219042
O7634468568,2025-04-20,华北,北京,服饰,裤装,服-裤-320,自然搜索,微信支付,171.0,3,0.09,466.83,259.76,0.4436,0,0.0,C713496879
O6991258021,2025-04-20,华南,广州,服饰,上衣,服-上-248,自然搜索,微信支付,116.81,2,0.102,217.33,116.01,0.4662,0,0.0,C747015412
O4640259013,2025-04-20,华中,郑州,美妆,彩妆,美-彩-156,直播,支付宝,127.8,4,0.085,467.75,251.66,0.462,0,0.0,C791599772
O9839057611,2025-04-21,西北,乌鲁木齐,食品,零食,食-零-216,直播,微信支付,61.96,3,0.105,166.36,101.68,0.3888,0,0.0,C797899777
O5726421735,2025-04-21,华东,杭州,服饰,上衣,服-上-174,站内推荐,微信支付,93.06,4,0.06,349.91,176.36,0.496,0,0.0,C210935438
O9131948585,2025-04-21,华东,上海,家居,收纳,家-收-823,直播,银行卡,98.48,1,0.072,91.39,57.08,0.3754,0,0.0,C046985898
O3775321726,2025-04-21,华南,佛山,家居,厨具,家-厨-393,线下导流,微信支付,82.12,2,0.05,161.69,97.62,0.3963,0,0.0,C023704437
O6717336018,2025-04-21,华东,宁波,家居,厨具,家-厨-448,私域,银行卡,36.57,3,0.064,102.69,65.18,0.3653,0,0.0,C997138784
O9447387583,2025-04-21,华中,郑州,家居,收纳,家-收-546,信息流广告,支付宝,80.34,3,0.067,224.87,160.24,0.2874,0,0.0,C451090015
O6881030449,2025-04-21,华东,宁波,数码,配件,数-配-176,线下导流,银行卡,143.68,4,0.087,524.72,428.76,0.1829,0,0.0,C033536866
O9407822792,2025-04-21,华北,北京,服饰,裤装,服-裤-912,自然搜索,微信支付,117.41,3,0.045,336.38,180.61,0.4631,0,0.0,C468018570
O5333506512,2025-04-21,西南,重庆,美妆,香氛,美-香-588,线下导流,支付宝,198.74,3,0.0,628.65,349.2,0.4445,0,0.0,C299769733
O3002977394,2025-04-21,华南,厦门,食品,饮料,食-饮-391,直播,微信支付,70.25,2,0.102,130.74,81.54,0.3763,0,0.0,C497263610
O1731132444,2025-04-21,华东,南京,美妆,护肤,美-护-354,自然搜索,银行卡,151.41,4,0.064,566.88,257.11,0.5464,0,0.0,C307510991
O0412069383,2025-04-21,华南,广州,服饰,上衣,服-上-802,私域,支付宝,172.81,4,0.073,664.02,381.88,0.4249,0,0.0,C420150892
O4403561652,2025-04-21,华东,南京,美妆,香氛,美-香-389,站内推荐,支付宝,172.25,2,0.082,316.25,157.27,0.5027,0,0.0,C842716642
O6818915583,2025-04-21,华东,杭州,美妆,彩妆,美-彩-837,自然搜索,微信支付,183.01,3,0.095,496.87,251.24,0.4944,0,0.0,C608721186
O7942041681,2025-04-21,华北,石家庄,服饰,上衣,服-上-646,线下导流,支付宝,169.97,1,0.1,152.97,83.86,0.4518,0,0.0,C553272060
O9059771950,2025-04-21,华北,天津,数码,智能穿戴,数-智-538,直播,微信支付,288.29,3,0.052,819.9,583.67,0.2881,1,530.62,C674765396
O8451354920,2025-04-21,华中,武汉,服饰,鞋靴,服-鞋-339,私域,支付宝,92.38,2,0.046,176.26,125.43,0.2884,0,0.0,C850929332
O5989723826,2025-04-21,华南,深圳,数码,智能穿戴,数-智-533,站内推荐,微信支付,213.25,2,0.054,418.1,324.96,0.2228,0,0.0,C610072295
O4668822889,2025-04-21,华南,广州,美妆,彩妆,美-彩-128,自然搜索,支付宝,169.64,2,0.099,316.78,186.56,0.4111,0,0.0,C969784909
O0665400058,2025-04-21,东北,哈尔滨,数码,耳机,数-耳-275,线下导流,微信支付,238.3,4,0.083,860.88,688.93,0.1997,0,0.0,C006530865
O8067755570,2025-04-21,东北,沈阳,美妆,香氛,美-香-641,站内推荐,支付宝,188.81,2,0.006,369.68,214.85,0.4188,1,231.78,C879022487
O6216143604,2025-04-21,华东,苏州,家居,收纳,家-收-465,站内推荐,支付宝,51.75,4,0.017,203.48,111.62,0.4514,0,0.0,C828172357
O6809459839,2025-04-22,华北,天津,家居,清洁,家-清-243,信息流广告,货到付款,54.32,4,0.087,198.38,129.24,0.3485,0,0.0,C012264866
O3010822629,2025-04-22,华南,佛山,美妆,护肤,美-护-688,私域,微信支付,132.52,4,0.088,501.12,273.74,0.4537,0,0.0,C846344341
O5768541789,2025-04-22,华东,宁波,家居,厨具,家-厨-531,私域,支付宝,79.81,1,0.09,72.63,42.87,0.4097,0,0.0,C737380878
O4260738295,2025-04-22,华东,杭州,服饰,鞋靴,服-鞋-764,自然搜索,微信支付,108.67,1,0.075,100.52,61.84,0.3848,0,0.0,C925772426
O3735023777,2025-04-22,华东,杭州,食品,饮料,食-饮-984,直播,支付宝,54.13,3,0.021,158.98,103.88,0.3466,0,0.0,C435256931
O9190451555,2025-04-22,华南,广州,数码,耳机,数-耳-845,自然搜索,微信支付,135.38,3,0.054,398.27,276.41,0.306,0,0.0,C391733261
O3751102939,2025-04-22,华北,北京,食品,速食,食-速-683,私域,微信支付,56.78,2,0.099,102.32,76.2,0.2553,0,0.0,C442653777
O9442199471,2025-04-22,华南,广州,数码,耳机,数-耳-509,自然搜索,支付宝,194.27,4,0.075,745.1,534.25,0.283,0,0.0,C157738634
O2789158906,2025-04-22,华东,上海,食品,饮料,食-饮-888,私域,支付宝,49.13,3,0.107,131.62,89.32,0.3214,0,0.0,C008918951
O5255530778,2025-04-22,华南,厦门,服饰,上衣,服-上-471,自然搜索,微信支付,135.04,2,0.104,250.85,127.59,0.4914,0,0.0,C736905695
O5767598972,2025-04-22,华中,南昌,美妆,护肤,美-护-212,私域,支付宝,92.72,4,0.042,355.3,187.63,0.4719,0,0.0,C992857324
O0252583570,2025-04-22,华南,深圳,家居,收纳,家-收-355,站内推荐,支付宝,80.69,1,0.006,83.14,58.52,0.2961,0,0.0,C362449169
O7290066762,2025-04-22,华北,天津,美妆,护肤,美-护-124,线下导流,微信支付,134.98,3,0.06,380.64,217.6,0.4283,0,0.0,C193108888
O5890723897,2025-04-23,华北,北京,家居,厨具,家-厨-677,直播,支付宝,91.09,3,0.03,265.07,162.03,0.3887,0,0.0,C109225168
O0570647088,2025-04-23,华北,太原,美妆,香氛,美-香-117,直播,支付宝,259.4,1,0.081,238.39,124.41,0.4781,0,0.0,C667187741
O1049479068,2025-04-23,华东,南京,数码,配件,数-配-889,自然搜索,支付宝,133.65,1,0.089,121.76,88.21,0.2755,0,0.0,C879609819
O3089481088,2025-04-23,华南,佛山,数码,智能穿戴,数-智-450,自然搜索,支付宝,191.33,1,0.105,177.56,128.01,0.2791,0,0.0,C787898848
O5702563846,2025-04-23,华中,武汉,美妆,彩妆,美-彩-346,直播,微信支付,210.73,2,0.129,367.09,195.66,0.467,0,0.0,C195426047
O8249065555,2025-04-23,华北,天津,服饰,裤装,服-裤-294,信息流广告,微信支付,181.02,2,0.078,333.8,213.63,0.36,0,0.0,C349010630
O2529893359,2025-04-23,华东,杭州,家居,厨具,家-厨-979,直播,支付宝,94.3,4,0.037,363.24,222.68,0.387,0,0.0,C536196403
O0577320627,2025-04-23,西北,兰州,美妆,香氛,美-香-188,直播,微信支付,128.38,4,0.11,457.03,209.19,0.5423,0,0.0,C506280306
O1498438349,2025-04-23,西南,重庆,数码,智能穿戴,数-智-658,信息流广告,微信支付,246.27,4,0.162,871.22,643.6,0.2613,0,0.0,C176318783
O2167353999,2025-04-23,西南,成都,服饰,裤装,服-裤-269,站内推荐,微信支付,112.92,3,0.071,332.14,207.94,0.3739,0,0.0,C885537339
O8156817662,2025-04-23,华中,武汉,美妆,彩妆,美-彩-107,信息流广告,支付宝,163.82,2,0.084,300.12,165.32,0.4492,0,0.0,C816164114
O9691265792,2025-04-23,华南,广州,数码,耳机,数-耳-451,直播,微信支付,146.37,1,0.068,141.45,112.22,0.2066,0,0.0,C814484819
O9269677419,2025-04-23,华北,北京,服饰,鞋靴,服-鞋-583,私域,微信支付,140.65,3,0.083,386.93,224.91,0.4187,0,0.0,C388652189
O1913603902,2025-04-23,西北,西安,服饰,裤装,服-裤-901,线下导流,银行卡,119.07,2,0.061,223.61,127.48,0.4299,0,0.0,C060047925
O7754756226,2025-04-23,西北,银川,家居,厨具,家-厨-430,信息流广告,微信支付,116.49,3,0.046,333.39,210.82,0.3676,0,0.0,C538343553
O7649779986,2025-04-23,华东,苏州,数码,耳机,数-耳-480,自然搜索,支付宝,204.9,3,0.029,596.87,457.85,0.2329,0,0.0,C221832752
O2541684483,2025-04-23,华中,长沙,美妆,护肤,美-护-876,自然搜索,微信支付,167.65,1,0.068,156.25,74.61,0.5225,0,0.0,C285998374
O9396075942,2025-04-23,东北,长春,食品,饮料,食-饮-320,私域,微信支付,50.01,4,0.072,182.78,113.83,0.3772,0,0.0,C107966004
O7813319240,2025-04-23,东北,长春,食品,零食,食-零-392,信息流广告,支付宝,69.75,2,0.092,124.72,82.69,0.337,0,0.0,C612981679
O6795796718,2025-04-23,华南,深圳,家居,清洁,家-清-120,私域,微信支付,101.38,1,0.024,102.6,66.69,0.35,0,0.0,C938829511
O7574879994,2025-04-23,华中,郑州,数码,耳机,数-耳-556,自然搜索,支付宝,254.12,2,0.053,481.3,362.95,0.2459,0,0.0,C960035056
O4347547664,2025-04-23,西北,兰州,服饰,上衣,服-上-666,私域,银行卡,142.04,3,0.065,398.42,239.94,0.3978,0,0.0,C524108824
O0255355931,2025-04-24,华东,宁波,食品,零食,食-零-951,私域,支付宝,49.61,4,0.072,184.15,123.7,0.3283,0,0.0,C411681314
O6544938898,2025-04-24,东北,哈尔滨,美妆,香氛,美-香-361,自然搜索,支付宝,164.08,1,0.105,144.57,81.21,0.4383,0,0.0,C697106585
O1498427934,2025-04-24,华北,北京,家居,收纳,家-收-221,站内推荐,支付宝,63.2,4,0.039,242.94,145.14,0.4026,0,0.0,C118213327
O4942405921,2025-04-24,华北,太原,食品,速食,食-速-709,站内推荐,支付宝,62.01,1,0.062,58.17,39.47,0.3215,0,0.0,C113273315
O8718299781,2025-04-24,华东,杭州,美妆,香氛,美-香-336,直播,支付宝,168.3,3,0.035,487.23,272.51,0.4407,0,0.0,C414550092
O2666655631,2025-04-24,华北,北京,家居,收纳,家-收-812,信息流广告,微信支付,94.2,3,0.08,259.99,165.78,0.3624,0,0.0,C637831058
O7159711528,2025-04-24,华东,宁波,食品,速食,食-速-894,私域,支付宝,35.55,4,0.041,136.37,95.77,0.2977,0,0.0,C893251781
O7929261777,2025-04-24,华南,佛山,食品,零食,食-零-493,线下导流,微信支付,17.13,1,0.02,17.41,11.2,0.3567,0,0.0,C281741971
O5787261818,2025-04-24,华东,杭州,家居,收纳,家-收-316,站内推荐,支付宝,33.15,3,0.085,91.0,57.86,0.3642,0,0.0,C127973364
O0785135552,2025-04-24,华北,天津,美妆,香氛,美-香-817,信息流广告,支付宝,96.57,4,0.096,349.2,163.13,0.5328,0,0.0,C709480699
O4264445559,2025-04-24,东北,大连,食品,零食,食-零-503,自然搜索,微信支付,44.2,2,0.125,76.15,51.97,0.3175,0,0.0,C659221201
O0632011190,2025-04-24,西南,昆明,数码,配件,数-配-270,自然搜索,微信支付,134.77,2,0.058,268.09,214.91,0.1984,0,0.0,C391623457
O8136128440,2025-04-25,华东,苏州,数码,耳机,数-耳-592,私域,支付宝,201.78,2,0.08,371.28,296.78,0.2007,0,0.0,C063217922
O3329804384,2025-04-25,华北,太原,家居,厨具,家-厨-581,私域,支付宝,75.5,2,0.073,139.98,91.26,0.348,0,0.0,C607481382
O3578004197,2025-04-25,华北,天津,服饰,鞋靴,服-鞋-374,私域,微信支付,122.28,1,0.02,119.83,77.1,0.3566,0,0.0,C654074344
O3561612515,2025-04-25,华东,上海,家居,收纳,家-收-811,线下导流,微信支付,98.05,3,0.045,280.91,180.04,0.3591,0,0.0,C025242511
O1945278880,2025-04-25,西南,贵阳,家居,厨具,家-厨-421,线下导流,微信支付,112.32,2,0.057,223.78,138.58,0.3807,0,0.0,C550814071
O0116453474,2025-04-25,华北,北京,服饰,鞋靴,服-鞋-254,站内推荐,支付宝,55.69,3,0.03,162.06,102.92,0.3649,0,0.0,C303713248
O2432540065,2025-04-25,华北,太原,食品,饮料,食-饮-223,私域,微信支付,44.32,2,0.038,85.27,59.2,0.3057,0,0.0,C803364490
O8783505587,2025-04-25,华南,深圳,美妆,彩妆,美-彩-782,自然搜索,微信支付,206.26,2,0.025,417.32,257.64,0.3826,0,0.0,C991904969
O9140892076,2025-04-25,华北,石家庄,家居,清洁,家-清-703,信息流广告,微信支付,79.56,2,0.067,148.46,94.61,0.3627,0,0.0,C755236933
O5022613471,2025-04-25,华东,,食品,零食,食-零-923,站内推荐,支付宝,31.31,1,0.042,29.99,19.91,0.3361,0,0.0,C657154203
O4568439528,2025-04-25,华中,长沙,数码,耳机,数-耳-734,信息流广告,支付宝,288.7,1,0.072,267.91,219.32,0.1814,0,0.0,C742652088
O7357294759,2025-04-25,华南,厦门,食品,饮料,食-饮-402,直播,微信支付,72.42,1,0.086,68.68,49.16,0.2842,0,0.0,C677338465
O7184217265,2025-04-25,华东,上海,数码,耳机,数-耳-768,自然搜索,微信支付,129.85,2,0.042,248.79,187.19,0.2476,0,0.0,C977451773
O1821395926,2025-04-25,华中,南昌,食品,速食,食-速-423,自然搜索,微信支付,23.45,1,0.061,22.02,14.52,0.3406,0,0.0,C143660673
O5669319046,2025-04-25,华南,深圳,家居,收纳,家-收-752,自然搜索,微信支付,51.09,4,0.106,189.56,120.82,0.3626,0,0.0,C121826267
O1796483660,2025-04-25,西南,昆明,食品,零食,食-零-498,自然搜索,支付宝,43.8,1,0.06,43.49,29.17,0.3293,0,0.0,C962830615
O1389956776,2025-04-25,华中,郑州,数码,耳机,数-耳-761,站内推荐,微信支付,151.24,1,0.029,146.85,115.55,0.2131,0,0.0,C937679088
O7215808692,2025-04-25,华南,厦门,服饰,上衣,服-上-972,站内推荐,银行卡,115.1,1,0.103,107.12,62.74,0.4143,0,0.0,C646149820
O1817918667,2025-04-25,华东,南京,服饰,上衣,服-上-913,自然搜索,微信支付,122.76,1,0.084,112.45,55.18,0.5093,0,0.0,C387469380
O7421019434,2025-04-26,华北,石家庄,家居,清洁,家-清-318,信息流广告,支付宝,69.09,4,0.066,258.12,153.42,0.4056,0,0.0,C519455991
O5923137488,2025-04-26,华东,苏州,服饰,裤装,服-裤-119,私域,微信支付,85.45,3,0.038,246.61,127.7,0.4822,0,0.0,C374420468
O5785942132,2025-04-26,华东,南京,美妆,护肤,美-护-914,信息流广告,银行卡,88.48,2,0.063,165.81,80.74,0.5131,0,0.0,C242936796
O5487362959,2025-04-26,华东,杭州,食品,零食,食-零-396,私域,支付宝,65.02,1,0.06,61.12,42.02,0.3125,0,0.0,C292602551
O0029043654,2025-04-26,华中,武汉,数码,配件,数-配-115,站内推荐,支付宝,102.06,3,0.082,281.07,198.94,0.2922,0,0.0,C803032862
O5540150035,2025-04-26,华东,苏州,服饰,鞋靴,服-鞋-429,私域,微信支付,161.22,3,0.0,483.66,266.4,0.4492,0,0.0,C796926016
O1757921100,2025-04-26,华北,太原,美妆,香氛,美-香-930,直播,支付宝,106.55,1,0.071,98.98,59.47,0.3992,0,0.0,C562527775
O7100582789,2025-04-26,华南,佛山,美妆,护肤,美-护-491,线下导流,微信支付,195.16,1,,197.09,113.52,0.424,0,0.0,C736547685
O6707576436,2025-04-26,华南,广州,服饰,鞋靴,服-鞋-609,自然搜索,微信支付,148.4,2,0.015,303.43,193.08,0.3637,0,0.0,C157200546
O3717276896,2025-04-26,华南,佛山,美妆,护肤,美-护-675,直播,微信支付,158.85,2,0.091,299.74,166.62,0.4441,0,0.0,C959047983
O6113282947,2025-04-26,华东,上海,服饰,鞋靴,服-鞋-285,私域,微信支付,175.71,4,0.026,684.57,403.28,0.4109,0,0.0,C074812855
O7055733888,2025-04-26,东北,长春,家居,收纳,家-收-972,直播,微信支付,74.73,2,0.134,127.39,89.14,0.3003,0,0.0,C816624918
O0621441549,2025-04-26,华中,郑州,美妆,护肤,美-护-811,站内推荐,微信支付,165.74,1,0.046,158.12,100.53,0.3642,0,0.0,C047429398
O8116754632,2025-04-26,华北,石家庄,数码,耳机,数-耳-660,自然搜索,微信支付,136.73,4,0.052,518.48,380.63,0.2659,0,0.0,C233154195
O3038876348,2025-04-26,华东,上海,食品,饮料,食-饮-522,站内推荐,支付宝,57.92,3,0.078,160.21,97.45,0.3917,0,0.0,C248617029
O3726112654,2025-04-26,华中,武汉,数码,智能穿戴,数-智-937,直播,支付宝,188.08,3,0.034,545.06,385.89,0.292,0,0.0,C612790388
O1629406618,2025-04-26,华东,南京,数码,配件,数-配-705,站内推荐,支付宝,292.27,3,0.0,876.81,689.48,0.2136,0,0.0,C751492916
O5351717471,2025-04-26,西南,重庆,数码,耳机,数-耳-539,站内推荐,微信支付,113.43,1,0.057,113.05,79.0,0.3012,0,0.0,C227231281
O6211037036,2025-04-27,华中,南昌,美妆,彩妆,美-彩-737,直播,微信支付,77.96,3,0.096,211.43,111.05,0.4748,0,0.0,C053945875
O1750618273,2025-04-27,西南,昆明,数码,配件,数-配-473,信息流广告,微信支付,205.97,3,0.074,605.01,423.09,0.3007,0,0.0,C309510240
O4089549438,2025-04-27,华南,佛山,数码,智能穿戴,数-智-842,线下导流,微信支付,205.37,1,0.117,188.28,129.89,0.3101,0,0.0,C922318957
O2298546125,2025-04-27,西北,兰州,食品,零食,食-零-897,站内推荐,微信支付,68.08,2,0.035,131.39,83.88,0.3616,0,0.0,C415686651
O2591808327,2025-04-27,华南,厦门,服饰,上衣,服-上-374,自然搜索,支付宝,141.24,2,0.073,271.87,152.49,0.4391,0,0.0,C114935378
O0685067918,2025-04-27,华南,佛山,服饰,上衣,服-上-406,自然搜索,微信支付,107.64,1,0.0,111.76,67.39,0.397,0,0.0,C073135157
O7835583379,2025-04-27,华北,石家庄,美妆,香氛,美-香-978,私域,支付宝,164.53,4,0.085,602.18,356.58,0.4079,0,0.0,C009459348
O8078300463,2025-04-27,华南,厦门,美妆,香氛,美-香-667,站内推荐,微信支付,145.11,4,0.045,575.52,330.58,0.4256,0,0.0,C617397499
O1098607574,2025-04-27,华北,石家庄,美妆,彩妆,美-彩-784,直播,支付宝,123.23,1,0.11,109.67,60.99,0.4439,0,0.0,C098969043
O9743274473,2025-04-27,华中,长沙,家居,收纳,家-收-202,信息流广告,货到付款,87.89,3,0.125,230.71,139.42,0.3957,0,0.0,C615453194
O2945362372,2025-04-27,东北,大连,家居,厨具,家-厨-893,私域,支付宝,47.8,4,0.05,178.75,101.79,0.4305,0,0.0,C797315423
O9765371084,2025-04-27,华东,宁波,食品,饮料,食-饮-362,私域,支付宝,21.79,2,0.011,43.1,31.61,0.2666,0,0.0,C696743393
O3829897114,2025-04-27,华东,杭州,数码,配件,数-配-257,信息流广告,微信支付,248.24,2,0.06,466.69,334.3,0.2837,0,0.0,C398790789
O7103837180,2025-04-27,华中,南昌,数码,配件,数-配-668,私域,微信支付,207.29,2,0.075,383.49,297.59,0.224,0,0.0,C316103032
O6792968210,2025-04-27,华北,天津,家居,清洁,家-清-238,自然搜索,微信支付,96.46,4,0.079,355.36,232.14,0.3467,0,0.0,C352287668
O2925800619,2025-04-27,华中,武汉,数码,耳机,数-耳-737,私域,支付宝,228.72,2,0.075,423.13,287.39,0.3208,0,0.0,C173987621
O0179704395,2025-04-27,华东,苏州,服饰,上衣,服-上-730,站内推荐,微信支付,183.4,3,0.063,515.54,281.86,0.4533,0,0.0,C257547318
O9337225333,2025-04-28,东北,长春,家居,厨具,家-厨-132,直播,微信支付,63.84,3,0.078,173.74,109.38,0.3704,0,0.0,C636289011
O7454572440,2025-04-28,华中,武汉,家居,清洁,家-清-175,直播,支付宝,89.66,4,0.109,319.55,168.39,0.473,0,0.0,C860098778
O1174224575,2025-04-28,华南,厦门,家居,厨具,家-厨-688,自然搜索,支付宝,102.03,4,0.012,418.78,266.31,0.3641,0,0.0,C565325121
O8439499015,2025-04-28,西北,银川,家居,收纳,家-收-918,信息流广告,微信支付,82.88,1,0.1,74.59,44.38,0.405,0,0.0,C060846466
O2241111383,2025-04-28,华中,长沙,家居,清洁,家-清-690,私域,微信支付,74.76,4,0.072,277.51,160.13,0.423,0,0.0,C256302016
O6721711373,2025-04-28,华南,广州,家居,厨具,家-厨-580,站内推荐,微信支付,92.76,3,0.042,276.88,191.91,0.3069,0,0.0,C112030801
O1430076215,2025-04-28,华中,武汉,食品,饮料,食-饮-482,私域,支付宝,52.14,4,0.032,201.89,125.07,0.3805,0,0.0,C027178167
O0348500605,2025-04-28,华南,佛山,家居,收纳,家-收-914,站内推荐,支付宝,84.57,1,0.018,86.25,49.5,0.4261,0,0.0,C886351710
O0619905138,2025-04-28,华北,石家庄,服饰,裤装,服-裤-223,自然搜索,支付宝,105.65,3,0.049,301.42,168.59,0.4407,0,0.0,C630826273
O9658018089,2025-04-28,华东,苏州,服饰,鞋靴,服-鞋-716,私域,微信支付,109.98,4,0.072,408.25,223.36,0.4529,0,0.0,C285597887
O0769571084,2025-04-28,华东,南京,服饰,上衣,服-上-415,站内推荐,支付宝,140.05,4,0.071,520.43,341.21,0.3444,0,0.0,C273051933
O0006389077,2025-04-28,华东,苏州,食品,速食,食-速-654,私域,支付宝,65.45,1,0.065,61.2,40.81,0.3332,0,0.0,C018019792
O8024531676,2025-04-28,东北,长春,家居,清洁,家-清-559,信息流广告,支付宝,81.0,3,0.05,227.14,133.7,0.4114,0,0.0,C935394472
O6108716246,2025-04-28,华中,武汉,数码,耳机,数-耳-801,私域,支付宝,137.67,3,0.082,379.14,272.51,0.2812,0,0.0,C638585320
O3637909275,2025-04-28,东北,长春,家居,厨具,家-厨-636,自然搜索,微信支付,109.27,1,0.036,103.64,65.46,0.3684,1,95.81,C716977128
O8878699428,2025-04-28,华北,北京,服饰,鞋靴,服-鞋-955,直播,支付宝,157.79,3,0.128,412.78,262.54,0.364,0,0.0,C849180100
O9438244649,2025-04-28,华南,深圳,食品,饮料,食-饮-316,私域,支付宝,41.26,1,0.051,40.67,30.1,0.2599,0,0.0,C942798106
O6647867024,2025-04-28,华南,,服饰,鞋靴,服-鞋-931,信息流广告,支付宝,146.38,1,0.054,143.82,83.72,0.4179,0,0.0,C140304449
O8284804587,2025-04-28,华北,石家庄,家居,收纳,家-收-910,私域,支付宝,87.8,1,0.052,83.23,55.98,0.3274,0,0.0,C683999508
O7546533224,2025-04-29,华中,武汉,食品,零食,食-零-127,站内推荐,微信支付,38.88,1,0.123,34.1,21.81,0.3604,0,0.0,C185658843
O9779088727,2025-04-29,华中,南昌,数码,耳机,数-耳-502,直播,支付宝,289.65,3,0.112,771.63,585.3,0.2415,0,0.0,C423472234
O9042631851,2025-04-29,华南,佛山,美妆,护肤,美-护-379,自然搜索,微信支付,112.74,1,0.061,109.98,58.89,0.4645,0,0.0,C274900638
O7867185408,2025-04-29,东北,哈尔滨,数码,智能穿戴,数-智-677,站内推荐,微信支付,220.6,1,0.083,199.01,141.51,0.2889,0,0.0,C635982704
O0028248843,2025-04-29,西南,成都,数码,耳机,数-耳-721,私域,支付宝,92.54,1,0.082,89.91,73.45,0.1831,0,0.0,C453680860
O9597876303,2025-04-29,华东,苏州,家居,清洁,家-清-569,自然搜索,银行卡,43.73,1,0.065,40.89,24.71,0.3957,0,0.0,C273381739
O0689323036,2025-04-29,华南,佛山,食品,速食,食-速-714,私域,微信支付,74.87,1,0.08,71.56,54.43,0.2394,0,0.0,C078374955
O3851778734,2025-04-29,西南,贵阳,数码,配件,数-配-345,自然搜索,支付宝,191.41,3,0.094,550.61,434.61,0.2107,0,0.0,C673299206
O6489655048,2025-04-29,华东,南京,数码,智能穿戴,数-智-706,信息流广告,支付宝,225.89,4,0.093,819.53,577.67,0.2951,0,0.0,C601874907
O4150203957,2025-04-29,华北,太原,食品,速食,食-速-478,信息流广告,微信支付,64.13,1,0.108,57.2,37.48,0.3448,0,0.0,C719126423
O7387987374,2025-04-29,华北,太原,家居,清洁,家-清-958,自然搜索,微信支付,86.12,3,0.062,242.34,155.54,0.3582,1,178.66,C328703573
O5448439850,2025-04-29,华东,苏州,食品,饮料,食-饮-841,自然搜索,支付宝,38.11,3,0.037,110.1,78.2,0.2897,0,0.0,C399648503
O5691771063,2025-04-29,西南,,服饰,鞋靴,服-鞋-370,直播,微信支付,142.96,1,0.121,132.99,76.94,0.4215,0,0.0,C325200265
O9878262858,2025-04-29,华南,厦门,服饰,裤装,服-裤-547,线下导流,支付宝,101.85,2,0.077,195.33,115.36,0.4094,0,0.0,C239913160
O5620088372,2025-04-29,华北,太原,服饰,鞋靴,服-鞋-262,信息流广告,支付宝,157.55,1,0.096,142.43,84.72,0.4052,0,0.0,C369699044
O0852047974,2025-04-29,西北,西安,服饰,裤装,服-裤-694,线下导流,微信支付,110.96,3,0.0,332.88,176.31,0.4703,0,0.0,C773227819
O5272178259,2025-04-29,华南,广州,食品,零食,食-零-313,线下导流,微信支付,42.2,3,0.068,122.58,87.84,0.2834,0,0.0,C346610346
O8706135086,2025-04-30,西南,重庆,家居,清洁,家-清-461,私域,支付宝,90.36,3,0.057,270.67,172.49,0.3627,0,0.0,C693186402
O3550085083,2025-04-30,华东,南京,服饰,鞋靴,服-鞋-294,站内推荐,支付宝,73.53,3,0.091,200.52,133.94,0.332,0,0.0,C641631285
O4880342230,2025-04-30,华东,南京,家居,收纳,家-收-931,自然搜索,支付宝,77.73,4,0.058,292.89,164.19,0.4394,0,0.0,C935712694
O8120194654,2025-04-30,华东,苏州,家居,厨具,家-厨-110,站内推荐,微信支付,65.75,2,0.062,123.35,65.78,0.4667,0,0.0,C177139869
O1256517821,2025-04-30,华北,太原,美妆,香氛,美-香-394,私域,支付宝,231.64,2,0.08,426.22,215.23,0.495,0,0.0,C513623378
O3681785907,2025-04-30,华东,苏州,服饰,上衣,服-上-928,私域,支付宝,153.69,2,0.026,299.39,171.18,0.4282,0,0.0,C446742294
O2968097898,2025-04-30,西南,重庆,家居,清洁,家-清-667,直播,银行卡,44.04,2,0.161,78.25,50.52,0.3544,0,0.0,C489969541
O5265998738,2025-04-30,西北,西安,家居,厨具,家-厨-303,自然搜索,微信支付,93.03,1,0.042,89.12,53.62,0.3983,0,0.0,C374581884
O2559649626,2025-04-30,华中,郑州,美妆,香氛,美-香-321,直播,支付宝,101.4,4,0.082,372.34,207.47,0.4428,0,0.0,C967680890
O6940912980,2025-04-30,华北,天津,美妆,护肤,美-护-562,私域,微信支付,133.55,1,0.051,126.74,76.2,0.3988,0,0.0,C871525106
O9076719311,2025-04-30,华北,石家庄,食品,饮料,食-饮-532,自然搜索,支付宝,57.28,1,0.02,56.13,35.03,0.3759,0,0.0,C303690523
O2608365637,2025-04-30,华南,广州,美妆,护肤,美-护-362,直播,微信支付,96.23,3,0.088,273.61,159.98,0.4153,0,0.0,C130104024
O9898658020,2025-04-30,西南,昆明,家居,收纳,家-收-957,直播,微信支付,81.82,2,0.116,153.17,88.33,0.4233,0,0.0,C224685004
O9334853938,2025-04-30,华中,长沙,服饰,上衣,服-上-997,信息流广告,支付宝,125.22,1,0.073,116.08,73.33,0.3683,0,0.0,C604695039
O1672553591,2025-04-30,华中,长沙,美妆,护肤,美-护-610,直播,货到付款,89.34,1,0.074,82.73,50.05,0.395,0,0.0,C432411833
O6921942243,2025-04-30,华中,南昌,数码,智能穿戴,数-智-735,自然搜索,支付宝,144.33,4,0.011,570.97,387.27,0.3217,0,0.0,C934277582
O8534810924,2025-04-30,东北,长春,家居,厨具,家-厨-555,线下导流,支付宝,32.94,1,0.104,29.03,19.64,0.3235,0,0.0,C976035067
O2621072197,2025-05-01,东北,哈尔滨,家居,厨具,家-厨-726,私域,支付宝,63.87,3,0.063,176.58,104.71,0.407,1,159.59,C274027749
O7898215732,2025-05-01,西北,乌鲁木齐,食品,零食,食-零-444,私域,支付宝,51.88,1,0.087,47.37,28.14,0.406,0,0.0,C150688205
O9218433447,2025-05-01,东北,沈阳,服饰,上衣,服-上-249,自然搜索,支付宝,103.61,4,0.052,386.41,227.04,0.4124,0,0.0,C601689862
O1050511994,2025-05-01,东北,沈阳,家居,厨具,家-厨-431,信息流广告,支付宝,99.72,3,0.094,266.57,170.9,0.3589,0,0.0,C363126966
O8378189718,2025-05-01,华东,苏州,服饰,上衣,服-上-756,信息流广告,微信支付,87.76,1,0.146,74.95,44.44,0.4071,0,0.0,C206150716
O8061307496,2025-05-01,华东,宁波,服饰,裤装,服-裤-322,站内推荐,银行卡,142.57,2,0.058,268.6,153.11,0.43,0,0.0,C372227985
O2891695596,2025-05-01,西北,兰州,数码,智能穿戴,数-智-372,直播,支付宝,217.6,3,0.122,573.16,410.52,0.2838,0,0.0,C815127897
O6750296394,2025-05-01,华东,南京,美妆,护肤,美-护-924,直播,支付宝,111.35,2,0.072,206.67,118.4,0.4271,0,0.0,C880989662
O6760280574,2025-05-01,华东,上海,家居,厨具,家-厨-717,站内推荐,微信支付,74.27,1,0.056,70.11,42.44,0.3947,0,0.0,C106561458
O6582409316,2025-05-01,西南,成都,家居,收纳,家-收-639,私域,支付宝,77.93,3,0.075,229.09,141.99,0.3802,0,0.0,C815412691
O8863026294,2025-05-01,东北,哈尔滨,服饰,鞋靴,服-鞋-133,私域,微信支付,117.96,1,0.018,113.93,69.08,0.3937,0,0.0,C261859808
O1214657539,2025-05-01,华南,深圳,美妆,护肤,美-护-915,私域,支付宝,179.55,1,0.026,181.8,94.32,0.4812,0,0.0,C601601081
O4421874084,2025-05-01,西北,西安,家居,收纳,家-收-306,自然搜索,支付宝,49.69,4,0.01,196.77,119.5,0.3927,0,0.0,C119035216
O0288257934,2025-05-01,华北,北京,美妆,香氛,美-香-536,直播,微信支付,193.7,1,0.091,176.07,91.54,0.4801,0,0.0,C846163397
O9469040754,2025-05-01,华北,太原,服饰,裤装,服-裤-662,自然搜索,支付宝,87.4,1,,80.32,51.66,0.3568,1,52.6,C219013393
O6696528217,2025-05-01,华南,广州,美妆,香氛,美-香-762,线下导流,微信支付,86.92,4,0.02,354.21,188.92,0.4666,0,0.0,C897931217
O4251008395,2025-05-01,华南,佛山,食品,速食,食-速-674,站内推荐,支付宝,54.96,4,0.061,214.6,138.58,0.3542,0,0.0,C301568150
O8799218404,2025-05-01,华东,南京,数码,耳机,数-耳-639,直播,银行卡,196.9,2,0.073,365.05,286.8,0.2144,0,0.0,C056019300
O4959254711,2025-05-01,华东,上海,服饰,上衣,服-上-797,站内推荐,支付宝,105.59,2,0.061,198.3,120.13,0.3942,0,0.0,C298045847
O7215892455,2025-05-01,西南,贵阳,数码,配件,数-配-247,自然搜索,支付宝,265.55,3,0.05,801.73,602.09,0.249,1,713.24,C287816375
O7457070500,2025-05-01,华北,北京,家居,清洁,家-清-249,自然搜索,微信支付,28.96,1,,26.12,16.6,0.3645,0,0.0,C453215494
O1472942281,2025-05-01,东北,长春,家居,清洁,家-清-341,自然搜索,银行卡,45.18,2,0.041,85.23,54.48,0.3608,0,0.0,C625562989
O0358228579,2025-05-02,华东,南京,数码,耳机,数-耳-277,站内推荐,微信支付,247.39,4,0.045,945.03,683.43,0.2768,0,0.0,C060944165
O0861435598,2025-05-02,西南,贵阳,食品,饮料,食-饮-848,站内推荐,支付宝,47.5,1,0.069,46.87,29.07,0.3798,0,0.0,C511151116
O1072248923,2025-05-02,东北,大连,食品,速食,食-速-215,直播,支付宝,30.47,3,0.096,81.26,53.73,0.3388,0,0.0,C570412608
O0726195295,2025-05-02,华南,深圳,数码,智能穿戴,数-智-663,自然搜索,微信支付,217.83,2,0.0,453.04,328.17,0.2756,0,0.0,C803425382
O3936467464,2025-05-02,西北,乌鲁木齐,家居,收纳,家-收-714,直播,支付宝,61.49,1,0.125,53.8,33.7,0.3736,0,0.0,C373026654
O0806825096,2025-05-02,华东,杭州,食品,零食,食-零-937,站内推荐,支付宝,40.14,4,0.066,149.96,92.16,0.3854,0,0.0,C727615169
O1787382424,2025-05-02,华北,太原,数码,配件,数-配-268,自然搜索,微信支付,159.95,3,0.074,444.34,321.49,0.2765,0,0.0,C947919164
O4827711802,2025-05-02,东北,大连,家居,清洁,家-清-195,自然搜索,微信支付,71.86,2,0.085,129.32,79.17,0.3878,0,0.0,C916341536
O7517139903,2025-05-02,华北,北京,美妆,彩妆,美-彩-809,信息流广告,微信支付,136.88,1,0.073,126.89,71.1,0.4397,0,0.0,C358817055
O7938684149,2025-05-02,华北,天津,数码,智能穿戴,数-智-632,自然搜索,微信支付,228.14,1,0.009,226.09,180.57,0.2013,0,0.0,C941239548
O5075792943,2025-05-02,华南,厦门,美妆,彩妆,美-彩-766,自然搜索,支付宝,221.53,3,0.075,639.27,340.85,0.4668,0,0.0,C706925759
O4936247595,2025-05-02,华南,佛山,数码,智能穿戴,数-智-865,私域,支付宝,146.51,1,0.069,141.84,104.08,0.2662,0,0.0,C747893578
O4858368398,2025-05-02,华东,上海,数码,耳机,数-耳-192,信息流广告,微信支付,167.83,4,0.076,620.3,473.82,0.2361,0,0.0,C541183932
O2211455001,2025-05-02,华南,厦门,美妆,香氛,美-香-663,站内推荐,微信支付,183.92,4,0.038,735.96,374.97,0.4905,0,0.0,C764003815
O4582824261,2025-05-02,西北,兰州,数码,耳机,数-耳-254,私域,支付宝,210.97,3,0.067,590.51,421.3,0.2865,0,0.0,C327066756
O9443957963,2025-05-03,西南,成都,家居,收纳,家-收-544,站内推荐,支付宝,81.05,1,0.088,78.38,46.99,0.4005,0,0.0,C707042866
O6382307063,2025-05-03,西南,成都,服饰,上衣,服-上-702,站内推荐,支付宝,120.18,2,0.037,245.43,126.03,0.4865,0,0.0,C916108891
O7635572947,2025-05-03,华东,宁波,家居,清洁,家-清-620,私域,微信支付,69.62,1,0.109,62.03,32.75,0.472,0,0.0,C655682299
O0126717756,2025-05-03,华南,厦门,数码,配件,数-配-292,信息流广告,支付宝,228.32,3,0.141,612.05,453.17,0.2596,0,0.0,C411146116
O9022431942,2025-05-03,西北,乌鲁木齐,家居,清洁,家-清-525,自然搜索,微信支付,64.07,3,0.079,177.03,126.7,0.2843,0,0.0,C379453661
O6101811411,2025-05-03,西北,西安,家居,清洁,家-清-568,信息流广告,支付宝,94.81,3,0.053,269.36,177.75,0.3401,0,0.0,C105229909
O8019462463,2025-05-03,华北,北京,服饰,鞋靴,服-鞋-193,直播,支付宝,142.1,2,0.091,258.34,142.97,0.4466,0,0.0,C896220789
O6830639377,2025-05-03,华东,苏州,服饰,上衣,服-上-707,自然搜索,支付宝,130.06,3,0.084,357.4,201.37,0.4366,0,0.0,C760825223
O4697578279,2025-05-03,华南,广州,服饰,裤装,服-裤-957,自然搜索,微信支付,135.74,4,0.042,541.08,301.99,0.4419,0,0.0,C540796915
O6443005868,2025-05-03,华南,佛山,家居,收纳,家-收-182,直播,微信支付,87.95,4,0.079,337.04,173.84,0.4842,0,0.0,C739226073
O6097650262,2025-05-03,华东,苏州,食品,速食,食-速-589,自然搜索,银行卡,43.5,2,0.06,81.78,54.09,0.3386,0,0.0,C688051287
O2173172482,2025-05-03,西南,成都,家居,清洁,家-清-922,信息流广告,支付宝,109.94,2,0.066,217.76,134.56,0.3821,0,0.0,C170584177
O2713239004,2025-05-03,华北,天津,家居,清洁,家-清-405,自然搜索,支付宝,78.01,2,0.088,142.29,87.53,0.3848,0,0.0,C492566383
O7865451101,2025-05-03,华东,宁波,服饰,鞋靴,服-鞋-852,私域,支付宝,128.57,1,0.031,124.58,79.48,0.362,0,0.0,C349972546
O1736078375,2025-05-03,华南,深圳,数码,智能穿戴,数-智-965,自然搜索,支付宝,242.03,3,0.051,716.77,539.01,0.248,0,0.0,C355334055
O0125532648,2025-05-03,西南,重庆,数码,智能穿戴,数-智-108,直播,微信支付,292.9,2,0.097,560.89,436.64,0.2215,0,0.0,C088467850
O2907677913,2025-05-04,东北,哈尔滨,美妆,彩妆,美-彩-154,自然搜索,微信支付,175.47,2,0.056,325.69,190.67,0.4146,0,0.0,C486631341
O4470233022,2025-05-04,华中,武汉,数码,耳机,数-耳-139,直播,支付宝,243.45,3,0.104,654.39,533.03,0.1855,0,0.0,C904195396
O4018337440,2025-05-04,西南,成都,家居,厨具,家-厨-401,站内推荐,微信支付,53.18,1,0.063,52.86,31.0,0.4135,0,0.0,C614366662
O4534693749,2025-05-04,东北,,家居,厨具,家-厨-101,站内推荐,支付宝,49.29,1,0.04,46.52,27.86,0.4011,0,0.0,C572625151
O5432935342,2025-05-04,华中,郑州,数码,配件,数-配-922,自然搜索,支付宝,233.15,4,0.053,883.17,696.34,0.2115,1,621.48,C963596966
O1393580846,2025-05-04,华北,石家庄,数码,配件,数-配-486,信息流广告,支付宝,175.36,2,0.086,320.56,262.61,0.1808,0,0.0,C963823648
O4415062152,2025-05-04,华东,杭州,食品,速食,食-速-783,站内推荐,微信支付,55.32,3,0.09,151.02,97.21,0.3563,0,0.0,C908735323
O8051948741,2025-05-04,华北,石家庄,美妆,香氛,美-香-927,站内推荐,支付宝,150.78,4,0.023,589.25,307.93,0.4774,0,0.0,C432328912
O7419123449,2025-05-04,华北,北京,服饰,裤装,服-裤-102,直播,支付宝,106.89,1,0.084,97.91,60.12,0.386,0,0.0,C805593494
O6883722938,2025-05-04,华南,佛山,家居,收纳,家-收-618,信息流广告,支付宝,53.05,1,0.077,50.95,31.52,0.3814,0,0.0,C392045328
O7476581510,2025-05-04,华东,杭州,美妆,护肤,美-护-572,线下导流,微信支付,112.85,3,,338.21,172.75,0.4892,0,0.0,C979450103
O7450302793,2025-05-04,华东,苏州,数码,智能穿戴,数-智-609,线下导流,微信支付,163.26,2,0.045,311.83,237.26,0.2391,0,0.0,C677026268
O2057094608,2025-05-04,华东,宁波,服饰,鞋靴,服-鞋-910,自然搜索,支付宝,161.5,4,0.025,629.85,335.35,0.4676,0,0.0,C546800579
O3276689395,2025-05-04,华南,佛山,食品,速食,食-速-825,私域,支付宝,54.5,1,0.092,51.49,34.59,0.3282,0,0.0,C860954369
O5871836120,2025-05-04,华东,上海,家居,收纳,家-收-528,自然搜索,支付宝,57.31,4,0.071,212.96,134.66,0.3677,0,0.0,C191670243
O0176849381,2025-05-04,华东,苏州,数码,智能穿戴,数-智-707,直播,微信支付,164.45,2,0.13,286.14,214.44,0.2506,0,0.0,C497384908
O2767305771,2025-05-04,华南,厦门,美妆,护肤,美-护-160,信息流广告,银行卡,54.15,2,0.108,100.52,52.77,0.475,0,0.0,C663211536
O9945814923,2025-05-04,华北,太原,数码,耳机,数-耳-122,私域,支付宝,208.36,3,0.095,565.7,406.97,0.2806,0,0.0,C874118591
O4580429107,2025-05-04,华东,杭州,服饰,上衣,服-上-245,自然搜索,支付宝,95.75,4,0.083,351.21,188.86,0.4623,0,0.0,C225915315
O3732384897,2025-05-04,华南,深圳,数码,耳机,数-耳-632,自然搜索,支付宝,179.96,1,0.034,180.89,139.68,0.2278,0,0.0,C253579748
O0468622820,2025-05-04,华东,宁波,美妆,护肤,美-护-989,私域,货到付款,156.36,4,0.1,562.9,354.79,0.3697,0,0.0,C656463416
O2933079594,2025-05-04,华南,厦门,服饰,上衣,服-上-687,直播,支付宝,95.53,3,0.09,271.37,151.92,0.4402,0,0.0,C687190127
O4953073540,2025-05-05,华南,佛山,美妆,护肤,美-护-307,信息流广告,支付宝,168.4,2,0.097,316.56,171.41,0.4585,0,0.0,C916192508
O7683403829,2025-05-05,华东,杭州,数码,智能穿戴,数-智-167,站内推荐,微信支付,197.31,3,0.067,552.27,371.0,0.3282,1,368.86,C033958857
O1888156352,2025-05-05,东北,长春,美妆,彩妆,美-彩-403,自然搜索,支付宝,132.26,2,0.053,246.23,128.06,0.4799,0,0.0,C922729695
O6825942409,2025-05-05,华中,南昌,数码,耳机,数-耳-848,信息流广告,支付宝,235.66,1,0.03,228.59,188.3,0.1763,1,158.76,C902188356
O0502208455,2025-05-05,西南,贵阳,美妆,彩妆,美-彩-621,直播,支付宝,149.08,1,0.092,143.67,68.65,0.5222,0,0.0,C320876780
O2308867459,2025-05-05,西北,银川,数码,耳机,数-耳-216,私域,支付宝,152.26,2,0.058,286.86,190.0,0.3377,0,0.0,C018073795
O3973801831,2025-05-05,华东,上海,数码,配件,数-配-987,私域,支付宝,215.07,2,0.045,410.78,323.49,0.2125,0,0.0,C184430923
O9307703252,2025-05-05,华东,南京,食品,饮料,食-饮-188,直播,银行卡,55.46,2,0.124,97.17,65.21,0.3289,0,0.0,C758825649
O8731450604,2025-05-05,西北,西安,数码,耳机,数-耳-216,信息流广告,支付宝,192.73,1,0.126,168.45,122.7,0.2716,0,0.0,C103590573
O1132794859,2025-05-05,华南,深圳,服饰,上衣,服-上-235,站内推荐,微信支付,127.71,3,0.055,376.86,215.79,0.4274,0,0.0,C378933065
O7435299377,2025-05-05,华中,长沙,食品,饮料,食-饮-770,自然搜索,微信支付,49.97,4,0.028,194.28,110.56,0.4309,0,0.0,C610718481
O7162930969,2025-05-05,华东,南京,数码,耳机,数-耳-557,站内推荐,微信支付,129.94,1,0.063,121.75,100.29,0.1763,0,0.0,C844832558
O4219493654,2025-05-05,华北,北京,数码,智能穿戴,数-智-626,自然搜索,支付宝,168.27,4,0.057,634.71,497.9,0.2155,0,0.0,C421625598
O5221590436,2025-05-05,华东,宁波,美妆,护肤,美-护-878,信息流广告,支付宝,155.22,2,0.068,289.33,157.93,0.4542,0,0.0,C782241423
O0729421696,2025-05-05,华南,厦门,服饰,鞋靴,服-鞋-118,自然搜索,银行卡,117.57,2,0.087,223.46,123.08,0.4492,0,0.0,C672376207
O8241060312,2025-05-05,华南,佛山,食品,速食,食-速-976,信息流广告,货到付款,53.43,2,0.07,103.44,61.6,0.4045,0,0.0,C257575623
O4714129054,2025-05-06,华东,上海,美妆,香氛,美-香-520,私域,支付宝,59.23,4,0.043,226.73,126.89,0.4403,0,0.0,C388022053
O7333860015,2025-05-06,西南,贵阳,服饰,裤装,服-裤-462,信息流广告,微信支付,120.44,3,0.065,358.72,203.82,0.4318,0,0.0,C942470699
O7154679652,2025-05-06,华东,上海,数码,配件,数-配-800,直播,支付宝,185.73,3,0.077,514.29,388.93,0.2438,0,0.0,C649629467
O3241464483,2025-05-06,华北,石家庄,服饰,鞋靴,服-鞋-645,私域,支付宝,124.11,4,0.026,483.53,292.58,0.3949,0,0.0,C151817448
O1483769640,2025-05-06,华中,南昌,数码,配件,数-配-234,线下导流,支付宝,205.48,2,0.051,390.0,264.55,0.3217,0,0.0,C658569922
O4659609258,2025-05-06,华东,宁波,食品,零食,食-零-223,直播,支付宝,43.98,1,0.079,40.51,29.3,0.2767,0,0.0,C603048270
O4814812914,2025-05-06,西北,兰州,美妆,香氛,美-香-207,站内推荐,支付宝,62.65,4,0.075,231.81,124.69,0.4621,0,0.0,C038349365
O0440906354,2025-05-06,华北,太原,数码,配件,数-配-259,直播,微信支付,116.59,1,0.123,102.25,72.76,0.2884,0,0.0,C247522625
O0702259961,2025-05-06,华南,佛山,食品,饮料,食-饮-613,线下导流,支付宝,66.56,3,0.1,187.12,120.9,0.3539,0,0.0,C785018137
O2503348048,2025-05-06,华南,厦门,家居,清洁,家-清-614,自然搜索,微信支付,77.26,2,0.056,151.88,81.59,0.4628,0,0.0,C280593614
O9041260728,2025-05-06,华南,深圳,食品,零食,食-零-161,直播,微信支付,42.91,3,0.025,130.68,93.57,0.284,0,0.0,C796410761
O1680919781,2025-05-06,华中,武汉,美妆,彩妆,美-彩-152,站内推荐,微信支付,207.46,1,0.071,192.73,107.15,0.444,0,0.0,C504108734
O2947769130,2025-05-06,华北,石家庄,数码,配件,数-配-184,私域,微信支付,188.1,2,0.034,363.41,254.88,0.2986,1,326.92,C603782203
O3705727901,2025-05-06,东北,大连,服饰,上衣,服-上-644,自然搜索,微信支付,99.76,3,0.063,275.61,167.47,0.3924,0,0.0,C192939525
O5770807957,2025-05-06,华北,北京,数码,配件,数-配-449,信息流广告,支付宝,219.36,2,0.026,427.31,284.47,0.3343,0,0.0,C854870077
O4912902377,2025-05-06,华东,上海,服饰,上衣,服-上-424,私域,微信支付,160.08,1,0.072,148.55,66.85,0.55,0,0.0,C802475581
O8374477249,2025-05-06,华东,宁波,数码,耳机,数-耳-714,站内推荐,支付宝,237.57,2,0.03,460.89,347.3,0.2465,0,0.0,C278608967
O3589665459,2025-05-06,西南,贵阳,美妆,彩妆,美-彩-694,信息流广告,支付宝,118.26,1,0.085,114.9,65.95,0.426,0,0.0,C685784645
O8251591464,2025-05-07,华中,长沙,数码,配件,数-配-732,自然搜索,支付宝,218.97,2,0.053,414.73,300.17,0.2762,1,305.79,C404987015
O6694598447,2025-05-07,华东,上海,服饰,上衣,服-上-471,线下导流,微信支付,183.51,3,0.031,533.46,336.91,0.3684,0,0.0,C548743607
O8007477601,2025-05-07,华北,天津,家居,收纳,家-收-698,信息流广告,货到付款,105.2,1,0.061,98.78,65.2,0.3399,1,61.71,C691601565
O4806098539,2025-05-07,华南,佛山,数码,耳机,数-耳-564,直播,支付宝,239.43,4,0.072,925.68,751.15,0.1885,0,0.0,C274879638
O1597153195,2025-05-07,华东,苏州,食品,饮料,食-饮-626,自然搜索,银行卡,59.41,1,0.03,57.63,41.12,0.2865,0,0.0,C670382162
O5967125549,2025-05-07,西南,贵阳,服饰,鞋靴,服-鞋-254,信息流广告,微信支付,182.72,1,0.095,175.66,109.9,0.3744,0,0.0,C405202064
O8895910302,2025-05-07,华北,太原,服饰,裤装,服-裤-675,站内推荐,支付宝,145.58,2,0.082,267.28,159.69,0.4025,0,0.0,C146137237
O5969909125,2025-05-07,华东,宁波,数码,配件,数-配-120,自然搜索,微信支付,186.34,2,0.0,372.68,297.32,0.2022,0,0.0,C794233227
O6977103346,2025-05-07,华东,宁波,服饰,裤装,服-裤-120,直播,支付宝,118.53,4,0.129,412.96,215.25,0.4788,0,0.0,C018538686
O9060015269,2025-05-07,东北,哈尔滨,家居,厨具,家-厨-881,信息流广告,微信支付,76.62,1,0.107,67.24,44.09,0.3443,0,0.0,C069140192
O2409503896,2025-05-07,华南,深圳,美妆,香氛,美-香-598,信息流广告,银行卡,135.43,4,0.058,531.5,329.72,0.3796,0,0.0,C113777233
O9426245411,2025-05-07,华中,武汉,数码,配件,数-配-556,私域,微信支付,161.99,2,0.036,312.32,212.81,0.3186,0,0.0,C069658009
O4035003865,2025-05-07,华东,宁波,美妆,护肤,美-护-629,直播,微信支付,119.08,4,0.111,423.45,236.62,0.4412,0,0.0,C558322529
O1491124843,2025-05-07,华南,广州,食品,饮料,食-饮-578,信息流广告,支付宝,32.04,1,0.082,30.63,20.6,0.3275,0,0.0,C823215920
O2404639887,2025-05-08,华东,宁波,家居,厨具,家-厨-485,私域,微信支付,81.4,3,0.071,226.86,123.0,0.4578,0,0.0,C661972649
O9316667534,2025-05-08,西南,成都,服饰,上衣,服-上-697,站内推荐,支付宝,149.2,2,0.071,294.62,169.34,0.4252,0,0.0,C674045787
O4074943391,2025-05-08,华东,杭州,美妆,护肤,美-护-257,自然搜索,微信支付,186.48,3,0.069,520.84,281.15,0.4602,0,0.0,C789068689
O7322326924,2025-05-08,西南,成都,数码,配件,数-配-681,信息流广告,微信支付,193.6,1,0.1,185.18,143.84,0.2232,0,0.0,C990332970
O8698665558,2025-05-08,华北,石家庄,数码,配件,数-配-519,自然搜索,微信支付,224.56,4,0.057,847.04,567.02,0.3306,0,0.0,C820242449
O5733665401,2025-05-08,华东,南京,服饰,上衣,服-上-326,直播,支付宝,105.01,3,0.088,287.31,153.56,0.4655,0,0.0,C472421899
O3535487109,2025-05-08,西南,贵阳,服饰,上衣,服-上-662,站内推荐,银行卡,127.88,2,0.097,245.46,153.66,0.374,0,0.0,C317456356
O4475127243,2025-05-08,东北,大连,美妆,彩妆,美-彩-995,信息流广告,银行卡,201.83,1,0.114,175.7,110.9,0.3688,0,0.0,C472779406
O9354071524,2025-05-08,华东,苏州,服饰,裤装,服-裤-276,直播,支付宝,125.13,1,0.124,109.61,62.25,0.4321,0,0.0,C442017053
O2412201889,2025-05-08,华北,北京,数码,配件,数-配-856,信息流广告,微信支付,202.51,2,0.027,394.08,296.75,0.247,0,0.0,C093419970
O7714343026,2025-05-08,东北,大连,食品,速食,食-速-580,站内推荐,货到付款,53.18,2,0.049,99.38,66.93,0.3265,0,0.0,C028655908
O5419255311,2025-05-08,华北,北京,数码,智能穿戴,数-智-414,私域,银行卡,181.92,4,0.031,705.12,562.48,0.2023,0,0.0,C672762335
O0973457321,2025-05-09,华北,北京,服饰,裤装,服-裤-862,自然搜索,支付宝,109.49,2,0.041,210.0,119.62,0.4304,1,134.11,C446822211
O4435276182,2025-05-09,西南,贵阳,数码,智能穿戴,数-智-891,私域,银行卡,159.78,3,0.062,478.08,361.71,0.2434,0,0.0,C596968411
O8071143826,2025-05-09,华南,厦门,家居,厨具,家-厨-167,信息流广告,微信支付,107.7,2,0.082,206.08,134.91,0.3454,0,0.0,C429774269
O5789839352,2025-05-09,西南,贵阳,食品,饮料,食-饮-195,自然搜索,微信支付,35.86,4,0.061,143.22,90.9,0.3653,0,0.0,C819484118
O3697102887,2025-05-09,华南,厦门,数码,耳机,数-耳-558,直播,支付宝,135.51,1,0.117,124.7,93.15,0.253,0,0.0,C763660972
O6251335758,2025-05-09,西南,成都,家居,厨具,家-厨-721,站内推荐,微信支付,104.69,4,0.065,416.32,239.27,0.4253,0,0.0,C234685945
O9707019879,2025-05-09,华东,苏州,家居,清洁,家-清-412,站内推荐,支付宝,68.22,3,0.029,198.72,124.39,0.374,0,0.0,C618268607
O8913087813,2025-05-09,华东,宁波,服饰,上衣,服-上-708,私域,支付宝,132.33,1,0.076,122.27,72.59,0.4063,0,0.0,C732957767
O8282221892,2025-05-09,华中,南昌,家居,清洁,家-清-548,自然搜索,支付宝,57.36,2,0.127,100.15,61.69,0.384,0,0.0,C824968462
O8005836678,2025-05-09,西北,西安,服饰,裤装,服-裤-510,信息流广告,微信支付,128.78,2,0.11,229.23,132.84,0.4205,0,0.0,C576357813
O3514357429,2025-05-09,华东,上海,数码,配件,数-配-559,自然搜索,支付宝,196.35,1,0.069,182.8,132.19,0.2769,0,0.0,C792678129
O3496007647,2025-05-09,华东,上海,数码,配件,数-配-596,自然搜索,支付宝,263.36,3,0.071,733.98,553.15,0.2464,0,0.0,C224792648
O5579198062,2025-05-09,西南,贵阳,服饰,上衣,服-上-432,线下导流,支付宝,142.11,2,0.083,277.13,166.94,0.3976,0,0.0,C060160703
O5813688431,2025-05-09,华东,南京,数码,耳机,数-耳-546,私域,银行卡,182.86,3,0.037,528.28,381.87,0.2771,0,0.0,C492921747
O4402668572,2025-05-09,华北,太原,服饰,上衣,服-上-275,站内推荐,支付宝,196.18,3,0.03,570.88,332.9,0.4169,0,0.0,C138801078
O6803062587,2025-05-09,华东,南京,食品,饮料,食-饮-852,站内推荐,支付宝,53.22,1,0.067,49.65,38.16,0.2314,0,0.0,C606393753
O5202812924,2025-05-09,华北,北京,食品,零食,食-零-139,站内推荐,支付宝,46.49,1,0.117,41.05,27.96,0.3189,0,0.0,C883253764
O7728618241,2025-05-09,华东,苏州,服饰,鞋靴,服-鞋-754,私域,银行卡,139.45,4,0.103,500.35,290.89,0.4186,0,0.0,C368461250
O4177244476,2025-05-09,华北,天津,数码,智能穿戴,数-智-244,直播,支付宝,138.55,4,,499.89,388.35,0.2231,0,0.0,C029447759
O3671762117,2025-05-09,华中,长沙,服饰,上衣,服-上-901,私域,微信支付,139.8,2,0.108,249.4,134.43,0.461,0,0.0,C214645345
O4811667878,2025-05-09,华中,郑州,家居,收纳,家-收-708,私域,支付宝,90.82,2,0.064,170.02,110.76,0.3485,0,0.0,C137835285
O9454136175,2025-05-10,华北,天津,美妆,彩妆,美-彩-861,信息流广告,微信支付,146.47,1,0.084,134.17,68.95,0.4861,0,0.0,C684772240
O9116460701,2025-05-10,华中,郑州,家居,厨具,家-厨-218,线下导流,支付宝,76.88,2,0.036,148.22,102.57,0.308,0,0.0,C732862714
O7836118479,2025-05-10,西南,重庆,美妆,护肤,美-护-878,私域,支付宝,222.4,1,0.039,227.36,131.27,0.4226,0,0.0,C516824671
O6941947517,2025-05-10,华东,上海,数码,智能穿戴,数-智-882,线下导流,支付宝,149.23,4,0.107,533.05,412.55,0.2261,0,0.0,C997679593
O5230615474,2025-05-10,华东,南京,家居,清洁,家-清-496,站内推荐,支付宝,68.01,3,0.035,196.89,120.0,0.3905,0,0.0,C692161276
O2679169198,2025-05-10,西南,成都,美妆,香氛,美-香-665,线下导流,支付宝,129.32,2,0.102,247.07,152.13,0.3843,0,0.0,C121034484
O1712038417,2025-05-10,西南,昆明,家居,清洁,家-清-800,直播,微信支付,73.85,2,0.111,139.68,91.57,0.3444,0,0.0,C310315462
O1538970883,2025-05-10,华东,上海,美妆,彩妆,美-彩-429,站内推荐,微信支付,168.54,1,0.035,162.64,79.05,0.514,0,0.0,C276793848
O2687683306,2025-05-10,华中,郑州,数码,智能穿戴,数-智-767,直播,微信支付,235.8,3,0.101,635.95,464.9,0.269,0,0.0,C120828209
O7361270474,2025-05-11,华东,杭州,数码,配件,数-配-104,直播,支付宝,155.49,3,0.061,438.02,316.4,0.2777,0,0.0,C161545987
O9630334155,2025-05-11,华中,武汉,美妆,护肤,美-护-447,直播,银行卡,210.87,2,0.127,368.18,216.58,0.4118,1,255.14,C757115937
O5405437947,2025-05-11,华东,宁波,美妆,香氛,美-香-998,自然搜索,微信支付,122.18,1,0.01,120.96,61.5,0.4916,0,0.0,C574253075
O3404386720,2025-05-11,华北,太原,服饰,上衣,服-上-882,直播,支付宝,170.28,2,0.089,310.25,186.42,0.3991,0,0.0,C344127995
O5328200950,2025-05-11,华南,厦门,家居,收纳,家-收-398,直播,支付宝,77.94,2,0.155,137.36,77.79,0.4337,0,0.0,C239584703
O7284074128,2025-05-11,华东,杭州,家居,厨具,家-厨-337,直播,微信支付,68.1,2,0.066,127.21,80.55,0.3668,0,0.0,C425135928
O1883915709,2025-05-12,华东,南京,服饰,鞋靴,服-鞋-373,私域,货到付款,120.76,1,0.065,112.91,62.24,0.4488,0,0.0,C934318854
O6022163227,2025-05-12,华北,太原,食品,饮料,食-饮-484,自然搜索,支付宝,48.2,3,0.106,129.27,88.19,0.3178,0,0.0,C585698758
O6240337804,2025-05-12,华中,南昌,数码,配件,数-配-750,信息流广告,货到付款,199.76,3,0.092,544.15,404.08,0.2574,0,0.0,C995728055
O4283514803,2025-05-12,华北,太原,服饰,鞋靴,服-鞋-734,自然搜索,微信支付,137.16,3,0.06,386.79,245.92,0.3642,1,238.74,C344912460
O2618946350,2025-05-12,华南,厦门,家居,清洁,家-清-811,直播,微信支付,69.95,4,0.082,267.95,184.16,0.3127,0,0.0,C757341595
O7894186177,2025-05-12,华东,苏州,服饰,上衣,服-上-521,站内推荐,微信支付,165.58,3,0.018,487.8,272.57,0.4412,0,0.0,C844145820
O3953073460,2025-05-12,华南,广州,数码,智能穿戴,数-智-449,信息流广告,微信支付,184.51,4,0.098,694.46,472.35,0.3198,0,0.0,C691930424
O1372127146,2025-05-12,西南,重庆,家居,厨具,家-厨-392,私域,支付宝,78.7,3,0.097,227.01,139.68,0.3847,0,0.0,C057615921
O5313209633,2025-05-12,西南,昆明,家居,厨具,家-厨-987,直播,微信支付,82.89,1,0.112,78.37,46.88,0.4018,0,0.0,C372042936
O7183902719,2025-05-12,华东,杭州,食品,速食,食-速-119,站内推荐,微信支付,34.16,3,0.003,102.17,58.68,0.4257,0,0.0,C908487303
O6462528483,2025-05-12,华中,长沙,数码,耳机,数-耳-693,信息流广告,微信支付,122.87,3,0.102,331.01,248.05,0.2506,0,0.0,C372708754
O1014868387,2025-05-12,华南,广州,数码,配件,数-配-450,信息流广告,微信支付,223.92,2,0.082,428.87,301.76,0.2964,0,0.0,C156374772
O8972047675,2025-05-12,华中,武汉,家居,厨具,家-厨-219,信息流广告,微信支付,120.36,2,0.069,224.11,135.15,0.3969,0,0.0,C918982998
O8652320398,2025-05-12,华中,南昌,美妆,护肤,美-护-827,站内推荐,支付宝,105.69,3,0.055,299.63,159.16,0.4688,0,0.0,C237075709
O6322985555,2025-05-12,华中,郑州,家居,厨具,家-厨-859,信息流广告,支付宝,106.66,1,0.058,100.47,56.58,0.4368,0,0.0,C608794033
O2093814115,2025-05-12,华东,上海,家居,收纳,家-收-670,私域,支付宝,96.25,3,0.059,271.71,172.07,0.3667,0,0.0,C423327267
O4786570154,2025-05-12,华东,杭州,家居,收纳,家-收-538,自然搜索,支付宝,91.23,2,0.1,164.21,110.19,0.329,0,0.0,C792318437
O9328938985,2025-05-12,华北,太原,食品,零食,食-零-889,自然搜索,微信支付,56.01,4,0.012,221.35,122.85,0.445,0,0.0,C760192193
O7571995133,2025-05-12,华北,石家庄,服饰,裤装,服-裤-178,信息流广告,支付宝,103.08,1,0.082,94.63,60.53,0.3604,0,0.0,C900892098
O2898094116,2025-05-12,华中,南昌,美妆,彩妆,美-彩-176,信息流广告,支付宝,246.33,1,0.142,211.35,111.62,0.4719,0,0.0,C846748224
O3364974378,2025-05-13,华南,厦门,数码,配件,数-配-361,信息流广告,银行卡,204.6,3,0.057,604.0,437.51,0.2756,0,0.0,C957801122
O7674758881,2025-05-13,西南,昆明,家居,厨具,家-厨-393,站内推荐,微信支付,94.56,2,0.051,191.19,124.56,0.3485,0,0.0,C724917320
O0783293072,2025-05-13,华南,厦门,服饰,鞋靴,服-鞋-807,信息流广告,银行卡,203.89,4,0.1,765.95,481.82,0.371,0,0.0,C279063881
O6825868258,2025-05-13,华南,深圳,食品,饮料,食-饮-737,站内推荐,微信支付,21.87,1,0.022,22.32,15.42,0.3091,0,0.0,C245874966
O1965446623,2025-05-13,华东,上海,食品,零食,食-零-752,私域,微信支付,34.29,3,0.0,102.87,64.99,0.3682,0,0.0,C139284957
O8207933612,2025-05-13,华东,杭州,数码,智能穿戴,数-智-138,自然搜索,支付宝,142.63,2,0.045,272.42,197.86,0.2737,0,0.0,C871692299
O9785599754,2025-05-13,华东,南京,服饰,上衣,服-上-473,私域,支付宝,140.2,4,0.085,513.13,284.69,0.4452,0,0.0,C579670328
O6860805627,2025-05-13,华南,厦门,数码,智能穿戴,数-智-906,私域,支付宝,228.19,4,0.066,889.62,701.58,0.2114,0,0.0,C531619102
O3406912772,2025-05-13,华北,太原,数码,配件,数-配-146,直播,微信支付,236.29,3,0.077,654.29,504.6,0.2288,0,0.0,C072839807
O7747398678,2025-05-13,华南,佛山,美妆,香氛,美-香-738,直播,微信支付,153.77,3,0.128,419.77,229.06,0.4543,0,0.0,C587215076
O4750736101,2025-05-13,华北,北京,家居,清洁,家-清-316,私域,支付宝,64.39,2,0.055,121.7,74.14,0.3908,0,0.0,C489897742
O4618620033,2025-05-14,华东,上海,数码,智能穿戴,数-智-792,线下导流,微信支付,227.19,3,0.048,648.85,525.19,0.1906,0,0.0,C140642448
O9913805533,2025-05-14,华中,郑州,数码,配件,数-配-819,直播,银行卡,221.73,1,0.095,200.67,167.37,0.1659,1,188.12,C936708711
O3098773792,2025-05-14,东北,,服饰,上衣,服-上-720,直播,支付宝,106.27,3,0.085,286.38,150.37,0.4749,0,0.0,C482609004
O2930890308,2025-05-14,华北,太原,食品,饮料,食-饮-498,信息流广告,银行卡,49.99,1,0.122,43.89,27.25,0.3791,0,0.0,C883711592
O9830752268,2025-05-14,西北,兰州,食品,速食,食-速-401,信息流广告,微信支付,47.14,4,0.069,175.55,114.33,0.3487,0,0.0,C595530236
O7909577028,2025-05-14,华北,北京,食品,零食,食-零-408,私域,支付宝,26.83,2,0.072,49.8,31.85,0.3604,0,0.0,C635409282
O4507286726,2025-05-14,华北,太原,数码,智能穿戴,数-智-878,自然搜索,支付宝,191.33,1,0.074,177.17,123.74,0.3016,0,0.0,C685749707
O7428529212,2025-05-14,华北,北京,数码,智能穿戴,数-智-406,直播,微信支付,175.16,4,0.079,645.29,499.96,0.2252,0,0.0,C320939683
O5296515249,2025-05-14,华南,广州,数码,配件,数-配-103,直播,银行卡,205.68,3,0.11,573.24,426.02,0.2568,0,0.0,C943225982
O9693455189,2025-05-14,西南,贵阳,美妆,彩妆,美-彩-800,站内推荐,微信支付,175.07,1,0.072,173.15,100.57,0.4192,0,0.0,C534003223
O0985790487,2025-05-14,华南,深圳,家居,厨具,家-厨-247,自然搜索,微信支付,68.77,1,0.017,70.56,43.91,0.3777,0,0.0,C103412575
O6365567479,2025-05-14,西南,昆明,数码,耳机,数-耳-205,直播,微信支付,261.23,4,0.137,961.07,750.24,0.2194,0,0.0,C172129642
O8553489836,2025-05-14,华北,天津,服饰,裤装,服-裤-125,线下导流,微信支付,139.88,2,0.035,269.97,148.35,0.4505,0,0.0,C960754047
O1843734460,2025-05-14,华中,郑州,服饰,上衣,服-上-229,站内推荐,银行卡,141.85,1,0.07,131.92,75.62,0.4268,0,0.0,C264663407
O0590008240,2025-05-14,华南,厦门,食品,零食,食-零-444,直播,支付宝,48.89,2,0.127,89.1,64.74,0.2734,0,0.0,C975824953
O2936824836,2025-05-14,华东,苏州,服饰,上衣,服-上-962,信息流广告,支付宝,100.51,3,0.114,267.16,133.22,0.5013,0,0.0,C191691490
O0397685061,2025-05-15,东北,,数码,配件,数-配-286,自然搜索,微信支付,236.29,2,0.095,419.81,315.34,0.2489,0,0.0,C169336312
O2600755822,2025-05-15,华南,佛山,数码,配件,数-配-260,站内推荐,支付宝,308.3,4,0.034,1243.9,918.0,0.262,0,0.0,C679931614
O4505065632,2025-05-15,华南,佛山,数码,耳机,数-耳-368,信息流广告,支付宝,218.92,1,0.098,206.19,146.09,0.2915,0,0.0,C604234421
O9275422267,2025-05-15,华东,南京,服饰,上衣,服-上-416,线下导流,支付宝,129.55,1,0.073,120.09,75.32,0.3728,0,0.0,C965628091
O7173999684,2025-05-15,华中,长沙,家居,清洁,家-清-381,私域,货到付款,55.58,4,0.027,216.32,143.78,0.3353,0,0.0,C080653729
O1783752500,2025-05-15,华中,南昌,食品,速食,食-速-805,信息流广告,支付宝,45.95,4,0.091,167.07,110.23,0.3402,0,0.0,C495684522
O2172017235,2025-05-15,西南,成都,美妆,彩妆,美-彩-692,直播,支付宝,165.12,1,0.112,156.34,72.14,0.5386,0,0.0,C210099648
O5855217006,2025-05-15,西南,贵阳,家居,厨具,家-厨-560,自然搜索,支付宝,69.98,4,0.054,282.35,172.86,0.3878,0,0.0,C637049373
O9747231335,2025-05-15,华南,广州,服饰,上衣,服-上-964,线下导流,微信支付,136.21,3,0.074,395.11,221.79,0.4387,0,0.0,C423578247
O0077862679,2025-05-15,华北,北京,服饰,上衣,服-上-572,自然搜索,微信支付,107.73,2,0.08,198.22,110.57,0.4422,0,0.0,C787177112
O6298831026,2025-05-15,华中,南昌,家居,收纳,家-收-627,信息流广告,支付宝,34.61,4,0.088,126.26,80.53,0.3622,0,0.0,C309842420
O8472566184,2025-05-15,华东,杭州,家居,厨具,家-厨-922,站内推荐,微信支付,92.87,2,0.066,173.48,103.01,0.4062,0,0.0,C947180573
O5125083953,2025-05-15,西南,贵阳,家居,清洁,家-清-159,信息流广告,支付宝,92.15,3,0.07,274.13,168.24,0.3863,0,0.0,C086821233
O5071120958,2025-05-15,华东,苏州,服饰,上衣,服-上-472,自然搜索,微信支付,147.49,3,0.075,409.28,212.62,0.4805,0,0.0,C011071972
O3238760656,2025-05-15,华南,厦门,美妆,香氛,美-香-791,线下导流,微信支付,214.34,2,0.081,411.36,238.26,0.4208,0,0.0,C453748975
O3159616572,2025-05-16,华中,长沙,美妆,香氛,美-香-509,直播,支付宝,150.63,2,0.113,267.22,131.76,0.5069,0,0.0,C497278767
O0685607934,2025-05-16,华东,南京,美妆,彩妆,美-彩-218,私域,微信支付,134.44,1,0.06,126.37,66.72,0.472,0,0.0,C510017660
O3218409910,2025-05-16,华北,天津,食品,饮料,食-饮-543,自然搜索,支付宝,44.96,3,0.046,128.68,81.77,0.3645,0,0.0,C124798909
O1141769170,2025-05-16,华东,宁波,服饰,鞋靴,服-鞋-804,站内推荐,支付宝,146.91,1,0.051,139.42,85.93,0.3837,0,0.0,C617002371
O1153598964,2025-05-16,华东,苏州,服饰,鞋靴,服-鞋-179,线下导流,支付宝,159.45,2,0.062,299.13,168.98,0.4351,0,0.0,C953894844
O7013610544,2025-05-16,华北,太原,服饰,鞋靴,服-鞋-201,信息流广告,微信支付,113.04,2,0.131,196.46,114.04,0.4195,0,0.0,C491677039
O9199934782,2025-05-16,西南,贵阳,食品,速食,食-速-694,私域,微信支付,75.63,1,0.092,73.26,47.58,0.3505,0,0.0,C436748374
O9716476668,2025-05-16,华南,佛山,美妆,彩妆,美-彩-471,自然搜索,支付宝,144.48,1,0.061,141.7,79.77,0.4371,0,0.0,C850008442
O0647326256,2025-05-16,东北,哈尔滨,数码,智能穿戴,数-智-938,站内推荐,支付宝,144.71,1,0.034,137.2,104.33,0.2396,1,107.96,C120280714
O5978348285,2025-05-16,华北,太原,数码,耳机,数-耳-732,自然搜索,支付宝,197.65,4,0.047,753.44,530.27,0.2962,0,0.0,C492639553
O6377073118,2025-05-16,华南,深圳,食品,饮料,食-饮-130,直播,银行卡,48.33,4,0.113,179.11,114.78,0.3592,0,0.0,C255430048
O8882211758,2025-05-16,西南,重庆,美妆,香氛,美-香-222,线下导流,支付宝,197.58,3,0.045,603.86,312.52,0.4825,0,0.0,C690613452
O2436753347,2025-05-16,华东,上海,食品,饮料,食-饮-863,线下导流,支付宝,49.68,4,0.053,188.19,129.79,0.3103,0,0.0,C373520474
O9370600587,2025-05-16,华东,上海,数码,配件,数-配-680,自然搜索,银行卡,221.29,4,0.107,790.45,559.14,0.2926,0,0.0,C434208585
O1884916298,2025-05-16,西南,重庆,食品,零食,食-零-442,自然搜索,微信支付,75.82,1,0.071,75.14,46.23,0.3847,0,0.0,C902396982
O6034918264,2025-05-16,华北,太原,数码,耳机,数-耳-802,站内推荐,微信支付,222.9,3,0.11,595.14,378.86,0.3634,0,0.0,C924612776
O0864248382,2025-05-16,东北,沈阳,数码,智能穿戴,数-智-149,私域,微信支付,219.94,3,0.064,606.14,425.16,0.2986,0,0.0,C101275606
O2815680826,2025-05-16,华北,石家庄,美妆,护肤,美-护-224,信息流广告,微信支付,178.54,1,0.041,171.22,100.88,0.4108,0,0.0,C015144407
O2578464665,2025-05-16,华东,杭州,家居,厨具,家-厨-458,站内推荐,银行卡,61.34,1,0.082,56.31,31.24,0.4452,0,0.0,C700833755
O6809298649,2025-05-16,华南,广州,家居,收纳,家-收-474,信息流广告,支付宝,44.08,2,0.079,84.81,56.89,0.3292,0,0.0,C413120455
O8174971704,2025-05-17,华北,北京,家居,厨具,家-厨-575,信息流广告,微信支付,95.25,1,0.102,85.53,60.05,0.2979,0,0.0,C078908784
O8175926735,2025-05-17,华南,厦门,数码,配件,数-配-984,站内推荐,微信支付,259.23,4,0.068,1009.74,737.01,0.2701,0,0.0,C746727528
O2977636918,2025-05-17,华东,上海,食品,饮料,食-饮-456,信息流广告,支付宝,39.64,3,0.125,104.06,70.66,0.321,0,0.0,C900465782
O8035113946,2025-05-17,华东,上海,服饰,鞋靴,服-鞋-755,线下导流,银行卡,97.66,4,0.066,364.86,224.69,0.3842,0,0.0,C640953449
O0999101716,2025-05-17,华东,杭州,家居,厨具,家-厨-631,信息流广告,支付宝,91.65,2,0.11,163.14,99.13,0.3924,0,0.0,C571400757
O2713650904,2025-05-17,华南,深圳,美妆,彩妆,美-彩-180,信息流广告,微信支付,154.62,1,0.079,148.79,83.9,0.4361,0,0.0,C053669063
O1723843806,2025-05-17,华中,郑州,食品,速食,食-速-908,信息流广告,支付宝,36.52,3,0.117,96.74,64.08,0.3376,0,0.0,C537262748
O6602331054,2025-05-17,华东,苏州,数码,耳机,数-耳-983,信息流广告,微信支付,164.57,1,,156.18,110.2,0.2944,0,0.0,C259982123
O4717281860,2025-05-17,华北,北京,食品,速食,食-速-433,站内推荐,微信支付,43.76,2,0.097,79.03,52.32,0.338,0,0.0,C246756331
O3227214983,2025-05-17,西南,贵阳,美妆,彩妆,美-彩-884,直播,银行卡,138.37,3,0.119,390.31,201.85,0.4828,0,0.0,C643018999
O9138520177,2025-05-17,华东,南京,美妆,香氛,美-香-366,站内推荐,微信支付,122.16,2,0.038,235.04,136.48,0.4193,0,0.0,C194661067
O9569575529,2025-05-17,华中,郑州,服饰,裤装,服-裤-961,私域,微信支付,96.85,1,0.083,88.81,46.42,0.4773,1,65.36,C323337752
O8349330312,2025-05-17,西南,成都,数码,智能穿戴,数-智-602,站内推荐,支付宝,162.49,1,0.037,167.0,120.31,0.2796,0,0.0,C578350239
O3891085305,2025-05-18,华南,深圳,食品,零食,食-零-638,私域,微信支付,29.32,2,0.076,56.63,38.37,0.3224,0,0.0,C151211774
O5250153402,2025-05-18,华东,宁波,美妆,彩妆,美-彩-393,站内推荐,支付宝,183.36,3,0.035,530.83,284.22,0.4646,0,0.0,C305090150
O5700906158,2025-05-18,华南,深圳,服饰,裤装,服-裤-698,私域,支付宝,146.09,2,0.059,287.36,171.5,0.4032,0,0.0,C421395465
O1205937396,2025-05-18,华南,广州,数码,耳机,数-耳-184,线下导流,支付宝,205.5,3,0.1,579.91,422.15,0.272,0,0.0,C864032855
O0720864487,2025-05-18,华中,郑州,服饰,上衣,服-上-988,直播,微信支付,140.6,2,0.053,266.3,153.58,0.4233,0,0.0,C555356638
O9091353126,2025-05-18,华南,广州,美妆,香氛,美-香-652,自然搜索,支付宝,159.13,1,0.09,151.35,80.08,0.4709,0,0.0,C002916352
O1390207122,2025-05-18,华南,深圳,食品,零食,食-零-125,直播,微信支付,55.4,2,0.129,100.87,63.11,0.3743,0,0.0,C093850102
O4024731304,2025-05-18,华南,厦门,美妆,彩妆,美-彩-974,私域,微信支付,116.83,2,0.087,222.97,127.07,0.4301,0,0.0,C470678969
O0723517457,2025-05-18,华东,上海,家居,厨具,家-厨-759,私域,微信支付,97.76,2,0.109,174.21,116.14,0.3333,0,0.0,C600882069
O2034266630,2025-05-18,华南,深圳,服饰,裤装,服-裤-521,信息流广告,银行卡,111.88,4,0.102,420.02,245.24,0.4161,0,0.0,C219897146
O2205632517,2025-05-18,东北,哈尔滨,数码,配件,数-配-665,站内推荐,银行卡,266.72,4,0.057,987.13,752.98,0.2372,0,0.0,C266751001
O7995494401,2025-05-18,华南,佛山,服饰,上衣,服-上-165,私域,支付宝,174.81,4,0.039,702.32,361.97,0.4846,0,0.0,C430760923
O5360146716,2025-05-18,华中,南昌,食品,速食,食-速-150,信息流广告,支付宝,60.7,3,0.056,171.9,120.3,0.3002,0,0.0,C960630401
O3280937295,2025-05-18,东北,沈阳,食品,零食,食-零-618,自然搜索,微信支付,31.49,2,0.091,56.17,42.14,0.2498,0,0.0,C625751921
O1900223117,2025-05-19,华北,天津,服饰,裤装,服-裤-294,站内推荐,微信支付,139.05,3,0.052,395.46,244.61,0.3815,1,367.46,C906563276
O4493205571,2025-05-19,华北,石家庄,服饰,鞋靴,服-鞋-796,自然搜索,微信支付,106.11,2,0.066,198.21,103.19,0.4794,0,0.0,C325249390
O0199078511,2025-05-19,华东,南京,食品,零食,食-零-692,站内推荐,微信支付,45.19,1,0.115,39.99,28.26,0.2933,0,0.0,C651043974
O9230532597,2025-05-19,西南,昆明,家居,清洁,家-清-781,自然搜索,微信支付,72.11,4,0.008,305.66,188.47,0.3834,0,0.0,C139288097
O0055566782,2025-05-19,华南,广州,数码,耳机,数-耳-496,信息流广告,支付宝,192.33,4,0.077,742.39,563.98,0.2403,0,0.0,C080460998
O5080547819,2025-05-19,华北,石家庄,家居,收纳,家-收-112,站内推荐,支付宝,76.81,1,0.059,72.28,44.41,0.3856,0,0.0,C185058507
O6755616580,2025-05-19,西南,重庆,家居,厨具,家-厨-869,直播,支付宝,47.58,2,0.087,92.81,55.58,0.4011,0,0.0,C598273764
O1024463644,2025-05-19,华北,北京,美妆,香氛,美-香-286,直播,支付宝,140.75,4,0.083,516.27,269.1,0.4788,0,0.0,C076007288
O8699149083,2025-05-19,西北,乌鲁木齐,服饰,鞋靴,服-鞋-834,站内推荐,微信支付,106.52,2,0.031,206.44,118.02,0.4283,1,139.92,C513991519
O8101050375,2025-05-19,华北,天津,美妆,彩妆,美-彩-430,自然搜索,支付宝,213.3,4,0.037,821.63,425.06,0.4827,0,0.0,C621148910
O5935098873,2025-05-19,华东,上海,数码,智能穿戴,数-智-176,站内推荐,支付宝,273.47,1,0.118,241.2,170.46,0.2933,0,0.0,C036685339
O0862966090,2025-05-19,华东,上海,家居,收纳,家-收-463,线下导流,支付宝,72.5,2,0.023,141.66,92.4,0.3477,0,0.0,C063985511
O6765430674,2025-05-19,华东,南京,家居,厨具,家-厨-438,自然搜索,微信支付,69.93,2,0.076,129.23,72.49,0.4391,0,0.0,C700335017
O0653794928,2025-05-19,华南,厦门,家居,厨具,家-厨-107,信息流广告,支付宝,113.2,3,0.094,321.68,205.9,0.3599,0,0.0,C424467912
O5834840125,2025-05-19,华东,杭州,家居,厨具,家-厨-232,私域,微信支付,93.65,4,0.03,363.36,212.95,0.4139,0,0.0,C438442469
O7822567545,2025-05-19,华东,宁波,数码,耳机,数-耳-708,信息流广告,支付宝,163.63,4,0.16,549.8,424.26,0.2283,1,473.49,C212378839
O9355281853,2025-05-19,华中,武汉,食品,饮料,食-饮-301,直播,微信支付,51.04,2,0.176,84.11,54.89,0.3474,0,0.0,C274533298
O7522323466,2025-05-19,华中,武汉,家居,收纳,家-收-902,自然搜索,微信支付,63.53,2,0.087,116.01,70.3,0.394,0,0.0,C327766263
O1839044233,2025-05-19,华北,太原,家居,厨具,家-厨-116,信息流广告,支付宝,106.96,2,0.083,196.16,110.09,0.4388,0,0.0,C022521630
O6761153596,2025-05-19,华东,上海,美妆,护肤,美-护-992,直播,微信支付,132.46,3,0.099,358.04,185.43,0.4821,0,0.0,C802873370
O1749517073,2025-05-20,华中,南昌,数码,配件,数-配-452,直播,微信支付,193.52,4,0.134,670.35,475.18,0.2911,0,0.0,C054216435
O4259659850,2025-05-20,华南,佛山,美妆,护肤,美-护-967,私域,支付宝,190.98,2,0.068,372.3,207.84,0.4417,0,0.0,C295901103
O6304048062,2025-05-20,华东,宁波,家居,收纳,家-收-794,信息流广告,微信支付,58.15,1,0.103,52.16,32.61,0.3748,0,0.0,C567623528
O5756205115,2025-05-20,西南,昆明,美妆,彩妆,美-彩-829,信息流广告,微信支付,156.55,2,0.081,307.52,177.23,0.4237,0,0.0,C335802320
O7637138634,2025-05-20,华东,宁波,美妆,彩妆,美-彩-636,信息流广告,微信支付,156.21,2,0.164,261.18,140.59,0.4617,0,0.0,C442707547
O7595844537,2025-05-20,华北,太原,服饰,裤装,服-裤-550,站内推荐,支付宝,172.33,1,0.044,164.75,97.44,0.4086,0,0.0,C423393268
O8391970809,2025-05-20,华南,厦门,食品,饮料,食-饮-435,自然搜索,支付宝,66.5,3,0.062,195.71,137.24,0.2988,0,0.0,C629312899
O4972255868,2025-05-20,东北,长春,食品,零食,食-零-320,直播,微信支付,36.43,1,0.122,31.37,19.91,0.3653,0,0.0,C499973153
O2132541704,2025-05-20,华南,佛山,家居,收纳,家-收-260,线下导流,支付宝,93.44,1,0.083,89.61,53.19,0.4064,0,0.0,C083025713
O5307964302,2025-05-20,华南,深圳,家居,清洁,家-清-797,自然搜索,支付宝,73.34,4,0.0,306.8,188.09,0.3869,0,0.0,C408618269
O6603751726,2025-05-20,华中,南昌,家居,清洁,家-清-856,站内推荐,支付宝,34.44,1,0.023,33.65,21.43,0.3632,0,0.0,C620970158
O5547267750,2025-05-20,西南,成都,服饰,裤装,服-裤-275,直播,银行卡,117.62,3,0.117,332.99,199.95,0.3995,0,0.0,C796550937
O0817992697,2025-05-20,西南,成都,服饰,鞋靴,服-鞋-771,私域,微信支付,99.45,3,0.041,305.78,159.81,0.4774,0,0.0,C205613450
O2068645538,2025-05-21,华南,广州,美妆,香氛,美-香-601,自然搜索,支付宝,168.94,2,0.08,325.2,168.69,0.4813,0,0.0,C607251412
O9367423434,2025-05-21,华东,杭州,美妆,护肤,美-护-595,直播,支付宝,190.57,2,0.119,335.78,184.24,0.4513,0,0.0,C131324986
O0927660192,2025-05-21,华东,南京,家居,收纳,家-收-986,自然搜索,货到付款,82.66,1,0.08,76.05,51.27,0.3258,0,0.0,C368386159
O8888079590,2025-05-21,西北,西安,数码,配件,数-配-480,线下导流,微信支付,141.49,3,0.106,379.48,319.23,0.1588,0,0.0,C595427934
O5984741967,2025-05-21,华北,天津,食品,零食,食-零-290,直播,微信支付,41.84,3,0.091,114.1,76.81,0.3268,0,0.0,C637378647
O8455602531,2025-05-21,华中,郑州,家居,清洁,家-清-427,站内推荐,微信支付,88.25,4,0.077,325.82,207.47,0.3632,0,0.0,C922925599
O2794641941,2025-05-21,华中,长沙,家居,收纳,家-收-361,线下导流,微信支付,63.84,4,0.059,240.29,159.57,0.3359,0,0.0,C026351999
O5302991525,2025-05-21,华东,上海,食品,零食,食-零-816,站内推荐,银行卡,30.2,3,0.08,83.35,60.16,0.2782,0,0.0,C609994791
O9361228951,2025-05-21,华南,深圳,家居,厨具,家-厨-440,私域,微信支付,69.69,2,0.057,137.5,82.39,0.4008,0,0.0,C926240468
O0256406609,2025-05-21,西北,银川,家居,清洁,家-清-247,信息流广告,微信支付,72.72,1,0.07,67.63,41.38,0.3881,0,0.0,C826840438
O2182589427,2025-05-21,华南,深圳,数码,耳机,数-耳-722,信息流广告,微信支付,254.36,3,0.121,701.7,552.14,0.2131,0,0.0,C923825355
O2887178468,2025-05-21,华北,天津,数码,耳机,数-耳-165,线下导流,微信支付,243.11,2,0.028,472.61,345.88,0.2681,0,0.0,C764125733
O9267016487,2025-05-21,西南,成都,服饰,上衣,服-上-958,自然搜索,支付宝,115.56,3,0.056,349.92,239.86,0.3145,0,0.0,C794610222
O2676695737,2025-05-21,华南,厦门,服饰,上衣,服-上-992,信息流广告,支付宝,176.23,2,0.044,352.5,226.79,0.3566,0,0.0,C580928363
O2388476586,2025-05-22,华南,佛山,食品,速食,食-速-255,私域,微信支付,47.08,2,0.048,93.81,56.4,0.3988,0,0.0,C234814597
O1805211367,2025-05-22,华东,上海,美妆,护肤,美-护-690,信息流广告,微信支付,139.46,3,0.108,373.19,191.46,0.487,0,0.0,C964784400
O7701537720,2025-05-22,华南,佛山,家居,厨具,家-厨-627,站内推荐,微信支付,92.25,3,0.042,277.45,187.63,0.3237,0,0.0,C299585914
O7597795884,2025-05-22,华东,上海,美妆,护肤,美-护-548,直播,支付宝,126.33,4,0.073,468.43,267.39,0.4292,0,0.0,C769679013
O2305267436,2025-05-22,华中,郑州,数码,耳机,数-耳-736,自然搜索,微信支付,285.76,2,0.069,532.09,384.04,0.2782,0,0.0,C738273697
O6327563353,2025-05-22,华北,北京,家居,清洁,家-清-459,站内推荐,支付宝,119.25,4,0.065,446.0,293.05,0.3429,0,0.0,C989708234
O4588275446,2025-05-22,华北,天津,家居,厨具,家-厨-425,直播,微信支付,67.9,3,0.088,185.77,120.54,0.3511,0,0.0,C688249840
O1807458929,2025-05-22,东北,长春,家居,厨具,家-厨-626,线下导流,微信支付,74.13,3,0.039,209.58,111.84,0.4664,0,0.0,C981108935
O8996736437,2025-05-22,西北,乌鲁木齐,数码,智能穿戴,数-智-279,自然搜索,微信支付,190.3,1,0.086,173.93,120.13,0.3093,0,0.0,C832497268
O1793301193,2025-05-22,东北,哈尔滨,数码,耳机,数-耳-703,直播,支付宝,119.43,1,0.114,103.77,75.42,0.2732,0,0.0,C711212241
O1032749580,2025-05-22,华北,石家庄,食品,饮料,食-饮-718,站内推荐,微信支付,61.07,4,0.023,238.66,169.58,0.2894,0,0.0,C933543144
O5271803497,2025-05-23,华中,武汉,数码,耳机,数-耳-368,信息流广告,微信支付,220.45,4,0.046,841.24,673.51,0.1994,0,0.0,C959402362
O2356134058,2025-05-23,华东,杭州,食品,速食,食-速-947,站内推荐,支付宝,28.18,1,0.051,26.74,17.78,0.3351,0,0.0,C962760098
O9673557052,2025-05-23,华南,深圳,家居,收纳,家-收-869,站内推荐,银行卡,96.46,4,0.095,365.53,207.29,0.4329,0,0.0,C175360931
O9972048788,2025-05-23,西北,乌鲁木齐,食品,零食,食-零-780,直播,支付宝,51.95,1,0.122,45.61,31.6,0.3072,0,0.0,C588112980
O7878534961,2025-05-23,华东,苏州,美妆,彩妆,美-彩-882,私域,支付宝,140.34,3,0.123,369.23,185.93,0.4964,0,0.0,C308309893
O6584642679,2025-05-23,西南,重庆,服饰,裤装,服-裤-201,站内推荐,微信支付,138.98,1,0.014,146.66,85.24,0.4188,0,0.0,C097236335
O5887878334,2025-05-23,东北,哈尔滨,食品,零食,食-零-943,站内推荐,支付宝,49.3,3,0.099,130.66,88.12,0.3256,0,0.0,C565136019
O9775632014,2025-05-23,华东,宁波,美妆,香氛,美-香-299,直播,支付宝,181.94,1,0.111,161.74,83.96,0.4809,0,0.0,C444264554
O4900710046,2025-05-23,华北,天津,食品,饮料,食-饮-186,信息流广告,微信支付,51.21,1,0.12,45.06,26.53,0.4112,0,0.0,C441393380
O6480410964,2025-05-23,华南,深圳,服饰,上衣,服-上-470,私域,微信支付,159.6,1,0.101,150.2,89.64,0.4032,0,0.0,C909412488
O8088600075,2025-05-23,华南,广州,食品,饮料,食-饮-340,自然搜索,银行卡,39.09,2,0.043,78.32,53.15,0.3214,0,0.0,C354374599
O1018614261,2025-05-23,华南,厦门,食品,速食,食-速-246,信息流广告,微信支付,34.88,1,0.062,34.25,23.47,0.3147,0,0.0,C267997286
O7496211508,2025-05-23,华中,南昌,数码,智能穿戴,数-智-177,直播,支付宝,190.73,1,0.146,162.88,126.96,0.2205,0,0.0,C291885488
O2305042695,2025-05-23,华东,南京,食品,速食,食-速-102,直播,支付宝,38.5,2,0.131,66.91,44.99,0.3276,1,47.26,C813839976
O8647056627,2025-05-24,华中,南昌,家居,厨具,家-厨-922,站内推荐,微信支付,85.78,1,0.084,78.57,52.87,0.3271,0,0.0,C357095052
O8273000562,2025-05-24,华东,宁波,家居,收纳,家-收-430,信息流广告,微信支付,119.15,4,0.118,420.36,259.67,0.3823,0,0.0,C063736627
O3510719558,2025-05-24,华中,长沙,家居,收纳,家-收-890,私域,微信支付,66.19,4,0.067,247.02,168.62,0.3174,0,0.0,C254499432
O1214083660,2025-05-24,华东,杭州,美妆,香氛,美-香-160,自然搜索,支付宝,131.53,4,0.1,473.51,251.94,0.4679,0,0.0,C661504138
O4150636141,2025-05-24,东北,哈尔滨,食品,饮料,食-饮-348,站内推荐,微信支付,45.99,1,0.035,43.51,27.25,0.3737,0,0.0,C505417855
O2963016084,2025-05-24,华东,杭州,服饰,上衣,服-上-394,自然搜索,微信支付,139.47,3,0.084,383.26,214.34,0.4407,0,0.0,C985419641
O9723639738,2025-05-24,华东,苏州,家居,收纳,家-收-822,站内推荐,支付宝,95.13,2,0.023,185.88,109.91,0.4087,0,0.0,C634626395
O3578549606,2025-05-24,华东,苏州,服饰,上衣,服-上-961,直播,支付宝,139.13,1,0.07,129.39,71.22,0.4496,0,0.0,C771579877
O1639565399,2025-05-24,华北,北京,食品,零食,食-零-323,自然搜索,微信支付,44.51,2,0.111,79.14,51.73,0.3463,0,0.0,C890645498
O7946352276,2025-05-24,华东,苏州,食品,零食,食-零-751,自然搜索,微信支付,47.36,3,0.05,134.98,99.37,0.2638,0,0.0,C773720266
O4061788553,2025-05-24,华中,武汉,食品,速食,食-速-119,信息流广告,支付宝,58.18,4,0.052,220.62,154.39,0.3002,0,0.0,C122509133
O3632930134,2025-05-24,东北,哈尔滨,美妆,护肤,美-护-631,站内推荐,支付宝,173.8,3,0.016,502.98,249.88,0.5032,0,0.0,C541215075
O8783524038,2025-05-24,华南,深圳,服饰,上衣,服-上-213,站内推荐,支付宝,146.6,3,0.087,420.47,229.38,0.4545,0,0.0,C687043120
O9250180174,2025-05-24,华东,杭州,数码,耳机,数-耳-735,信息流广告,支付宝,159.0,1,0.12,139.92,99.26,0.2906,0,0.0,C388149141
O2069065167,2025-05-24,东北,长春,数码,耳机,数-耳-929,线下导流,支付宝,217.32,2,,423.12,307.5,0.2733,0,0.0,C901571346
O4472714345,2025-05-24,华东,杭州,食品,速食,食-速-927,自然搜索,支付宝,39.66,4,0.073,147.06,96.22,0.3457,0,0.0,C629611499
O0414086092,2025-05-24,华北,天津,服饰,鞋靴,服-鞋-414,直播,支付宝,136.33,4,0.098,491.88,274.43,0.4421,0,0.0,C564613613
O9585193014,2025-05-24,东北,大连,数码,配件,数-配-542,私域,银行卡,93.65,1,0.12,80.79,58.62,0.2744,0,0.0,C461020063
O2013647679,2025-05-24,华东,苏州,服饰,鞋靴,服-鞋-652,自然搜索,微信支付,115.27,3,0.067,322.64,213.37,0.3387,0,0.0,C053786795
O5468209147,2025-05-24,华东,宁波,数码,耳机,数-耳-919,站内推荐,微信支付,224.37,2,0.073,415.98,305.59,0.2654,0,0.0,C712645786
O5308423493,2025-05-24,东北,长春,数码,配件,数-配-685,线下导流,微信支付,169.34,4,0.053,628.86,490.09,0.2207,0,0.0,C119704256
O2662305412,2025-05-24,西南,昆明,家居,厨具,家-厨-550,自然搜索,支付宝,46.72,2,0.082,91.84,54.21,0.4097,0,0.0,C000321194
O3780533559,2025-05-24,华中,南昌,数码,智能穿戴,数-智-341,自然搜索,微信支付,302.98,1,0.098,273.29,197.46,0.2775,0,0.0,C496653551
O9635929703,2025-05-24,西南,贵阳,家居,清洁,家-清-973,站内推荐,银行卡,67.65,1,0.062,67.94,37.94,0.4416,0,0.0,C886681439
O3754485082,2025-05-24,西南,成都,数码,配件,数-配-876,自然搜索,微信支付,88.41,2,0.055,178.91,139.29,0.2215,0,0.0,C021066370
O6124438535,2025-05-24,华中,长沙,食品,饮料,食-饮-762,直播,支付宝,41.72,1,0.085,38.17,27.98,0.267,0,0.0,C304345245
O4544595524,2025-05-25,华东,上海,服饰,裤装,服-裤-795,自然搜索,银行卡,69.76,2,0.03,135.33,81.53,0.3975,0,0.0,C654720329
O5890097089,2025-05-25,华南,深圳,服饰,上衣,服-上-923,直播,微信支付,146.33,2,0.116,270.99,154.03,0.4316,0,0.0,C227316523
O2959740927,2025-05-25,华东,上海,数码,智能穿戴,数-智-378,直播,货到付款,135.3,1,0.093,122.72,98.13,0.2004,0,0.0,C180127925
O5789594036,2025-05-25,华东,苏州,美妆,护肤,美-护-903,自然搜索,微信支付,131.2,2,0.088,239.31,112.83,0.5285,0,0.0,C088287395
O7935335982,2025-05-25,华北,太原,服饰,裤装,服-裤-762,站内推荐,支付宝,100.97,1,0.069,94.0,47.24,0.4974,0,0.0,C347301386
O1754303421,2025-05-25,华中,长沙,美妆,彩妆,美-彩-699,线下导流,微信支付,162.06,1,0.026,157.85,88.52,0.4392,0,0.0,C549874685
O7287515613,2025-05-25,西南,成都,美妆,彩妆,美-彩-796,直播,微信支付,212.52,3,0.041,654.96,356.96,0.455,0,0.0,C762881060
O1840954855,2025-05-25,西南,昆明,食品,零食,食-零-534,直播,微信支付,70.89,4,0.107,271.25,170.94,0.3698,0,0.0,C611679009
O9568685167,2025-05-25,华北,天津,美妆,护肤,美-护-352,自然搜索,支付宝,190.25,4,0.074,704.69,384.32,0.4546,0,0.0,C450491677
O9307518577,2025-05-25,华东,宁波,家居,收纳,家-收-647,信息流广告,微信支付,86.5,2,0.113,153.45,90.66,0.4092,0,0.0,C925163603
O0208458599,2025-05-25,华东,上海,家居,厨具,家-厨-225,自然搜索,微信支付,54.07,4,0.014,213.25,112.86,0.4708,0,0.0,C271658195
O8335589118,2025-05-25,华中,南昌,家居,收纳,家-收-885,站内推荐,支付宝,124.67,3,0.088,341.1,221.11,0.3518,0,0.0,C955793280
O6586023380,2025-05-25,华北,天津,美妆,彩妆,美-彩-253,私域,微信支付,162.97,3,,450.29,253.13,0.4379,0,0.0,C725300383
O1784116128,2025-05-25,华东,宁波,服饰,裤装,服-裤-497,站内推荐,微信支付,132.41,4,0.075,489.92,276.05,0.4365,0,0.0,C543219783
O0897988286,2025-05-26,华东,宁波,家居,厨具,家-厨-475,直播,微信支付,84.6,1,0.082,77.66,43.4,0.4412,0,0.0,C002598971
O2876661615,2025-05-26,华南,佛山,数码,智能穿戴,数-智-986,信息流广告,支付宝,162.94,2,0.085,312.43,229.43,0.2657,0,0.0,C483012879
O7083621311,2025-05-26,华东,上海,数码,智能穿戴,数-智-630,直播,微信支付,140.23,2,0.058,264.19,196.45,0.2564,0,0.0,C569555936
O8669490992,2025-05-26,华中,郑州,数码,耳机,数-耳-489,直播,支付宝,159.8,3,0.067,447.28,343.74,0.2315,0,0.0,C733522590
O4740895611,2025-05-26,华南,厦门,美妆,香氛,美-香-222,自然搜索,微信支付,152.51,4,0.103,573.36,305.54,0.4671,0,0.0,C919047017
O2719763792,2025-05-26,华南,厦门,服饰,上衣,服-上-724,信息流广告,支付宝,101.32,4,0.054,401.72,224.69,0.4407,0,0.0,C646228180
O3662834861,2025-05-26,华中,南昌,家居,厨具,家-厨-891,私域,微信支付,68.61,4,0.028,266.76,145.72,0.4537,0,0.0,C347345515
O0491890462,2025-05-26,华中,南昌,家居,清洁,家-清-392,直播,支付宝,37.25,3,0.074,103.48,62.75,0.3936,0,0.0,C137483676
O3224221920,2025-05-26,华中,武汉,美妆,护肤,美-护-417,站内推荐,支付宝,190.83,1,0.046,182.05,102.38,0.4376,0,0.0,C351496383
O8202920086,2025-05-26,华东,上海,数码,耳机,数-耳-461,私域,微信支付,184.53,1,0.101,165.89,115.04,0.3065,0,0.0,C160687135
O1453586469,2025-05-26,华中,郑州,美妆,护肤,美-护-244,自然搜索,支付宝,164.0,3,0.052,466.42,259.56,0.4435,0,0.0,C050978540
O4443529288,2025-05-26,华东,苏州,服饰,裤装,服-裤-481,私域,银行卡,111.56,1,0.037,107.43,61.65,0.4261,0,0.0,C419531365
O7154093200,2025-05-26,华中,长沙,美妆,护肤,美-护-838,线下导流,微信支付,166.17,1,0.074,153.87,92.13,0.4012,0,0.0,C172463449
O4737816532,2025-05-27,华东,宁波,家居,清洁,家-清-579,站内推荐,支付宝,71.77,2,0.049,136.51,88.48,0.3518,0,0.0,C683387751
O7575030099,2025-05-27,华东,杭州,家居,收纳,家-收-994,站内推荐,支付宝,95.5,2,0.13,166.17,96.33,0.4203,0,0.0,C142463805
O5731905163,2025-05-27,西南,昆明,家居,厨具,家-厨-341,线下导流,支付宝,78.44,1,0.124,73.67,46.05,0.3749,0,0.0,C014158297
O3210079952,2025-05-27,华北,石家庄,数码,智能穿戴,数-智-611,直播,微信支付,280.31,3,0.103,754.31,510.54,0.3232,0,0.0,C894283581
O9514644365,2025-05-27,西南,重庆,家居,收纳,家-收-440,站内推荐,银行卡,99.81,3,0.033,310.45,185.63,0.4021,0,0.0,C702876446
O7690046867,2025-05-27,华南,佛山,美妆,彩妆,美-彩-810,私域,银行卡,212.63,3,0.104,599.06,317.66,0.4697,0,0.0,C351611191
O4617414958,2025-05-27,华东,杭州,家居,清洁,家-清-941,信息流广告,支付宝,84.96,2,0.098,153.27,98.92,0.3546,0,0.0,C820643119
O1244183352,2025-05-27,东北,大连,家居,收纳,家-收-344,自然搜索,支付宝,57.18,1,0.08,51.55,30.24,0.4134,0,0.0,C698301264
O8630982090,2025-05-27,华北,天津,美妆,护肤,美-护-608,自然搜索,微信支付,128.79,3,0.056,364.73,192.65,0.4718,0,0.0,C096667577
O0676318442,2025-05-27,华北,天津,食品,饮料,食-饮-338,站内推荐,支付宝,52.41,1,0.037,50.47,37.26,0.2617,0,0.0,C796771424
O3687483993,2025-05-27,华北,太原,数码,配件,数-配-637,私域,微信支付,179.56,3,0.051,511.21,367.73,0.2807,0,0.0,C692754647
O0868023763,2025-05-27,华东,上海,美妆,彩妆,美-彩-463,线下导流,支付宝,125.05,4,0.057,471.69,264.49,0.4393,0,0.0,C241987462
O9315162679,2025-05-27,华北,北京,家居,收纳,家-收-167,自然搜索,支付宝,93.65,2,0.041,179.62,113.95,0.3656,0,0.0,C193195531
O5493316508,2025-05-27,华中,武汉,美妆,彩妆,美-彩-731,自然搜索,支付宝,132.4,1,0.085,121.15,67.29,0.4446,0,0.0,C997184826
O3768496339,2025-05-27,华南,厦门,食品,速食,食-速-940,直播,支付宝,56.44,3,0.104,159.01,106.9,0.3277,0,0.0,C101675410
O5606718442,2025-05-27,华东,宁波,服饰,鞋靴,服-鞋-422,自然搜索,微信支付,158.61,4,0.052,601.45,314.64,0.4769,0,0.0,C819526728
O0464605859,2025-05-27,西北,西安,服饰,上衣,服-上-685,站内推荐,支付宝,192.71,3,0.043,553.27,326.97,0.409,0,0.0,C434334202
O0869787351,2025-05-27,东北,哈尔滨,数码,耳机,数-耳-434,私域,支付宝,278.76,3,0.005,815.41,622.98,0.236,0,0.0,C865662666
O2921506887,2025-05-27,华东,宁波,数码,耳机,数-耳-451,站内推荐,微信支付,166.66,4,0.048,634.64,454.25,0.2842,0,0.0,C729705413
O8595102560,2025-05-27,华北,北京,服饰,鞋靴,服-鞋-216,自然搜索,微信支付,146.43,1,0.098,132.08,65.36,0.5051,0,0.0,C283732626
O4321355611,2025-05-28,西北,西安,美妆,护肤,美-护-853,站内推荐,支付宝,192.03,3,0.04,553.05,328.3,0.4064,0,0.0,C166556379
O6708245892,2025-05-28,华北,天津,家居,收纳,家-收-413,私域,支付宝,76.57,2,0.066,143.03,91.01,0.3637,0,0.0,C464075169
O6009301027,2025-05-28,华中,郑州,家居,清洁,家-清-350,线下导流,微信支付,106.56,2,0.068,198.63,115.3,0.4195,0,0.0,C805689878
O4759163037,2025-05-28,华中,南昌,数码,耳机,数-耳-955,信息流广告,支付宝,226.79,3,0.06,639.55,431.7,0.325,0,0.0,C162417853
O1928183705,2025-05-28,东北,哈尔滨,数码,耳机,数-耳-496,信息流广告,微信支付,152.92,3,0.089,409.49,302.86,0.2604,0,0.0,C814895091
O0406154115,2025-05-28,华中,武汉,家居,清洁,家-清-535,信息流广告,微信支付,72.62,1,0.083,66.59,41.01,0.3841,0,0.0,C297334844
O2578647726,2025-05-28,华北,石家庄,服饰,鞋靴,服-鞋-142,站内推荐,支付宝,104.11,3,0.062,292.97,169.65,0.4209,0,0.0,C732602640
O0297951975,2025-05-28,华东,南京,服饰,上衣,服-上-553,信息流广告,微信支付,150.49,1,0.114,133.33,78.77,0.4092,0,0.0,C727710872
O0187058273,2025-05-28,华东,南京,家居,收纳,家-收-141,站内推荐,微信支付,37.36,4,0.056,141.07,82.64,0.4142,0,0.0,C123039103
O0369168920,2025-05-28,西南,昆明,家居,厨具,家-厨-857,自然搜索,支付宝,72.34,3,0.012,230.0,152.34,0.3377,0,0.0,C982152519
O2313358185,2025-05-28,华东,南京,美妆,护肤,美-护-778,自然搜索,支付宝,126.93,4,0.045,484.87,278.2,0.4262,0,0.0,C940208586
O1531845673,2025-05-28,华东,杭州,食品,速食,食-速-897,自然搜索,微信支付,61.71,2,0.092,112.07,69.14,0.3831,0,0.0,C052988799
O2712655846,2025-05-28,华北,北京,美妆,护肤,美-护-935,直播,支付宝,123.61,3,0.096,335.23,180.93,0.4603,0,0.0,C615511244
O8970247781,2025-05-28,华南,广州,食品,速食,食-速-683,私域,货到付款,51.2,3,0.086,147.19,103.74,0.2952,0,0.0,C573368440
O9499207187,2025-05-28,东北,大连,美妆,护肤,美-护-516,站内推荐,微信支付,216.59,1,0.012,209.67,107.47,0.4874,0,0.0,C057081501
O1782296899,2025-05-29,华东,宁波,数码,耳机,数-耳-644,直播,银行卡,251.42,3,0.123,661.49,455.28,0.3117,0,0.0,C869354339
O4153122358,2025-05-29,华南,广州,食品,速食,食-速-547,信息流广告,支付宝,45.32,4,,173.2,105.63,0.3901,0,0.0,C952146517
O8552646633,2025-05-29,华北,太原,食品,速食,食-速-280,信息流广告,微信支付,68.99,2,0.07,128.32,85.78,0.3315,0,0.0,C338318232
O9883254307,2025-05-29,西北,乌鲁木齐,家居,清洁,家-清-297,信息流广告,微信支付,91.09,2,,160.32,100.37,0.3739,0,0.0,C518915623
O8636509448,2025-05-29,华南,厦门,服饰,上衣,服-上-782,信息流广告,支付宝,118.76,4,0.069,463.84,257.86,0.4441,0,0.0,C758756198
O6935016433,2025-05-29,华中,长沙,数码,配件,数-配-601,自然搜索,微信支付,157.25,1,0.046,150.02,107.25,0.2851,1,119.02,C548289514
O8495788678,2025-05-29,华北,石家庄,数码,智能穿戴,数-智-337,自然搜索,支付宝,175.68,1,0.033,169.88,122.16,0.2809,0,0.0,C655258844
O2369702193,2025-05-29,华东,苏州,数码,耳机,数-耳-404,私域,微信支付,242.65,4,0.031,940.51,734.61,0.2189,0,0.0,C552340896
O8639995654,2025-05-29,华东,杭州,美妆,彩妆,美-彩-505,站内推荐,支付宝,173.39,3,0.084,476.48,244.55,0.4868,0,0.0,C501544960
O3112861022,2025-05-29,华东,宁波,数码,智能穿戴,数-智-617,站内推荐,货到付款,140.2,4,0.069,522.1,387.06,0.2586,0,0.0,C917332664
O8148287509,2025-05-29,东北,哈尔滨,服饰,裤装,服-裤-623,站内推荐,支付宝,104.14,1,0.048,97.13,53.64,0.4478,0,0.0,C466415501
O1315035486,2025-05-29,华北,北京,家居,厨具,家-厨-827,直播,微信支付,87.17,1,0.109,77.67,53.7,0.3086,0,0.0,C853269924
O2427426849,2025-05-29,东北,大连,家居,厨具,家-厨-381,自然搜索,支付宝,97.82,2,0.036,184.76,117.47,0.3642,0,0.0,C344975309
O5620836096,2025-05-30,华北,北京,食品,零食,食-零-188,线下导流,支付宝,38.33,2,0.049,72.9,54.81,0.2481,0,0.0,C494326457
O1863160111,2025-05-30,西南,昆明,美妆,香氛,美-香-668,站内推荐,支付宝,200.99,1,0.044,206.3,119.62,0.4202,0,0.0,C038229405
O3184609372,2025-05-30,华中,郑州,家居,清洁,家-清-597,信息流广告,支付宝,66.06,3,0.064,185.5,118.8,0.3596,0,0.0,C140540455
O8658765226,2025-05-30,西南,重庆,食品,零食,食-零-201,直播,支付宝,39.27,2,0.113,74.8,56.59,0.2434,0,0.0,C367006956
O2111077731,2025-05-30,华东,杭州,美妆,彩妆,美-彩-158,自然搜索,微信支付,98.25,4,0.117,347.02,196.42,0.434,0,0.0,C189068826
O7347496761,2025-05-30,东北,长春,家居,清洁,家-清-179,私域,支付宝,69.39,1,0.097,61.38,39.08,0.3633,0,0.0,C465598221
O0932560340,2025-05-30,华北,石家庄,服饰,裤装,服-裤-361,自然搜索,支付宝,138.28,4,0.061,519.38,320.95,0.3821,0,0.0,C518515342
O6861050779,2025-05-30,华东,杭州,食品,饮料,食-饮-887,线下导流,微信支付,53.88,2,0.102,96.77,67.82,0.2992,0,0.0,C069179040
O9795792774,2025-05-30,华东,南京,美妆,护肤,美-护-575,自然搜索,支付宝,161.03,2,0.073,298.55,169.08,0.4337,0,0.0,C564544443
O9881096576,2025-05-30,华北,天津,美妆,护肤,美-护-330,线下导流,银行卡,164.51,4,0.043,629.74,377.86,0.4,0,0.0,C035081410
O5774740808,2025-05-30,华南,广州,食品,饮料,食-饮-856,站内推荐,微信支付,68.6,4,0.037,277.23,171.6,0.381,0,0.0,C809663104
O7601467484,2025-05-30,华东,杭州,家居,厨具,家-厨-983,站内推荐,支付宝,52.44,2,0.068,97.75,58.49,0.4016,0,0.0,C526927455
O4967950831,2025-05-30,华南,广州,数码,智能穿戴,数-智-867,线下导流,支付宝,203.84,3,0.019,629.37,442.02,0.2977,0,0.0,C294575109
O1886984941,2025-05-30,华东,上海,服饰,鞋靴,服-鞋-266,站内推荐,微信支付,164.23,3,0.044,471.01,251.17,0.4667,1,404.15,C161890117
O4292869450,2025-05-30,东北,沈阳,食品,饮料,食-饮-921,自然搜索,微信支付,37.58,4,0.099,132.67,86.76,0.346,0,0.0,C353149931
O4991607017,2025-05-30,西南,昆明,数码,配件,数-配-122,直播,支付宝,147.79,3,0.105,426.05,310.85,0.2704,0,0.0,C334467958
O5983257935,2025-05-30,华中,郑州,数码,配件,数-配-886,信息流广告,微信支付,179.43,4,0.04,689.01,596.56,0.1342,0,0.0,C175624033
O7016295636,2025-05-30,西北,乌鲁木齐,食品,速食,食-速-643,信息流广告,支付宝,43.26,1,0.049,41.14,30.95,0.2477,0,0.0,C240473082
O0989209168,2025-05-30,华南,厦门,服饰,裤装,服-裤-204,私域,支付宝,123.19,1,0.065,120.84,73.22,0.3941,0,0.0,C069922258
O3622056374,2025-05-30,华南,厦门,家居,厨具,家-厨-896,自然搜索,微信支付,70.96,4,0.098,268.6,148.55,0.4469,0,0.0,C208842543
O1411576904,2025-05-30,华东,苏州,数码,配件,数-配-337,直播,微信支付,172.48,4,0.151,585.74,435.34,0.2568,0,0.0,C037520149
O9845269445,2025-05-31,华东,杭州,美妆,香氛,美-香-134,直播,银行卡,225.27,2,0.085,412.24,223.18,0.4586,0,0.0,C854408383
O8094377760,2025-05-31,华东,杭州,美妆,护肤,美-护-290,自然搜索,微信支付,176.29,2,0.022,344.82,188.81,0.4524,0,0.0,C368638513
O7974754470,2025-05-31,华南,厦门,数码,耳机,数-耳-183,私域,银行卡,100.86,4,0.007,420.43,304.28,0.2763,0,0.0,C916925506
O2995879428,2025-05-31,东北,哈尔滨,美妆,护肤,美-护-354,自然搜索,微信支付,202.36,4,0.121,696.84,409.03,0.413,0,0.0,C456893383
O0066951500,2025-05-31,华北,天津,家居,清洁,家-清-268,直播,支付宝,78.1,2,0.106,139.64,84.25,0.3967,1,111.49,C219650116
O2550209088,2025-05-31,华东,苏州,服饰,裤装,服-裤-188,站内推荐,微信支付,127.72,2,0.054,241.65,130.18,0.4613,0,0.0,C689827213
O7616991212,2025-05-31,华东,南京,食品,零食,食-零-954,站内推荐,支付宝,43.71,4,0.129,152.29,104.22,0.3156,0,0.0,C905984546
O4929073685,2025-05-31,华南,佛山,数码,耳机,数-耳-287,私域,支付宝,251.31,3,0.075,731.87,568.89,0.2227,0,0.0,C292518934
O7464788626,2025-05-31,东北,长春,数码,耳机,数-耳-160,直播,支付宝,197.48,2,0.143,331.51,255.27,0.23,0,0.0,C628740727
O1613154639,2025-05-31,东北,大连,家居,厨具,家-厨-499,直播,支付宝,101.25,3,0.153,251.98,152.37,0.3953,0,0.0,C020820788
O2073068681,2025-05-31,华东,杭州,数码,耳机,数-耳-502,信息流广告,微信支付,223.24,3,0.104,600.07,423.87,0.2936,0,0.0,C835268924
O0047685188,2025-05-31,东北,哈尔滨,服饰,鞋靴,服-鞋-882,直播,微信支付,129.28,4,0.138,436.57,215.53,0.5063,1,293.64,C285319647
O4423349360,2025-05-31,华北,北京,家居,清洁,家-清-208,私域,微信支付,62.86,4,0.05,238.87,148.35,0.379,0,0.0,C066753091
O2653907616,2025-05-31,华北,太原,美妆,彩妆,美-彩-590,信息流广告,货到付款,128.1,1,0.068,119.39,62.51,0.4764,0,0.0,C925300167
O8408999960,2025-05-31,华东,宁波,美妆,香氛,美-香-291,直播,货到付款,193.38,1,0.163,161.86,92.21,0.4303,0,0.0,C701692153
O5311170563,2025-05-31,东北,哈尔滨,数码,配件,数-配-862,自然搜索,微信支付,224.33,2,0.088,400.75,290.19,0.2759,0,0.0,C624011032
O3147188217,2025-05-31,华东,苏州,家居,厨具,家-厨-803,线下导流,微信支付,66.26,2,0.033,128.15,79.08,0.3829,0,0.0,C761522591
O9779412250,2025-05-31,华东,杭州,家居,收纳,家-收-692,自然搜索,银行卡,80.13,2,0.056,151.29,94.68,0.3742,0,0.0,C374351076
O9880256690,2025-06-01,华南,深圳,家居,厨具,家-厨-969,自然搜索,微信支付,68.84,3,0.073,211.02,126.76,0.3993,0,0.0,C205263236
O1082351764,2025-06-01,华东,宁波,食品,速食,食-速-949,线下导流,微信支付,51.9,1,0.001,54.44,36.42,0.331,0,0.0,C326949408
O4883962816,2025-06-01,西南,重庆,食品,饮料,食-饮-961,信息流广告,银行卡,36.78,2,0.072,77.03,49.62,0.3558,0,0.0,C975812672
O2600747483,2025-06-01,华北,石家庄,食品,饮料,食-饮-470,自然搜索,银行卡,31.83,3,0.16,84.22,57.08,0.3223,0,0.0,C421110347
O1536837308,2025-06-01,华北,石家庄,数码,耳机,数-耳-544,私域,支付宝,183.28,2,0.114,341.01,261.81,0.2323,0,0.0,C563485151
O5909704022,2025-06-01,华中,武汉,家居,厨具,家-厨-291,站内推荐,支付宝,91.98,1,0.037,93.01,59.37,0.3617,0,0.0,C617795376
O5713950580,2025-06-01,华南,厦门,食品,速食,食-速-590,站内推荐,微信支付,54.71,3,0.076,167.17,107.29,0.3582,0,0.0,C144115507
O3681064040,2025-06-01,西北,兰州,家居,收纳,家-收-346,线下导流,支付宝,31.77,2,0.059,62.78,39.73,0.3672,0,0.0,C984890522
O1678364277,2025-06-01,华东,宁波,家居,清洁,家-清-811,直播,支付宝,72.18,2,0.076,140.06,90.71,0.3523,0,0.0,C586778609
O8226556916,2025-06-01,东北,哈尔滨,食品,零食,食-零-673,直播,微信支付,59.96,3,0.145,158.14,113.73,0.2808,0,0.0,C743573100
O0514447314,2025-06-01,华东,苏州,美妆,护肤,美-护-231,站内推荐,微信支付,168.38,2,0.028,343.7,185.2,0.4612,0,0.0,C837415476
O5061618549,2025-06-01,华东,上海,服饰,裤装,服-裤-527,信息流广告,微信支付,67.47,1,0.074,65.6,36.15,0.4489,0,0.0,C929439884
O1726660867,2025-06-01,西北,西安,数码,配件,数-配-133,信息流广告,微信支付,167.75,2,0.106,314.93,228.52,0.2744,0,0.0,C757233357
O6950477770,2025-06-01,华中,武汉,数码,耳机,数-耳-401,信息流广告,支付宝,236.62,1,0.091,225.84,163.23,0.2772,0,0.0,C694528395
O8920658515,2025-06-01,华北,北京,数码,配件,数-配-468,站内推荐,支付宝,209.76,3,0.125,578.15,441.12,0.237,0,0.0,C387871812
O6915482336,2025-06-01,东北,沈阳,家居,收纳,家-收-680,信息流广告,微信支付,52.53,1,0.111,48.02,30.36,0.3678,0,0.0,C246221198
O4259257584,2025-06-01,华北,北京,美妆,香氛,美-香-381,线下导流,支付宝,193.99,2,0.077,376.01,189.64,0.4957,0,0.0,C730317477
O8327453025,2025-06-01,华南,厦门,服饰,鞋靴,服-鞋-541,私域,支付宝,147.8,2,0.055,307.91,179.35,0.4175,0,0.0,C258181462
O3008471155,2025-06-01,华南,深圳,美妆,香氛,美-香-359,站内推荐,微信支付,143.01,4,0.047,600.91,300.89,0.4993,0,0.0,C402112678
O2204806585,2025-06-01,华中,长沙,家居,清洁,家-清-103,线下导流,支付宝,92.1,2,0.045,184.71,106.51,0.4234,1,111.99,C867435171
O1897997328,2025-06-01,华东,上海,家居,收纳,家-收-985,直播,支付宝,77.11,3,0.077,224.19,131.85,0.4119,0,0.0,C478962080
O8308614224,2025-06-01,华南,厦门,服饰,上衣,服-上-488,站内推荐,支付宝,109.5,1,0.111,107.3,58.93,0.4508,0,0.0,C020981525
O2287833807,2025-06-01,华东,苏州,家居,厨具,家-厨-203,自然搜索,微信支付,74.99,2,0.054,148.98,100.88,0.3229,0,0.0,C639233334
O3660836394,2025-06-02,华北,太原,服饰,上衣,服-上-354,线下导流,货到付款,91.28,2,0.04,184.02,109.43,0.4053,0,0.0,C890468763
O9239981132,2025-06-02,东北,沈阳,数码,配件,数-配-872,信息流广告,支付宝,121.08,1,0.138,107.3,78.97,0.264,0,0.0,C395278404
O9342387581,2025-06-02,华北,天津,数码,智能穿戴,数-智-810,直播,支付宝,192.4,1,0.082,185.45,136.91,0.2617,0,0.0,C846879210
O0277975340,2025-06-02,华北,石家庄,食品,饮料,食-饮-263,自然搜索,微信支付,47.13,4,0.069,184.29,131.18,0.2882,0,0.0,C606698762
O8473090859,2025-06-02,华北,太原,数码,耳机,数-耳-135,私域,微信支付,257.77,2,0.035,522.37,391.9,0.2498,0,0.0,C500047685
O9033727308,2025-06-02,华东,上海,家居,厨具,家-厨-295,信息流广告,支付宝,52.2,2,0.074,101.51,61.81,0.3911,0,0.0,C146065718
O2642567138,2025-06-02,华南,深圳,数码,智能穿戴,数-智-200,信息流广告,微信支付,49.28,2,0.077,100.31,72.81,0.2742,0,0.0,C887022341
O5696769937,2025-06-02,华北,北京,服饰,鞋靴,服-鞋-476,站内推荐,微信支付,121.99,2,0.062,240.3,152.14,0.3669,0,0.0,C655899330
O4751582918,2025-06-02,西北,银川,家居,收纳,家-收-456,线下导流,微信支付,116.85,4,0.035,473.59,294.1,0.379,0,0.0,C372664891
O5409455514,2025-06-02,西南,昆明,数码,耳机,数-耳-134,私域,支付宝,223.29,1,0.078,232.42,160.4,0.3099,0,0.0,C474861847
O4667577557,2025-06-02,东北,大连,美妆,香氛,美-香-362,线下导流,微信支付,175.63,2,0.029,350.65,190.31,0.4573,0,0.0,C198597446
O9040946823,2025-06-02,华北,天津,家居,清洁,家-清-744,私域,微信支付,54.81,2,0.091,104.63,66.6,0.3635,0,0.0,C691421141
O6710742542,2025-06-02,华北,石家庄,数码,耳机,数-耳-269,线下导流,微信支付,246.84,2,0.074,480.01,385.53,0.1968,0,0.0,C407956749
O5314356759,2025-06-02,西南,重庆,美妆,护肤,美-护-466,站内推荐,微信支付,181.47,4,0.117,723.59,396.83,0.4516,0,0.0,C969981612
O0379962310,2025-06-02,华北,太原,食品,饮料,食-饮-710,自然搜索,微信支付,59.56,4,0.037,240.9,157.62,0.3457,0,0.0,C174520440
O7154570832,2025-06-02,华东,南京,食品,饮料,食-饮-663,信息流广告,微信支付,41.59,2,0.074,80.88,50.33,0.3777,0,0.0,C598455681
O0165403867,2025-06-02,西南,重庆,服饰,鞋靴,服-鞋-221,私域,微信支付,114.96,1,0.082,119.14,66.6,0.441,0,0.0,C045770804
O6776821311,2025-06-02,华南,广州,家居,清洁,家-清-719,自然搜索,货到付款,67.11,1,0.073,68.59,41.89,0.3893,0,0.0,C058069416
O9975370162,2025-06-02,华北,北京,数码,配件,数-配-249,站内推荐,微信支付,217.84,3,0.026,668.35,588.03,0.1202,0,0.0,C493467939
O4296460611,2025-06-02,西南,成都,数码,配件,数-配-909,站内推荐,微信支付,159.85,1,0.078,166.38,128.52,0.2276,0,0.0,C641065227
O4996035705,2025-06-02,华中,南昌,美妆,彩妆,美-彩-201,自然搜索,银行卡,103.74,1,0.045,104.03,58.85,0.4343,0,0.0,C605447071
O7186682431,2025-06-02,华南,厦门,家居,收纳,家-收-469,自然搜索,支付宝,84.23,4,0.047,354.03,260.57,0.264,0,0.0,C552738737
O1058778520,2025-06-03,西南,重庆,数码,耳机,数-耳-318,直播,支付宝,268.59,3,0.165,759.91,479.86,0.3685,0,0.0,C968731885
O9406932528,2025-06-03,华中,南昌,食品,速食,食-速-950,自然搜索,支付宝,41.96,1,0.089,40.14,25.67,0.3605,0,0.0,C486447248
O1625272460,2025-06-03,西南,贵阳,数码,耳机,数-耳-547,信息流广告,微信支付,254.26,4,0.058,1082.06,851.09,0.2135,0,0.0,C908654373
O0351322660,2025-06-03,华中,郑州,家居,清洁,家-清-161,直播,微信支付,87.19,1,0.12,80.56,49.81,0.3817,0,0.0,C680777973
O2813424993,2025-06-03,西南,成都,服饰,裤装,服-裤-145,直播,银行卡,107.87,2,0.11,216.86,126.74,0.4156,0,0.0,C492526027
O0975824229,2025-06-03,华南,深圳,服饰,鞋靴,服-鞋-748,自然搜索,微信支付,85.3,3,0.085,258.26,171.49,0.336,0,0.0,C922019108
O8955906240,2025-06-03,华东,苏州,服饰,裤装,服-裤-267,信息流广告,支付宝,106.14,2,0.112,197.93,124.49,0.371,0,0.0,C355392253
O9784340780,2025-06-03,华东,南京,美妆,彩妆,美-彩-696,私域,支付宝,142.4,3,0.028,436.0,266.37,0.3891,0,0.0,C865709873
O7207108092,2025-06-03,华北,北京,数码,配件,数-配-460,站内推荐,微信支付,142.62,1,0.088,136.57,102.93,0.2463,0,0.0,C960799821
O8429512319,2025-06-03,华北,太原,服饰,鞋靴,服-鞋-863,信息流广告,微信支付,140.34,4,0.08,542.27,281.18,0.4815,0,0.0,C692863317
O6180245865,2025-06-03,华中,南昌,美妆,香氛,美-香-403,私域,支付宝,120.44,3,0.067,353.97,195.51,0.4477,0,0.0,C107545845
O1291777101,2025-06-03,华中,武汉,数码,耳机,数-耳-618,直播,微信支付,229.48,2,0.1,433.72,291.78,0.3273,0,0.0,C807394448
O1934685772,2025-06-03,华南,佛山,家居,清洁,家-清-647,私域,微信支付,87.05,1,0.123,84.2,52.06,0.3817,0,0.0,C385252040
O1536445560,2025-06-04,东北,沈阳,服饰,裤装,服-裤-569,信息流广告,微信支付,122.61,3,0.079,348.19,226.42,0.3497,0,0.0,C812703678
O1398017274,2025-06-04,华南,厦门,美妆,护肤,美-护-213,站内推荐,微信支付,179.05,4,0.041,757.79,382.55,0.4952,0,0.0,C222601836
O7335935733,2025-06-04,华东,南京,美妆,护肤,美-护-892,自然搜索,支付宝,171.62,3,0.092,490.87,253.58,0.4834,0,0.0,C340069898
O0436696211,2025-06-04,华中,南昌,服饰,鞋靴,服-鞋-176,直播,货到付款,119.15,2,0.112,222.19,134.22,0.3959,0,0.0,C653717619
O8200451330,2025-06-04,西南,昆明,家居,收纳,家-收-825,自然搜索,微信支付,75.96,2,0.06,161.36,95.56,0.4078,0,0.0,C637008334
O4990062660,2025-06-04,西南,昆明,服饰,上衣,服-上-629,信息流广告,微信支付,147.14,2,0.031,322.22,172.72,0.464,0,0.0,C884957269
O0631264895,2025-06-04,西南,重庆,美妆,护肤,美-护-573,直播,支付宝,172.91,1,0.046,186.39,115.26,0.3816,0,0.0,C643608620
O3529669658,2025-06-04,西南,成都,家居,收纳,家-收-841,站内推荐,支付宝,49.4,2,0.0,111.64,69.53,0.3772,0,0.0,C192958375
O1644740013,2025-06-04,华北,太原,服饰,鞋靴,服-鞋-429,直播,支付宝,189.91,3,0.07,556.34,322.11,0.421,0,0.0,C817013687
O9215676484,2025-06-04,华东,宁波,数码,智能穿戴,数-智-188,线下导流,支付宝,251.1,4,0.066,985.02,713.95,0.2752,0,0.0,C699448570
O3028381360,2025-06-04,华东,杭州,家居,收纳,家-收-590,信息流广告,银行卡,83.1,1,0.058,82.19,54.32,0.3391,0,0.0,C384919835
O2426689662,2025-06-04,华南,深圳,服饰,鞋靴,服-鞋-138,自然搜索,银行卡,113.44,4,0.058,471.6,246.62,0.4771,0,0.0,C256355404
O2585931485,2025-06-04,华东,南京,数码,配件,数-配-610,站内推荐,微信支付,250.44,1,0.035,253.76,192.52,0.2413,0,0.0,C682791199
O2429495171,2025-06-04,华南,佛山,食品,速食,食-速-572,自然搜索,支付宝,40.0,3,0.008,131.34,93.8,0.2858,0,0.0,C895347305
O7767774758,2025-06-05,华东,杭州,服饰,裤装,服-裤-778,直播,微信支付,145.71,3,0.096,414.92,250.03,0.3974,0,0.0,C408508017
O5462805496,2025-06-05,华南,深圳,服饰,鞋靴,服-鞋-750,私域,微信支付,179.71,2,0.07,368.91,237.11,0.3573,1,292.11,C342040690
O0069712865,2025-06-05,华东,南京,数码,智能穿戴,数-智-140,直播,支付宝,209.55,4,0.104,788.58,607.59,0.2295,0,0.0,C178394091
O8366192516,2025-06-05,华北,北京,食品,饮料,食-饮-213,自然搜索,支付宝,43.25,2,0.036,87.56,61.43,0.2984,0,0.0,C024045937
O6255564137,2025-06-05,西北,银川,食品,速食,食-速-458,信息流广告,微信支付,41.77,1,0.019,43.03,30.16,0.2991,0,0.0,C967174767
O3531759952,2025-06-05,华南,厦门,美妆,护肤,美-护-334,直播,银行卡,149.31,2,0.117,291.01,176.37,0.3939,0,0.0,C301418812
O7079596551,2025-06-05,华南,广州,美妆,香氛,美-香-575,直播,微信支付,175.05,1,0.077,178.32,96.52,0.4587,0,0.0,C008162368
O2165298393,2025-06-05,华东,上海,美妆,护肤,美-护-331,自然搜索,支付宝,133.94,3,0.059,397.02,223.94,0.4359,0,0.0,C452616931
O9886760186,2025-06-05,华南,厦门,数码,耳机,数-耳-843,站内推荐,支付宝,156.95,1,0.043,165.77,120.83,0.2711,0,0.0,C375946949
O3397367939,2025-06-05,华东,宁波,数码,配件,数-配-758,自然搜索,微信支付,241.01,3,0.05,721.22,515.19,0.2857,0,0.0,C746590780
O3106372522,2025-06-05,西南,贵阳,服饰,上衣,服-上-677,私域,支付宝,152.14,1,0.054,162.7,92.06,0.4342,0,0.0,C950983247
O1851608489,2025-06-05,华东,南京,数码,智能穿戴,数-智-721,信息流广告,支付宝,281.74,1,0.069,275.41,211.36,0.2326,0,0.0,C410317071
O1545888008,2025-06-06,华东,宁波,服饰,鞋靴,服-鞋-635,私域,微信支付,93.96,1,0.051,93.63,54.37,0.4193,1,56.97,C800350429
O0990896947,2025-06-06,华东,宁波,家居,厨具,家-厨-649,私域,支付宝,48.47,2,0.012,100.57,62.01,0.3834,0,0.0,C727411787
O3202107614,2025-06-06,东北,沈阳,美妆,香氛,美-香-487,直播,银行卡,212.81,4,0.092,794.18,434.53,0.4529,0,0.0,C822736105
O6225623434,2025-06-06,西南,重庆,家居,清洁,家-清-814,信息流广告,微信支付,106.76,2,0.027,234.97,142.48,0.3936,0,0.0,C038446342
O0272418002,2025-06-06,华北,北京,家居,清洁,家-清-556,信息流广告,支付宝,119.54,1,0.107,112.09,62.72,0.4404,1,98.03,C336601337
O4889507466,2025-06-06,西南,贵阳,食品,饮料,食-饮-171,线下导流,支付宝,82.25,1,0.047,88.65,55.77,0.3709,0,0.0,C017528823
O3344224960,2025-06-06,华北,太原,家居,收纳,家-收-336,线下导流,支付宝,49.7,4,0.031,202.27,120.6,0.4038,0,0.0,C075535569
O8191472951,2025-06-06,西南,贵阳,数码,配件,数-配-342,站内推荐,支付宝,130.62,1,0.06,138.87,95.65,0.3112,0,0.0,C032065084
O7059787276,2025-06-06,华北,太原,家居,收纳,家-收-712,信息流广告,微信支付,48.65,3,0.06,144.05,97.44,0.3236,0,0.0,C511426310
O6082407810,2025-06-06,东北,哈尔滨,食品,速食,食-速-215,自然搜索,微信支付,50.75,3,0.054,147.99,104.31,0.2952,0,0.0,C658278806
O5365218683,2025-06-06,华北,石家庄,数码,配件,数-配-272,私域,支付宝,245.11,3,0.007,766.69,604.4,0.2117,0,0.0,C958796705
O8035756513,2025-06-06,华北,太原,数码,配件,数-配-390,私域,支付宝,177.47,2,0.056,351.82,246.17,0.3003,0,0.0,C332913461
O6598663407,2025-06-06,华东,上海,服饰,上衣,服-上-824,站内推荐,货到付款,82.62,4,0.049,330.0,195.61,0.4072,0,0.0,C125607167
O9345874651,2025-06-06,华北,北京,美妆,香氛,美-香-462,站内推荐,银行卡,180.35,3,0.113,503.91,273.04,0.4582,0,0.0,C325976532
O5254650033,2025-06-07,华东,宁波,食品,零食,食-零-924,私域,支付宝,64.25,4,0.07,250.96,181.77,0.2757,0,0.0,C479732325
O4602925378,2025-06-07,华北,石家庄,服饰,上衣,服-上-591,私域,支付宝,134.93,1,0.064,132.61,77.8,0.4133,0,0.0,C403023103
O0199434653,2025-06-07,华东,上海,食品,饮料,食-饮-658,信息流广告,微信支付,61.37,1,0.087,58.83,39.34,0.3313,1,35.33,C242401934
O1832304745,2025-06-07,华南,深圳,数码,配件,数-配-815,信息流广告,微信支付,168.99,1,0.102,167.59,111.31,0.3358,0,0.0,C389566898
O6086838845,2025-06-07,华南,厦门,服饰,鞋靴,服-鞋-579,站内推荐,银行卡,160.6,3,0.063,498.55,292.25,0.4138,1,323.12,C376144462
O9121780624,2025-06-07,华南,深圳,美妆,护肤,美-护-713,自然搜索,微信支付,114.09,3,0.059,355.68,167.32,0.5296,0,0.0,C317345516
O7053678890,2025-06-07,华中,郑州,家居,清洁,家-清-498,自然搜索,微信支付,100.72,1,0.025,103.11,61.4,0.4045,1,101.19,C187724668
O5596992336,2025-06-07,华南,广州,家居,收纳,家-收-106,自然搜索,微信支付,82.1,1,0.068,84.5,52.77,0.3755,0,0.0,C540419814
O9369865210,2025-06-07,华北,北京,美妆,香氛,美-香-418,信息流广告,银行卡,171.69,4,0.104,646.1,378.05,0.4149,0,0.0,C043556111
O9493799819,2025-06-07,华南,厦门,食品,零食,食-零-687,私域,货到付款,54.36,4,0.059,225.96,150.76,0.3328,0,0.0,C125179234
O8056994186,2025-06-07,华东,宁波,美妆,香氛,美-香-143,线下导流,银行卡,147.67,1,0.055,146.53,69.1,0.5284,0,0.0,C570043124
O9093477893,2025-06-07,华东,上海,数码,耳机,数-耳-620,私域,支付宝,188.43,3,0.054,561.5,406.3,0.2764,0,0.0,C667292781
O7916657960,2025-06-07,西北,西安,数码,配件,数-配-735,线下导流,微信支付,235.83,4,0.043,947.9,710.72,0.2502,0,0.0,C552751708
O3900318102,2025-06-07,华南,厦门,服饰,鞋靴,服-鞋-659,信息流广告,支付宝,62.99,2,0.131,120.9,76.17,0.37,0,0.0,C512598220
O1434973532,2025-06-07,华北,石家庄,食品,饮料,食-饮-450,自然搜索,支付宝,59.51,4,0.045,238.69,169.55,0.2897,0,0.0,C412576921
O9548551209,2025-06-08,华中,郑州,数码,智能穿戴,数-智-836,自然搜索,支付宝,220.6,1,0.064,216.81,155.0,0.2851,0,0.0,C724521937
O6707169439,2025-06-08,华南,厦门,美妆,护肤,美-护-798,自然搜索,货到付款,153.92,3,0.059,480.01,279.36,0.418,1,381.6,C452508647
O3706077054,2025-06-08,华南,厦门,家居,清洁,家-清-513,直播,微信支付,92.78,4,0.112,364.06,230.52,0.3668,0,0.0,C906597215
O5734486403,2025-06-08,华北,石家庄,食品,饮料,食-饮-249,站内推荐,微信支付,50.37,3,0.066,148.19,90.85,0.3869,0,0.0,C843791935
O5613805653,2025-06-08,华南,广州,食品,饮料,食-饮-667,站内推荐,银行卡,48.35,4,0.074,197.84,124.05,0.373,0,0.0,C988095635
O9031361410,2025-06-08,华北,石家庄,家居,清洁,家-清-436,私域,支付宝,80.85,4,0.052,321.91,217.92,0.323,0,0.0,C437009481
O1562635131,2025-06-08,华东,杭州,家居,清洁,家-清-733,信息流广告,支付宝,72.79,2,0.042,146.44,89.38,0.3896,0,0.0,C670367771
O9981057872,2025-06-08,华中,郑州,食品,速食,食-速-952,自然搜索,支付宝,43.22,1,0.059,42.7,27.87,0.3473,0,0.0,C397922649
O6603190539,2025-06-08,西北,西安,家居,收纳,家-收-484,站内推荐,微信支付,70.21,4,0.059,277.48,149.1,0.4627,0,0.0,C291044655
O0017932942,2025-06-08,华中,郑州,数码,智能穿戴,数-智-496,站内推荐,支付宝,190.24,1,0.06,187.77,127.89,0.3189,0,0.0,C533971584
O0979869684,2025-06-08,华北,北京,食品,零食,食-零-243,信息流广告,支付宝,25.87,1,0.079,25.02,14.76,0.4101,0,0.0,C161578282
O9191204610,2025-06-08,华中,郑州,数码,智能穿戴,数-智-196,自然搜索,微信支付,196.83,2,0.0,413.34,318.21,0.2301,0,0.0,C145693513
O3179345895,2025-06-08,华东,杭州,数码,耳机,数-耳-420,信息流广告,支付宝,164.18,1,0.087,157.39,113.26,0.2804,0,0.0,C785755831
O0425424766,2025-06-08,华北,石家庄,服饰,裤装,服-裤-689,自然搜索,支付宝,99.11,1,0.027,101.26,60.41,0.4034,0,0.0,C106563136
O5192662118,2025-06-08,华南,佛山,家居,收纳,家-收-419,自然搜索,支付宝,74.09,3,0.042,235.23,149.91,0.3627,0,0.0,C406411730
O8809552801,2025-06-08,华东,宁波,美妆,彩妆,美-彩-299,信息流广告,支付宝,145.27,3,0.083,419.62,230.87,0.4498,0,0.0,C288254504
O9347263834,2025-06-08,西南,重庆,数码,配件,数-配-826,信息流广告,支付宝,252.76,2,0.11,509.32,391.29,0.2317,0,0.0,C708383118
O9514574085,2025-06-08,西南,昆明,数码,耳机,数-耳-815,私域,微信支付,226.29,2,0.074,474.42,369.72,0.2207,0,0.0,C194772899
O1294963016,2025-06-08,华北,北京,服饰,鞋靴,服-鞋-130,自然搜索,微信支付,150.12,4,0.034,609.07,338.79,0.4438,0,0.0,C619377698
O2983531283,2025-06-08,华南,厦门,家居,清洁,家-清-973,信息流广告,微信支付,110.22,3,0.09,332.4,205.06,0.3831,0,0.0,C974680859
O3416025954,2025-06-08,华东,宁波,食品,零食,食-零-330,自然搜索,支付宝,46.97,3,0.002,147.66,109.51,0.2584,0,0.0,C675383127
O8504038321,2025-06-08,华南,深圳,数码,配件,数-配-723,自然搜索,支付宝,154.53,4,0.021,668.49,521.99,0.2192,0,0.0,C129571687
O0546237953,2025-06-08,西北,乌鲁木齐,数码,耳机,数-耳-263,线下导流,银行卡,282.28,2,0.086,541.81,416.6,0.2311,0,0.0,C099276952
O5640124809,2025-06-08,西南,成都,家居,清洁,家-清-574,自然搜索,货到付款,54.34,2,0.056,116.14,76.08,0.3449,0,0.0,C596417638
O3388093120,2025-06-09,华东,苏州,家居,清洁,家-清-984,自然搜索,支付宝,73.36,3,0.086,211.21,126.73,0.4,0,0.0,C120127199
O8417980119,2025-06-09,华东,杭州,美妆,护肤,美-护-198,信息流广告,微信支付,204.33,4,0.108,765.5,474.1,0.3807,0,0.0,C581535650
O7907641993,2025-06-09,华北,太原,美妆,彩妆,美-彩-876,直播,微信支付,133.62,3,0.099,379.23,200.69,0.4708,0,0.0,C610980010
O4282273629,2025-06-09,华南,厦门,美妆,护肤,美-护-729,信息流广告,支付宝,172.24,4,0.101,684.43,392.75,0.4262,0,0.0,C297469699
O8817782081,2025-06-09,东北,哈尔滨,服饰,鞋靴,服-鞋-202,线下导流,微信支付,110.5,3,0.072,315.96,207.54,0.3431,0,0.0,C973368007
O8735074827,2025-06-09,华南,深圳,食品,零食,食-零-213,直播,微信支付,65.0,2,0.129,125.12,85.65,0.3155,0,0.0,C343827074
O7450625578,2025-06-09,华东,宁波,服饰,上衣,服-上-211,站内推荐,支付宝,116.73,2,0.0,245.13,159.21,0.3505,0,0.0,C186935138
O5645669190,2025-06-09,西北,银川,家居,收纳,家-收-554,直播,支付宝,52.06,4,0.09,198.97,126.09,0.3663,0,0.0,C054594860
O8882478830,2025-06-09,华中,长沙,美妆,护肤,美-护-401,直播,支付宝,117.38,4,0.082,452.57,264.22,0.4162,0,0.0,C982593749
O8611392842,2025-06-09,华东,宁波,家居,清洁,家-清-469,直播,微信支付,77.05,4,0.115,286.39,170.11,0.406,0,0.0,C132598399
O9861673666,2025-06-09,华北,天津,家居,厨具,家-厨-414,直播,支付宝,62.62,1,0.027,63.98,37.52,0.4136,0,0.0,C666361872
O0308988743,2025-06-09,华东,苏州,美妆,护肤,美-护-541,自然搜索,支付宝,155.9,2,0.048,311.68,185.82,0.4038,0,0.0,C090246958
O6628467665,2025-06-09,华东,南京,数码,耳机,数-耳-838,站内推荐,微信支付,144.37,3,0.073,421.57,278.64,0.339,0,0.0,C128395721
O7102896809,2025-06-09,华中,郑州,家居,清洁,家-清-215,直播,微信支付,101.14,3,0.081,292.79,158.4,0.459,0,0.0,C118913854
O9060809548,2025-06-09,西北,兰州,数码,配件,数-配-961,信息流广告,微信支付,144.52,1,0.09,138.09,103.97,0.2471,0,0.0,C415495033
O2466006509,2025-06-09,华东,上海,数码,配件,数-配-489,私域,支付宝,143.39,4,0.058,567.31,401.92,0.2915,0,0.0,C900069482
O0293271972,2025-06-09,华南,深圳,数码,智能穿戴,数-智-250,信息流广告,微信支付,246.2,2,0.097,491.34,374.48,0.2378,0,0.0,C395572443
O9890684991,2025-06-09,华南,佛山,家居,清洁,家-清-118,自然搜索,支付宝,108.66,1,0.068,111.91,73.03,0.3474,0,0.0,C801198291
O9522113147,2025-06-10,东北,长春,美妆,香氛,美-香-611,直播,支付宝,104.26,4,0.05,406.85,264.5,0.3499,0,0.0,C121819836
O8933277929,2025-06-10,华东,苏州,服饰,裤装,服-裤-572,直播,支付宝,113.13,3,0.082,327.14,193.47,0.4086,0,0.0,C913194051
O4727066763,2025-06-10,华东,杭州,数码,智能穿戴,数-智-352,直播,支付宝,206.26,4,0.144,741.55,587.72,0.2074,0,0.0,C389579904
O3446756132,2025-06-10,华北,石家庄,服饰,鞋靴,服-鞋-699,自然搜索,微信支付,115.78,3,0.086,333.34,192.57,0.4223,0,0.0,C718513026
O4159439232,2025-06-10,华中,武汉,家居,清洁,家-清-442,自然搜索,微信支付,92.61,2,0.097,175.62,96.87,0.4484,0,0.0,C183747059
O8115539969,2025-06-10,华东,苏州,数码,配件,数-配-219,自然搜索,支付宝,216.03,3,0.032,658.72,473.5,0.2812,0,0.0,C401811642
O8745426507,2025-06-10,华南,佛山,美妆,护肤,美-护-316,自然搜索,微信支付,203.34,4,0.039,864.01,514.3,0.4048,0,0.0,C202874440
O2853440216,2025-06-10,东北,长春,家居,清洁,家-清-876,私域,微信支付,89.61,2,0.012,181.84,113.38,0.3765,0,0.0,C415469940
O7859650741,2025-06-10,华东,上海,食品,速食,食-速-735,直播,微信支付,67.2,2,0.06,132.65,87.16,0.3429,0,0.0,C348639694
O7493098422,2025-06-10,华中,郑州,家居,厨具,家-厨-439,站内推荐,微信支付,64.47,1,0.111,60.18,39.05,0.3511,0,0.0,C593735677
O1905828508,2025-06-10,华北,北京,数码,耳机,数-耳-875,信息流广告,微信支付,117.14,1,0.117,108.61,80.59,0.258,0,0.0,C075731475
O1659931249,2025-06-10,华北,天津,食品,速食,食-速-998,自然搜索,微信支付,58.73,3,0.099,166.68,108.28,0.3504,0,0.0,C892064479
O2892982893,2025-06-10,华东,上海,家居,厨具,家-厨-607,自然搜索,微信支付,78.58,2,0.093,149.67,102.05,0.3182,0,0.0,C420951578
O7670465739,2025-06-10,华南,佛山,美妆,香氛,美-香-992,直播,微信支付,175.67,1,,180.2,101.57,0.4363,0,0.0,C177029678
O2931694146,2025-06-10,西南,成都,数码,智能穿戴,数-智-643,自然搜索,支付宝,168.17,2,0.042,365.09,281.64,0.2286,0,0.0,C815050449
O7381100303,2025-06-10,华东,南京,服饰,上衣,服-上-315,私域,支付宝,122.83,3,0.039,371.82,214.67,0.4227,0,0.0,C005574842
O7577970619,2025-06-11,华南,深圳,食品,零食,食-零-421,自然搜索,微信支付,29.48,1,0.123,28.59,18.96,0.3368,0,0.0,C830938024
O8548598361,2025-06-11,华南,佛山,家居,收纳,家-收-691,站内推荐,支付宝,81.77,2,0.03,175.41,115.3,0.3427,0,0.0,C009126116
O2032627312,2025-06-11,西南,贵阳,食品,速食,食-速-606,站内推荐,支付宝,40.23,4,0.06,171.47,114.86,0.3301,0,0.0,C975234938
O0035966650,2025-06-11,华东,苏州,食品,零食,食-零-232,自然搜索,支付宝,31.91,3,0.078,92.68,61.91,0.332,0,0.0,C315745607
O3238913884,2025-06-11,华南,厦门,数码,智能穿戴,数-智-778,私域,支付宝,240.53,2,0.055,502.67,346.99,0.3097,0,0.0,C732967200
O9296330987,2025-06-11,华南,厦门,家居,厨具,家-厨-616,信息流广告,支付宝,82.01,3,0.141,233.68,150.91,0.3542,1,152.43,C092650311
O6662305244,2025-06-11,西南,重庆,服饰,裤装,服-裤-284,站内推荐,微信支付,113.75,3,0.087,353.18,187.86,0.4681,0,0.0,C056823580
O2042229554,2025-06-11,华中,武汉,数码,耳机,数-耳-205,线下导流,微信支付,182.49,2,0.098,345.67,254.47,0.2638,0,0.0,C531232184
O9996567865,2025-06-11,华中,长沙,食品,饮料,食-饮-545,信息流广告,微信支付,54.95,4,0.1,207.71,153.59,0.2606,0,0.0,C483366307
O7275539911,2025-06-11,华东,上海,服饰,鞋靴,服-鞋-183,直播,银行卡,91.46,1,0.079,88.45,53.66,0.3933,0,0.0,C757361966
O9090733009,2025-06-11,华南,深圳,服饰,鞋靴,服-鞋-480,自然搜索,支付宝,149.66,1,0.053,156.71,83.28,0.4686,0,0.0,C725839548
O5693133489,2025-06-11,华东,上海,食品,速食,食-速-277,信息流广告,支付宝,33.39,3,0.048,100.13,64.51,0.3557,0,0.0,C672383388
O0676922800,2025-06-12,西南,贵阳,美妆,护肤,美-护-151,直播,银行卡,177.45,4,0.133,697.93,389.15,0.4424,0,0.0,C881879333
O5792682932,2025-06-12,东北,哈尔滨,数码,智能穿戴,数-智-502,信息流广告,支付宝,155.98,1,0.063,150.05,115.28,0.2317,0,0.0,C734722781
O4272814453,2025-06-12,华北,太原,家居,厨具,家-厨-101,私域,微信支付,55.69,2,0.143,100.23,61.74,0.384,0,0.0,C176698740
O0036666633,2025-06-12,华南,广州,服饰,鞋靴,服-鞋-535,自然搜索,支付宝,176.84,2,0.08,359.9,206.16,0.4272,0,0.0,C475836661
O4848868671,2025-06-12,华中,武汉,家居,厨具,家-厨-821,自然搜索,支付宝,54.98,4,0.0,230.92,131.95,0.4286,0,0.0,C019465477
O7183799670,2025-06-12,华东,杭州,美妆,护肤,美-护-261,线下导流,支付宝,160.67,3,0.059,476.25,236.04,0.5044,0,0.0,C992095126
O3084063779,2025-06-12,华南,厦门,美妆,护肤,美-护-608,私域,微信支付,119.53,3,0.091,360.53,206.56,0.4271,0,0.0,C971804899
O1985668374,2025-06-12,西南,成都,数码,智能穿戴,数-智-772,站内推荐,支付宝,273.97,4,0.057,1172.01,867.83,0.2595,1,807.61,C537994080
O6181906267,2025-06-12,华南,深圳,家居,收纳,家-收-363,直播,支付宝,73.19,1,0.101,72.78,42.5,0.416,0,0.0,C577380577
O8571199398,2025-06-12,西北,银川,服饰,上衣,服-上-268,站内推荐,微信支付,139.76,1,0.061,137.8,89.49,0.3506,0,0.0,C235322649
O4539802115,2025-06-12,西南,贵阳,家居,厨具,家-厨-586,站内推荐,微信支付,62.48,4,0.096,256.23,158.9,0.3799,0,0.0,C774428831
O8907392427,2025-06-12,西南,重庆,美妆,彩妆,美-彩-893,私域,支付宝,164.23,4,0.099,671.27,389.66,0.4195,0,0.0,C953366239
O8543988269,2025-06-12,华中,南昌,食品,零食,食-零-671,站内推荐,支付宝,18.85,3,0.034,57.36,33.9,0.409,0,0.0,C226178495
O8312891191,2025-06-12,华中,郑州,服饰,上衣,服-上-407,私域,货到付款,122.57,4,0.093,466.92,262.01,0.4389,0,0.0,C521612639
O6559410392,2025-06-12,华北,石家庄,服饰,鞋靴,服-鞋-652,站内推荐,银行卡,129.69,4,0.089,496.22,282.79,0.4301,0,0.0,C105335304
O3118711531,2025-06-12,华北,太原,家居,收纳,家-收-130,站内推荐,微信支付,137.26,3,0.086,395.19,232.13,0.4126,0,0.0,C445727779
O3782497331,2025-06-12,华东,杭州,美妆,香氛,美-香-195,直播,银行卡,86.04,3,0.036,261.27,131.74,0.4958,0,0.0,C987443302
O0110827499,2025-06-12,华南,深圳,数码,智能穿戴,数-智-777,自然搜索,支付宝,205.27,3,0.066,636.18,458.56,0.2792,0,0.0,C694315652
O9369065316,2025-06-12,华中,长沙,数码,耳机,数-耳-483,直播,银行卡,126.36,2,0.119,233.78,176.29,0.2459,0,0.0,C616545948
O3107224448,2025-06-12,西南,昆明,家居,厨具,家-厨-149,信息流广告,微信支付,58.5,2,0.063,124.33,72.91,0.4136,0,0.0,C631077676
O3869891762,2025-06-12,华北,石家庄,美妆,彩妆,美-彩-417,自然搜索,微信支付,160.26,1,0.054,159.19,91.66,0.4242,0,0.0,C138425665
O1613404902,2025-06-12,华南,广州,食品,速食,食-速-384,站内推荐,支付宝,69.22,2,0.078,141.18,98.73,0.3007,0,0.0,C028538985
O4887130953,2025-06-12,西南,重庆,服饰,鞋靴,服-鞋-635,私域,微信支付,148.25,4,0.043,643.61,365.62,0.4319,0,0.0,C261307779
O2045481456,2025-06-13,华北,太原,美妆,香氛,美-香-793,自然搜索,银行卡,128.76,4,0.059,508.89,258.89,0.4913,1,489.39,C828990362
O2333151117,2025-06-13,华东,上海,数码,智能穿戴,数-智-113,私域,微信支付,183.94,4,0.086,706.11,481.65,0.3179,0,0.0,C535774838
O7337035083,2025-06-13,华东,苏州,家居,厨具,家-厨-911,站内推荐,微信支付,81.53,4,0.0,342.43,219.78,0.3582,0,0.0,C810490171
O0049930638,2025-06-13,华东,南京,服饰,裤装,服-裤-958,私域,货到付款,143.59,1,0.071,140.06,79.94,0.4292,0,0.0,C007665861
O2669558908,2025-06-13,华北,北京,数码,配件,数-配-266,自然搜索,微信支付,161.87,4,0.047,647.9,459.34,0.291,0,0.0,C344059740
O3719787428,2025-06-13,华南,厦门,数码,耳机,数-耳-422,私域,支付宝,210.86,1,0.039,224.2,168.05,0.2504,0,0.0,C522197228
O4184821265,2025-06-13,西南,成都,美妆,香氛,美-香-262,直播,微信支付,182.98,3,0.1,560.56,332.44,0.407,0,0.0,C623653332
O3423732402,2025-06-13,西南,昆明,数码,智能穿戴,数-智-936,私域,支付宝,115.48,3,0.047,374.61,253.01,0.3246,0,0.0,C007011632
O9565756775,2025-06-13,华东,宁波,美妆,香氛,美-香-348,私域,支付宝,201.26,3,0.015,624.46,342.48,0.4516,0,0.0,C710173787
O8998313483,2025-06-13,华中,长沙,服饰,鞋靴,服-鞋-935,直播,支付宝,129.5,3,0.068,380.19,226.04,0.4055,0,0.0,C299715210
O5148948007,2025-06-13,华东,上海,服饰,上衣,服-上-880,信息流广告,支付宝,138.11,1,0.095,131.24,75.08,0.4279,0,0.0,C901994036
O6336855824,2025-06-13,华南,广州,美妆,彩妆,美-彩-567,私域,支付宝,175.28,2,0.049,368.86,205.36,0.4433,0,0.0,C583523781
O6254288122,2025-06-13,华北,太原,家居,厨具,家-厨-919,私域,支付宝,83.13,3,0.05,248.77,152.18,0.3883,0,0.0,C213636085
O0544315670,2025-06-13,西南,昆明,家居,收纳,家-收-836,私域,支付宝,56.01,2,0.131,110.45,69.89,0.3672,0,0.0,C627491272
O3060705494,2025-06-13,西南,昆明,服饰,上衣,服-上-159,自然搜索,支付宝,87.12,4,0.0,395.4,227.99,0.4234,0,0.0,C378578488
O3054592874,2025-06-13,华东,上海,美妆,护肤,美-护-108,直播,微信支付,189.64,3,0.069,556.15,347.51,0.3752,0,0.0,C436709115
O2438539011,2025-06-13,西南,成都,食品,零食,食-零-278,站内推荐,支付宝,54.12,4,0.02,240.71,169.92,0.2941,0,0.0,C016700987
O0149619522,2025-06-14,华南,厦门,服饰,上衣,服-上-938,线下导流,支付宝,118.03,4,0.1,470.28,233.95,0.5025,0,0.0,C853283502
O3098218071,2025-06-14,华中,南昌,家居,收纳,家-收-771,私域,支付宝,99.09,1,0.104,93.22,59.83,0.3582,0,0.0,C095306507
O3627432609,2025-06-14,西南,昆明,家居,收纳,家-收-368,站内推荐,微信支付,74.41,4,,306.78,190.34,0.3796,0,0.0,C999884100
O1261743524,2025-06-14,华东,上海,家居,厨具,家-厨-526,直播,微信支付,100.5,1,0.112,93.71,61.68,0.3418,0,0.0,C759485898
O0982406007,2025-06-14,东北,沈阳,服饰,裤装,服-裤-143,站内推荐,支付宝,163.51,3,0.066,470.23,288.45,0.3866,0,0.0,C417788595
O6994737861,2025-06-14,华东,南京,服饰,上衣,服-上-730,线下导流,支付宝,98.97,4,0.087,379.51,212.74,0.4394,0,0.0,C297803571
O8547238914,2025-06-14,华北,太原,美妆,香氛,美-香-549,私域,支付宝,142.91,4,0.082,551.0,283.76,0.485,0,0.0,C455082289
O8346848509,2025-06-14,华南,厦门,数码,耳机,数-耳-304,自然搜索,支付宝,179.95,4,0.056,752.04,537.54,0.2852,0,0.0,C278862656
O5376551520,2025-06-14,华北,天津,家居,厨具,家-厨-566,信息流广告,微信支付,91.81,3,0.02,283.42,142.8,0.4962,0,0.0,C655733109
O3667274070,2025-06-14,华南,佛山,美妆,护肤,美-护-418,私域,微信支付,165.7,2,0.079,337.81,176.82,0.4766,0,0.0,C070539311
O5732097709,2025-06-14,华东,宁波,家居,厨具,家-厨-908,站内推荐,微信支付,70.61,3,0.061,208.85,117.73,0.4363,0,0.0,C125079415
O1170427271,2025-06-14,西北,兰州,家居,收纳,家-收-762,私域,微信支付,102.75,1,0.046,102.92,58.31,0.4334,0,0.0,C614614720
O6863497140,2025-06-14,华东,杭州,美妆,彩妆,美-彩-527,自然搜索,支付宝,157.67,4,0.012,654.27,373.27,0.4295,0,0.0,C862747045
O0256324897,2025-06-14,华南,厦门,美妆,香氛,美-香-752,站内推荐,微信支付,128.57,2,0.028,276.63,167.01,0.3963,0,0.0,C195664551
O6689062000,2025-06-14,西南,贵阳,家居,收纳,家-收-368,站内推荐,微信支付,96.59,1,0.068,102.19,67.62,0.3383,0,0.0,C488766080
O6993173272,2025-06-14,西南,重庆,数码,耳机,数-耳-578,信息流广告,支付宝,155.96,3,,451.98,333.5,0.2621,0,0.0,C548730217
O8510315449,2025-06-14,华南,佛山,食品,速食,食-速-219,自然搜索,支付宝,61.29,3,,190.88,128.33,0.3277,0,0.0,C841278990
O8663792957,2025-06-14,西南,成都,数码,耳机,数-耳-725,自然搜索,银行卡,221.59,1,0.095,227.64,170.27,0.252,0,0.0,C365308645
O6533143237,2025-06-14,华东,苏州,家居,收纳,家-收-987,自然搜索,微信支付,95.71,4,0.086,367.41,233.6,0.3642,0,0.0,C788938489
O6480440041,2025-06-14,华南,广州,家居,清洁,家-清-331,信息流广告,支付宝,100.66,2,0.065,208.33,118.27,0.4323,0,0.0,C910744207
O1385100895,2025-06-14,华东,南京,美妆,护肤,美-护-946,站内推荐,微信支付,163.77,3,0.057,486.47,255.03,0.4758,0,0.0,C553727055
O3224288631,2025-06-14,华中,武汉,美妆,香氛,美-香-490,直播,支付宝,149.9,3,0.124,413.63,209.02,0.4947,0,0.0,C248794526
O9164961224,2025-06-15,华南,厦门,服饰,裤装,服-裤-212,信息流广告,微信支付,175.45,4,0.115,687.62,419.72,0.3896,0,0.0,C043183076
O7177444749,2025-06-15,华南,深圳,家居,收纳,家-收-449,自然搜索,支付宝,64.91,4,0.084,263.31,156.67,0.405,0,0.0,C145549413
O4614889792,2025-06-15,华北,北京,服饰,上衣,服-上-935,直播,微信支付,123.03,1,0.081,118.72,70.07,0.4098,0,0.0,C996661022
O8759117823,2025-06-15,华中,武汉,服饰,裤装,服-裤-955,信息流广告,支付宝,147.76,3,0.094,421.69,260.1,0.3832,0,0.0,C220267892
O0500646880,2025-06-15,华南,厦门,数码,智能穿戴,数-智-316,自然搜索,支付宝,211.62,2,0.056,442.34,340.12,0.2311,0,0.0,C221449805
O0027249116,2025-06-15,东北,大连,美妆,护肤,美-护-728,自然搜索,支付宝,223.66,3,0.057,649.31,385.79,0.4058,0,0.0,C731195331
O4174350252,2025-06-15,华北,天津,服饰,裤装,服-裤-731,站内推荐,微信支付,144.96,1,0.078,140.34,86.68,0.3824,1,98.75,C439893258
O3861038810,2025-06-15,华北,石家庄,家居,清洁,家-清-400,线下导流,微信支付,96.06,4,0.076,372.79,214.5,0.4246,0,0.0,C284056068
O9991444488,2025-06-15,华中,武汉,家居,收纳,家-收-865,线下导流,微信支付,63.03,4,0.06,248.84,149.81,0.398,0,0.0,C661331560
O2098371189,2025-06-15,华北,天津,数码,耳机,数-耳-987,私域,微信支付,241.53,4,0.083,930.23,702.69,0.2446,0,0.0,C646032580
O1158062282,2025-06-15,华中,长沙,数码,配件,数-配-220,自然搜索,货到付款,193.62,4,0.028,790.43,596.03,0.2459,0,0.0,C198952773
O3534947364,2025-06-15,西北,乌鲁木齐,食品,速食,食-速-967,私域,微信支付,53.05,1,0.042,53.36,35.53,0.3341,0,0.0,C618116296
O3408970216,2025-06-15,东北,沈阳,服饰,裤装,服-裤-956,直播,支付宝,116.57,4,0.134,414.38,258.77,0.3755,0,0.0,C307751936
O0399343217,2025-06-15,华北,太原,数码,智能穿戴,数-智-338,线下导流,微信支付,234.51,3,0.11,657.45,524.82,0.2017,0,0.0,C657981707
O9821849318,2025-06-15,华南,佛山,家居,厨具,家-厨-768,私域,支付宝,75.7,4,0.019,328.87,224.74,0.3166,0,0.0,C171851827
O0491286101,2025-06-15,华南,广州,服饰,鞋靴,服-鞋-342,自然搜索,微信支付,128.55,4,0.089,518.61,310.43,0.4014,0,0.0,C531003277
O8666739645,2025-06-15,华南,,家居,清洁,家-清-975,站内推荐,支付宝,79.42,3,0.025,257.19,162.85,0.3668,0,0.0,C007394870
O0129824526,2025-06-15,东北,哈尔滨,食品,零食,食-零-519,自然搜索,支付宝,49.12,3,0.067,141.09,105.07,0.2553,0,0.0,C239497301
O1102636766,2025-06-15,华中,长沙,数码,配件,数-配-153,直播,银行卡,107.64,2,0.14,194.4,136.56,0.2975,0,0.0,C280806795
O9516138762,2025-06-15,华南,广州,食品,速食,食-速-560,站内推荐,微信支付,26.96,4,0.048,113.66,79.93,0.2968,0,0.0,C082935737
O4768136047,2025-06-15,东北,大连,数码,耳机,数-耳-831,直播,货到付款,194.45,1,0.125,174.6,139.03,0.2037,0,0.0,C474154883
O0398696426,2025-06-15,东北,大连,服饰,上衣,服-上-692,信息流广告,微信支付,159.66,3,0.109,437.95,247.36,0.4352,0,0.0,C531252503
O2287679817,2025-06-16,华中,郑州,数码,智能穿戴,数-智-128,直播,微信支付,182.25,3,0.095,519.55,355.23,0.3163,0,0.0,C544190596
O2612991252,2025-06-16,东北,沈阳,数码,耳机,数-耳-451,直播,支付宝,120.77,2,0.118,218.59,158.37,0.2755,1,165.32,C139169873
O3960545843,2025-06-16,西北,兰州,服饰,鞋靴,服-鞋-791,直播,支付宝,98.87,4,0.109,369.99,247.66,0.3306,0,0.0,C370679448
O5272434977,2025-06-16,华北,天津,食品,速食,食-速-491,自然搜索,支付宝,57.58,3,0.016,178.47,126.29,0.2924,0,0.0,C677708311
O8342095913,2025-06-16,华南,佛山,服饰,鞋靴,服-鞋-828,直播,微信支付,131.13,1,0.115,128.52,72.12,0.4388,0,0.0,C407928947
O3809796076,2025-06-16,华东,杭州,家居,收纳,家-收-496,站内推荐,支付宝,92.22,4,0.06,364.08,224.84,0.3824,0,0.0,C453985942
O9394044314,2025-06-16,华中,长沙,美妆,香氛,美-香-166,自然搜索,微信支付,138.42,3,0.005,433.84,238.52,0.4502,0,0.0,C037771915
O4703335690,2025-06-16,华东,上海,服饰,裤装,服-裤-798,私域,支付宝,119.4,3,0.074,348.28,211.45,0.3929,0,0.0,C112032546
O4374613793,2025-06-16,华东,宁波,数码,配件,数-配-108,信息流广告,支付宝,183.86,1,0.123,169.31,127.11,0.2492,0,0.0,C429186911
O2007741453,2025-06-16,华南,深圳,美妆,彩妆,美-彩-346,信息流广告,货到付款,187.0,2,0.098,373.6,184.96,0.5049,0,0.0,C441106896
O6034612944,2025-06-16,西南,贵阳,数码,配件,数-配-928,信息流广告,微信支付,198.0,2,0.092,408.54,306.23,0.2504,0,0.0,C008633488
O9626373459,2025-06-16,华南,广州,数码,智能穿戴,数-智-512,直播,微信支付,185.17,4,,695.59,487.1,0.2997,0,0.0,C559704732
O4116293028,2025-06-16,华北,石家庄,数码,智能穿戴,数-智-778,信息流广告,支付宝,238.09,2,0.068,465.99,325.59,0.3013,0,0.0,C148817614
O6361833986,2025-06-16,华东,宁波,家居,收纳,家-收-419,站内推荐,支付宝,99.84,1,0.055,99.07,63.49,0.3591,0,0.0,C015127387
O1437054547,2025-06-16,华南,深圳,家居,清洁,家-清-211,自然搜索,支付宝,67.73,4,0.076,277.23,175.62,0.3665,0,0.0,C424734558
O7322342329,2025-06-16,华南,厦门,美妆,彩妆,美-彩-862,直播,微信支付,156.07,2,0.097,312.15,153.82,0.5072,0,0.0,C504543577
O6805213952,2025-06-17,华东,南京,美妆,彩妆,美-彩-542,直播,微信支付,141.98,4,0.096,539.07,292.78,0.4569,0,0.0,C796443923
O0570414855,2025-06-17,华中,长沙,家居,厨具,家-厨-489,信息流广告,微信支付,48.66,1,0.079,47.06,30.51,0.3517,0,0.0,C178173987
O7788559957,2025-06-17,西南,昆明,家居,清洁,家-清-599,信息流广告,银行卡,85.37,4,0.092,352.45,230.67,0.3455,0,0.0,C268991554
O6848093528,2025-06-17,华中,南昌,美妆,护肤,美-护-348,自然搜索,微信支付,129.48,4,0.066,507.92,307.4,0.3948,0,0.0,C201166112
O9184803372,2025-06-17,华东,上海,数码,耳机,数-耳-538,直播,支付宝,183.09,1,0.072,178.4,138.52,0.2235,0,0.0,C782965052
O4676445587,2025-06-17,华东,苏州,家居,收纳,家-收-387,自然搜索,微信支付,67.17,4,0.06,265.19,158.38,0.4028,0,0.0,C634024630
O4811782177,2025-06-17,西南,成都,美妆,彩妆,美-彩-242,直播,支付宝,130.19,4,0.142,507.9,286.2,0.4365,0,0.0,C979887414
O8010686139,2025-06-17,西北,兰州,服饰,鞋靴,服-鞋-726,信息流广告,支付宝,192.46,2,0.058,380.72,216.26,0.432,0,0.0,C801861267
O1971051932,2025-06-17,华东,苏州,服饰,鞋靴,服-鞋-801,直播,微信支付,115.2,2,0.103,217.0,136.76,0.3698,0,0.0,C473144908
O5795023045,2025-06-17,华东,上海,美妆,彩妆,美-彩-783,线下导流,微信支付,176.91,1,0.051,176.28,98.06,0.4437,0,0.0,C523815795
O4691742436,2025-06-17,华南,广州,数码,耳机,数-耳-357,私域,支付宝,245.22,4,0.0,1086.63,810.52,0.2541,0,0.0,C156866852
O8786420198,2025-06-17,华东,杭州,食品,零食,食-零-399,直播,银行卡,67.31,4,0.138,243.69,157.09,0.3554,0,0.0,C421228700
O2740359605,2025-06-17,华北,石家庄,家居,清洁,家-清-262,自然搜索,支付宝,92.94,1,0.098,88.02,51.53,0.4146,0,0.0,C933052926
O7265582346,2025-06-17,华中,长沙,服饰,上衣,服-上-362,信息流广告,支付宝,151.31,2,0.126,277.71,163.35,0.4118,0,0.0,C681619008
O3915968882,2025-06-17,西南,重庆,服饰,上衣,服-上-332,私域,微信支付,44.0,1,0.058,47.11,26.91,0.4288,0,0.0,C818506981
O5376265187,2025-06-17,华中,南昌,数码,智能穿戴,数-智-565,站内推荐,支付宝,211.71,2,0.122,390.35,275.73,0.2936,0,0.0,C892890681
O8822972713,2025-06-18,华东,上海,数码,耳机,数-耳-542,信息流广告,银行卡,134.02,4,0.131,489.15,374.97,0.2334,0,0.0,C930909422
O4822427861,2025-06-18,华中,南昌,服饰,鞋靴,服-鞋-732,私域,支付宝,135.86,1,0.02,139.8,83.44,0.4031,0,0.0,C739363809
O8767770883,2025-06-18,华东,宁波,数码,智能穿戴,数-智-672,信息流广告,微信支付,169.4,1,0.086,162.57,113.13,0.3041,0,0.0,C583163747
O4431617375,2025-06-18,华南,厦门,服饰,裤装,服-裤-995,私域,支付宝,127.18,2,0.061,264.68,152.7,0.4231,0,0.0,C969873076
O2741053029,2025-06-18,华中,武汉,家居,厨具,家-厨-822,直播,微信支付,65.16,2,0.071,127.12,83.61,0.3423,0,0.0,C619924848
O4302016106,2025-06-18,华北,太原,美妆,香氛,美-香-172,信息流广告,支付宝,102.4,2,0.14,184.93,95.96,0.4811,1,124.2,C713718678
O0683459693,2025-06-18,华北,北京,家居,清洁,家-清-947,自然搜索,支付宝,117.87,3,0.017,364.98,221.37,0.3935,0,0.0,C791495464
O4395176949,2025-06-18,华北,北京,食品,速食,食-速-781,自然搜索,微信支付,40.31,4,0.072,157.11,95.46,0.3924,0,0.0,C353355936
O6133485265,2025-06-18,东北,大连,服饰,裤装,服-裤-137,自然搜索,微信支付,116.46,4,0.074,442.48,266.01,0.3988,0,0.0,C998121581
O8281827994,2025-06-18,华东,南京,数码,智能穿戴,数-智-266,信息流广告,微信支付,209.06,3,0.103,590.71,396.58,0.3286,0,0.0,C146476092
O5530579290,2025-06-18,华中,武汉,数码,智能穿戴,数-智-346,自然搜索,微信支付,206.03,4,0.005,861.0,636.17,0.2611,0,0.0,C280460138
O8040646987,2025-06-18,华南,广州,美妆,护肤,美-护-181,私域,支付宝,157.36,1,0.112,154.85,81.91,0.471,0,0.0,C375667751
O7618733659,2025-06-18,华北,太原,服饰,裤装,服-裤-119,私域,支付宝,96.3,4,0.026,393.94,232.95,0.4087,0,0.0,C996747652
O4840641239,2025-06-18,华东,上海,食品,饮料,食-饮-143,自然搜索,银行卡,51.93,3,0.088,149.18,100.73,0.3248,0,0.0,C812021505
O8639262641,2025-06-18,西北,兰州,食品,饮料,食-饮-614,私域,支付宝,53.12,3,0.02,163.98,112.92,0.3114,0,0.0,C546883754
O8740897182,2025-06-18,华北,天津,数码,配件,数-配-170,站内推荐,微信支付,184.65,2,0.046,369.93,254.85,0.3111,0,0.0,C865141798
O2000246603,2025-06-18,东北,长春,家居,厨具,家-厨-131,直播,微信支付,64.07,2,0.146,112.25,81.03,0.2781,0,0.0,C436432387
O8426551935,2025-06-18,华南,广州,家居,清洁,家-清-625,线下导流,微信支付,59.69,4,0.056,249.77,137.99,0.4475,0,0.0,C107160395
O4330264361,2025-06-18,华中,长沙,数码,配件,数-配-927,站内推荐,支付宝,232.82,3,0.068,683.51,539.56,0.2106,0,0.0,C904774484
O5379684131,2025-06-18,华南,深圳,家居,厨具,家-厨-662,信息流广告,支付宝,34.54,2,0.092,69.51,40.78,0.4133,0,0.0,C094646255
O9858298525,2025-06-19,华南,深圳,数码,耳机,数-耳-501,自然搜索,支付宝,234.78,1,0.071,241.78,178.66,0.2611,0,0.0,C015972946
O0235447108,2025-06-19,华东,上海,家居,清洁,家-清-225,自然搜索,支付宝,65.8,1,0.11,61.49,38.67,0.3711,0,0.0,C250979924
O4217822800,2025-06-19,西南,贵阳,数码,智能穿戴,数-智-832,信息流广告,支付宝,274.27,2,0.136,539.22,409.04,0.2414,0,0.0,C716449627
O8369299372,2025-06-19,华东,杭州,服饰,上衣,服-上-465,直播,支付宝,92.26,3,0.079,267.66,155.76,0.4181,0,0.0,C021429522
O7882784596,2025-06-19,华北,天津,服饰,鞋靴,服-鞋-695,直播,微信支付,105.42,1,0.124,96.97,53.98,0.4433,0,0.0,C699772732
O2558160286,2025-06-19,华南,厦门,美妆,彩妆,美-彩-835,站内推荐,支付宝,117.29,4,0.065,486.26,292.16,0.3992,0,0.0,C269372391
O5267792153,2025-06-19,华东,上海,服饰,上衣,服-上-377,信息流广告,支付宝,138.25,4,0.077,535.94,302.88,0.4349,0,0.0,C360440689
O6197640630,2025-06-19,华东,杭州,食品,饮料,食-饮-342,站内推荐,支付宝,45.89,2,0.01,95.41,64.02,0.329,0,0.0,C012113013
O7029037523,2025-06-19,华中,武汉,美妆,彩妆,美-彩-611,站内推荐,微信支付,123.8,1,0.059,122.32,59.29,0.5153,0,0.0,C420607799
O8521359477,2025-06-19,华北,北京,家居,厨具,家-厨-425,自然搜索,支付宝,117.23,1,0.0,123.09,69.19,0.4379,0,0.0,C478676961
O7230865874,2025-06-19,东北,沈阳,家居,厨具,家-厨-635,直播,微信支付,69.1,1,0.109,63.15,41.38,0.3447,0,0.0,C826446596
O4507299102,2025-06-19,华中,南昌,食品,饮料,食-饮-679,站内推荐,微信支付,47.36,2,0.029,96.57,64.83,0.3287,0,0.0,C390218658
O0674896369,2025-06-19,西南,重庆,美妆,护肤,美-护-344,站内推荐,微信支付,182.18,4,0.103,743.7,391.42,0.4737,0,0.0,C575493075
O9997380718,2025-06-19,华东,苏州,美妆,香氛,美-香-998,站内推荐,微信支付,160.6,2,0.03,327.14,174.95,0.4652,0,0.0,C261004822
O8295555720,2025-06-19,华南,广州,服饰,裤装,服-裤-808,自然搜索,微信支付,55.04,2,0.058,114.95,61.94,0.4612,0,0.0,C838687211
O5668903891,2025-06-20,西北,西安,食品,速食,食-速-874,直播,支付宝,35.14,4,0.061,138.59,95.15,0.3134,0,0.0,C291480878
O6929659088,2025-06-20,华北,北京,美妆,护肤,美-护-516,自然搜索,支付宝,193.47,1,0.098,183.24,87.77,0.521,0,0.0,C753164490
O6719687712,2025-06-20,华北,太原,美妆,彩妆,美-彩-768,直播,支付宝,196.97,4,0.077,763.57,405.95,0.4684,0,0.0,C354453576
O5908252684,2025-06-20,华东,杭州,数码,智能穿戴,数-智-825,站内推荐,支付宝,190.25,3,0.045,572.32,440.93,0.2296,0,0.0,C245710712
O0547639101,2025-06-20,华北,北京,服饰,上衣,服-上-792,直播,货到付款,128.84,2,,254.33,155.94,0.3869,0,0.0,C591772177
O2045560202,2025-06-20,华北,石家庄,家居,清洁,家-清-754,直播,支付宝,84.2,1,0.096,79.92,45.72,0.4279,0,0.0,C283517586
O8370437602,2025-06-20,华中,武汉,数码,智能穿戴,数-智-457,信息流广告,微信支付,230.43,4,0.066,903.93,708.06,0.2167,0,0.0,C501807595
O7752684710,2025-06-20,西南,成都,数码,智能穿戴,数-智-551,直播,微信支付,242.96,2,0.095,500.56,360.75,0.2793,0,0.0,C033896994
O3153798574,2025-06-20,华南,深圳,美妆,彩妆,美-彩-325,自然搜索,微信支付,222.55,3,0.061,695.16,401.57,0.4223,0,0.0,C610026490
O7189558407,2025-06-20,华东,南京,数码,耳机,数-耳-558,线下导流,支付宝,150.61,1,0.055,149.44,102.0,0.3175,0,0.0,C360333549
O4878765083,2025-06-20,华北,天津,美妆,彩妆,美-彩-937,站内推荐,货到付款,183.35,3,0.082,530.19,288.7,0.4555,0,0.0,C370199903
O4235061763,2025-06-20,华东,南京,美妆,香氛,美-香-654,直播,支付宝,215.78,1,0.151,192.36,112.2,0.4167,0,0.0,C310901047
O6109516238,2025-06-20,华中,郑州,服饰,鞋靴,服-鞋-301,站内推荐,货到付款,103.98,2,0.037,210.28,115.0,0.4531,0,0.0,C555275375
O2838427099,2025-06-20,华北,天津,数码,配件,数-配-457,信息流广告,支付宝,177.75,3,0.088,510.64,397.49,0.2216,0,0.0,C889405478
O3888090326,2025-06-20,华中,南昌,数码,智能穿戴,数-智-654,站内推荐,银行卡,163.32,3,0.06,483.59,357.94,0.2598,0,0.0,C258184541
O8777963254,2025-06-20,华南,深圳,数码,智能穿戴,数-智-818,私域,支付宝,256.28,3,0.02,835.47,647.25,0.2253,0,0.0,C136122483
O9813480781,2025-06-20,华东,苏州,服饰,鞋靴,服-鞋-913,直播,支付宝,200.95,4,0.099,760.43,426.91,0.4386,0,0.0,C365420252
O3706969809,2025-06-20,华中,南昌,家居,收纳,家-收-298,自然搜索,微信支付,86.14,4,0.078,333.57,190.28,0.4296,0,0.0,C028462902
O2016723937,2025-06-20,华中,长沙,服饰,裤装,服-裤-864,直播,支付宝,165.37,1,0.079,159.92,89.17,0.4424,0,0.0,C899196283
O0377018893,2025-06-20,西南,贵阳,食品,饮料,食-饮-232,信息流广告,支付宝,26.66,4,0.106,108.52,74.25,0.3158,0,0.0,C411501201
O9385417992,2025-06-20,华北,石家庄,家居,清洁,家-清-878,站内推荐,微信支付,52.02,4,0.041,209.53,138.35,0.3397,0,0.0,C679962146
O0310201324,2025-06-21,华中,武汉,美妆,护肤,美-护-903,站内推荐,微信支付,77.22,4,0.087,296.11,160.76,0.4571,0,0.0,C703325220
O1859393858,2025-06-21,华南,佛山,服饰,上衣,服-上-865,直播,银行卡,138.29,1,0.102,137.74,74.43,0.4596,0,0.0,C727156052
O6919494245,2025-06-21,华东,苏州,数码,智能穿戴,数-智-704,自然搜索,支付宝,153.68,4,0.119,568.65,401.4,0.2941,0,0.0,C324372375
O3600243304,2025-06-21,华南,佛山,美妆,香氛,美-香-931,信息流广告,微信支付,173.97,4,0.136,666.89,381.15,0.4285,0,0.0,C067536822
O2162870203,2025-06-21,华东,南京,服饰,鞋靴,服-鞋-365,信息流广告,微信支付,103.01,1,0.091,98.32,56.99,0.4204,0,0.0,C593425376
O3015716601,2025-06-21,华中,长沙,数码,耳机,数-耳-551,自然搜索,支付宝,111.91,1,0.076,108.58,80.85,0.2554,0,0.0,C110889833
O5353605246,2025-06-21,西南,昆明,美妆,香氛,美-香-581,直播,微信支付,133.72,4,0.084,557.95,318.09,0.4299,0,0.0,C490383069
O3921597087,2025-06-21,西北,兰州,家居,厨具,家-厨-777,自然搜索,微信支付,11.25,1,0.075,10.93,6.68,0.3888,0,0.0,C974293569
O7558584176,2025-06-21,西南,重庆,家居,清洁,家-清-465,站内推荐,银行卡,81.19,1,0.049,87.93,56.48,0.3577,0,0.0,C302447308
O7638083824,2025-06-21,华南,佛山,数码,智能穿戴,数-智-897,站内推荐,微信支付,235.29,3,0.08,720.31,484.09,0.3279,0,0.0,C187361658
O7470681166,2025-06-21,华中,郑州,美妆,彩妆,美-彩-904,自然搜索,支付宝,160.02,3,0.008,500.03,280.1,0.4398,0,0.0,C723026651
O1873708390,2025-06-21,华北,北京,家居,厨具,家-厨-464,自然搜索,支付宝,90.35,1,0.032,91.83,63.03,0.3136,0,0.0,C216408383
O8434729344,2025-06-21,华中,郑州,服饰,鞋靴,服-鞋-959,信息流广告,微信支付,149.78,2,0.092,285.6,165.63,0.4201,0,0.0,C150883328
O7136356817,2025-06-21,华东,上海,数码,耳机,数-耳-457,信息流广告,微信支付,147.4,2,0.063,290.04,208.57,0.2809,0,0.0,C970356788
O4727483516,2025-06-21,华东,上海,数码,智能穿戴,数-智-875,私域,微信支付,205.26,3,0.07,601.31,431.64,0.2822,0,0.0,C531994561
O4394270640,2025-06-21,华北,石家庄,家居,清洁,家-清-755,站内推荐,微信支付,81.28,2,0.068,159.08,102.44,0.356,0,0.0,C240780301
O0467364552,2025-06-21,华北,石家庄,家居,厨具,家-厨-702,私域,支付宝,90.73,4,0.04,365.82,203.96,0.4425,0,0.0,C937772961
O8159746049,2025-06-21,华北,石家庄,食品,速食,食-速-863,自然搜索,微信支付,39.42,1,0.013,40.85,25.52,0.3753,0,0.0,C497918221
O5069026543,2025-06-22,华南,广州,数码,耳机,数-耳-916,私域,银行卡,211.26,4,0.062,879.47,651.49,0.2592,0,0.0,C740136099
O4158394286,2025-06-22,华南,广州,美妆,护肤,美-护-579,私域,支付宝,149.01,4,0.037,636.86,396.0,0.3782,0,0.0,C625810762
O5294386596,2025-06-22,华南,厦门,食品,饮料,食-饮-531,直播,微信支付,64.67,1,0.116,63.43,44.41,0.2999,0,0.0,C877601577
O5603323667,2025-06-22,西南,成都,食品,饮料,食-饮-649,私域,微信支付,73.54,3,0.054,237.78,155.85,0.3446,0,0.0,C495382879
O2969304266,2025-06-22,华南,佛山,数码,耳机,数-耳-903,线下导流,货到付款,237.01,1,0.031,254.82,207.88,0.1842,0,0.0,C464752119
O8456350479,2025-06-22,华中,郑州,美妆,彩妆,美-彩-330,站内推荐,支付宝,150.32,4,0.033,610.51,281.03,0.5397,0,0.0,C832228026
O6799239326,2025-06-22,华东,上海,数码,配件,数-配-889,直播,微信支付,199.83,4,0.134,726.82,569.99,0.2158,0,0.0,C501686498
O7937892248,2025-06-22,华中,南昌,家居,收纳,家-收-602,私域,微信支付,68.76,4,0.073,267.71,164.01,0.3874,0,0.0,C857076369
O3190941215,2025-06-22,西南,贵阳,家居,清洁,家-清-991,站内推荐,微信支付,100.44,1,0.083,104.93,61.17,0.417,0,0.0,C279200679
O5433717954,2025-06-22,华北,北京,家居,收纳,家-收-242,直播,银行卡,83.23,3,0.078,241.72,147.16,0.3912,0,0.0,C817739422
O4308732971,2025-06-22,西北,乌鲁木齐,家居,厨具,家-厨-830,自然搜索,支付宝,70.82,1,0.011,73.54,47.31,0.3567,0,0.0,C157006153
O5747229282,2025-06-22,华中,武汉,美妆,护肤,美-护-538,信息流广告,支付宝,268.2,1,0.084,257.95,145.69,0.4352,0,0.0,C130795989
O3786530286,2025-06-22,华北,石家庄,服饰,鞋靴,服-鞋-470,信息流广告,支付宝,107.45,2,0.079,207.82,106.37,0.4882,0,0.0,C792677896
O7729652443,2025-06-22,西南,重庆,服饰,上衣,服-上-589,直播,微信支付,95.52,4,0.119,383.51,218.86,0.4293,0,0.0,C317243952
O0997151634,2025-06-22,华中,,食品,零食,食-零-263,直播,支付宝,48.77,2,0.056,96.68,66.33,0.3139,0,0.0,C643422104
O3899847762,2025-06-22,华东,南京,美妆,彩妆,美-彩-591,私域,支付宝,138.71,4,0.064,545.3,305.53,0.4397,0,0.0,C270064972
O0218111021,2025-06-23,华东,杭州,食品,速食,食-速-368,站内推荐,支付宝,43.69,3,0.058,129.64,85.19,0.3429,0,0.0,C688584634
O2982701531,2025-06-23,华南,深圳,数码,耳机,数-耳-881,站内推荐,货到付款,148.46,3,0.062,463.67,312.84,0.3253,0,0.0,C585414838
O4516197138,2025-06-23,华北,北京,家居,厨具,家-厨-675,直播,微信支付,135.14,2,0.097,256.27,162.44,0.3661,0,0.0,C026521340
O5348068853,2025-06-23,华南,广州,食品,速食,食-速-944,私域,银行卡,39.4,2,0.047,83.35,58.15,0.3023,0,0.0,C933542351
O8064855928,2025-06-23,华东,南京,食品,速食,食-速-194,直播,支付宝,54.7,1,0.131,49.91,37.01,0.2585,0,0.0,C956854783
O9616912415,2025-06-23,西南,昆明,数码,智能穿戴,数-智-221,私域,支付宝,202.14,1,0.023,225.11,158.95,0.2939,0,0.0,C622755075
O5043466313,2025-06-23,东北,长春,美妆,护肤,美-护-819,自然搜索,微信支付,201.72,4,0.0,827.09,483.05,0.416,1,575.39,C305391933
O4909242933,2025-06-23,华南,深圳,食品,速食,食-速-790,站内推荐,微信支付,25.61,3,0.096,77.09,56.54,0.2666,0,0.0,C623271631
O1455384578,2025-06-23,华南,佛山,食品,速食,食-速-196,直播,支付宝,41.93,2,0.15,79.11,51.77,0.3456,0,0.0,C306189007
O1096990071,2025-06-23,东北,沈阳,家居,收纳,家-收-911,直播,支付宝,67.23,3,0.122,181.52,112.57,0.3798,1,168.6,C884294253
O0616397497,2025-06-23,华东,苏州,食品,速食,食-速-795,站内推荐,支付宝,66.38,1,0.021,68.24,48.77,0.2853,0,0.0,C266809250
O7217296353,2025-06-23,华中,郑州,食品,饮料,食-饮-254,直播,货到付款,36.34,1,0.063,35.75,26.69,0.2534,0,0.0,C245632115
O5310455434,2025-06-23,西南,重庆,家居,厨具,家-厨-933,站内推荐,银行卡,52.56,2,0.069,111.55,68.04,0.39,0,0.0,C792684455
O5703199923,2025-06-23,华东,宁波,数码,耳机,数-耳-555,自然搜索,货到付款,244.08,3,0.017,755.78,578.49,0.2346,1,607.33,C408160160
O2112079812,2025-06-23,华北,北京,家居,收纳,家-收-879,站内推荐,支付宝,108.35,4,0.06,427.77,266.57,0.3768,0,0.0,C240266740
O4704457034,2025-06-23,华北,太原,美妆,香氛,美-香-682,信息流广告,微信支付,107.05,4,0.082,412.74,225.3,0.4541,0,0.0,C617757590
O1959580123,2025-06-23,华东,南京,家居,清洁,家-清-915,自然搜索,支付宝,111.98,1,0.026,114.52,74.77,0.3471,0,0.0,C269129361
O5446689982,2025-06-23,华北,太原,美妆,护肤,美-护-228,私域,支付宝,184.71,4,0.056,732.34,438.02,0.4019,0,0.0,C666874255
O3779130551,2025-06-23,华东,苏州,服饰,鞋靴,服-鞋-587,自然搜索,支付宝,166.28,4,0.075,646.0,368.14,0.4301,0,0.0,C953747785
O4958567746,2025-06-23,华南,佛山,服饰,裤装,服-裤-609,站内推荐,微信支付,208.24,1,0.065,216.1,127.6,0.4095,0,0.0,C301652498
O1308876679,2025-06-23,西南,重庆,家居,收纳,家-收-525,直播,支付宝,72.36,4,0.095,298.57,183.01,0.387,0,0.0,C923154665
O4554125202,2025-06-23,华北,北京,服饰,鞋靴,服-鞋-454,私域,银行卡,131.59,4,0.105,494.65,300.72,0.3921,0,0.0,C990284266
O5807993850,2025-06-24,华中,郑州,数码,配件,数-配-398,线下导流,银行卡,205.45,1,0.025,210.33,156.97,0.2537,1,147.57,C477336083
O6689932747,2025-06-24,华北,天津,数码,智能穿戴,数-智-954,私域,支付宝,236.11,1,0.038,238.49,172.4,0.2771,0,0.0,C864851101
O1949805100,2025-06-24,华北,天津,数码,智能穿戴,数-智-928,直播,微信支付,180.45,3,0.05,540.0,400.13,0.259,0,0.0,C784960366
O4122325917,2025-06-24,西南,昆明,数码,配件,数-配-269,站内推荐,银行卡,112.84,1,0.122,112.98,94.15,0.1667,0,0.0,C517469121
O9136382991,2025-06-24,西南,昆明,家居,清洁,家-清-488,站内推荐,支付宝,76.25,2,0.008,172.51,115.17,0.3324,0,0.0,C761628808
O1027173727,2025-06-24,华南,佛山,家居,厨具,家-厨-547,直播,微信支付,86.71,1,0.103,86.35,60.25,0.3023,0,0.0,C070470996
O3403330953,2025-06-24,华南,深圳,家居,清洁,家-清-398,直播,微信支付,34.47,3,0.08,105.62,58.12,0.4497,0,0.0,C982178781
O4675536910,2025-06-24,华南,厦门,数码,耳机,数-耳-737,线下导流,支付宝,188.78,4,0.055,792.25,584.8,0.2618,0,0.0,C765045715
O3977068442,2025-06-24,华东,上海,食品,饮料,食-饮-215,自然搜索,银行卡,65.04,3,0.036,197.5,131.44,0.3345,1,150.91,C431921710
O7430478467,2025-06-24,华南,厦门,数码,耳机,数-耳-459,自然搜索,银行卡,285.64,2,0.03,615.23,478.28,0.2226,0,0.0,C215607434
O3472427856,2025-06-24,华东,南京,数码,配件,数-配-247,私域,银行卡,253.5,2,0.03,516.38,434.31,0.1589,0,0.0,C742960542
O1421875017,2025-06-24,西南,重庆,服饰,裤装,服-裤-868,站内推荐,微信支付,145.71,3,0.039,479.04,298.52,0.3768,0,0.0,C348299529
O0815488997,2025-06-24,华南,深圳,数码,配件,数-配-754,直播,支付宝,236.22,2,0.119,462.1,324.65,0.2974,0,0.0,C228672918
O8497996203,2025-06-24,华东,宁波,家居,厨具,家-厨-508,直播,微信支付,74.99,2,0.074,145.83,98.32,0.3258,0,0.0,C290592514
O4438708387,2025-06-24,华北,太原,食品,零食,食-零-671,信息流广告,银行卡,30.38,3,0.094,86.7,60.09,0.3069,0,0.0,C464716079
O0390556933,2025-06-24,西南,贵阳,服饰,裤装,服-裤-524,线下导流,支付宝,154.45,1,0.101,158.34,80.28,0.493,0,0.0,C585045866
O8387939239,2025-06-24,华东,杭州,家居,清洁,家-清-162,自然搜索,支付宝,79.46,3,0.047,238.53,157.35,0.3403,0,0.0,C288988355
O9008584947,2025-06-25,华南,佛山,数码,耳机,数-耳-793,自然搜索,支付宝,251.92,4,0.07,1040.77,740.21,0.2888,0,0.0,C972736612
O5591282342,2025-06-25,华北,北京,美妆,护肤,美-护-126,自然搜索,支付宝,147.83,1,0.08,142.8,87.16,0.3896,1,124.73,C578493882
O0374695308,2025-06-25,华中,武汉,服饰,裤装,服-裤-762,站内推荐,微信支付,162.09,3,0.165,426.34,248.84,0.4163,0,0.0,C736264200
O4569324949,2025-06-25,华北,太原,美妆,彩妆,美-彩-817,信息流广告,微信支付,125.27,1,0.06,123.64,75.16,0.3921,1,109.38,C716853808
O9881028809,2025-06-25,华东,南京,服饰,上衣,服-上-764,私域,微信支付,82.99,4,0.051,330.78,181.45,0.4514,1,310.77,C246132334
O0483581885,2025-06-25,西南,昆明,服饰,上衣,服-上-900,信息流广告,银行卡,132.77,2,0.089,275.98,154.81,0.4391,0,0.0,C217350505
O8165711337,2025-06-25,西北,银川,家居,清洁,家-清-714,直播,支付宝,67.01,4,0.164,235.29,154.07,0.3452,0,0.0,C190553102
O1460051508,2025-06-25,华中,长沙,美妆,香氛,美-香-420,私域,微信支付,144.08,4,0.048,576.09,311.99,0.4584,0,0.0,C669618468
O2088014217,2025-06-25,华中,南昌,美妆,彩妆,美-彩-821,站内推荐,支付宝,156.8,1,0.092,149.49,89.22,0.4032,0,0.0,C835430797
O7349350600,2025-06-25,华南,佛山,家居,清洁,家-清-734,直播,微信支付,68.1,2,0.139,130.24,74.55,0.4276,0,0.0,C215228607
O4298384623,2025-06-25,东北,长春,数码,配件,数-配-171,信息流广告,微信支付,198.94,4,0.132,707.82,532.8,0.2473,0,0.0,C924737359
O9546607511,2025-06-25,华东,苏州,服饰,鞋靴,服-鞋-392,自然搜索,货到付款,149.06,3,0.026,457.33,242.9,0.4689,0,0.0,C183437493
O4674503744,2025-06-25,华北,石家庄,食品,速食,食-速-902,自然搜索,微信支付,53.0,2,0.049,105.85,69.43,0.3441,0,0.0,C944783161
O6320947803,2025-06-25,西北,乌鲁木齐,美妆,护肤,美-护-121,自然搜索,支付宝,230.58,2,0.06,455.16,253.01,0.4441,0,0.0,C369652475
O3297663284,2025-06-25,华南,广州,家居,清洁,家-清-682,直播,支付宝,107.98,3,0.095,325.58,206.91,0.3645,0,0.0,C750803758
O1587503488,2025-06-26,华南,佛山,美妆,护肤,美-护-689,私域,支付宝,224.53,3,0.048,712.39,359.74,0.495,0,0.0,C431411953
O5887612041,2025-06-26,华南,佛山,服饰,裤装,服-裤-606,信息流广告,支付宝,113.01,2,0.032,243.06,154.41,0.3647,0,0.0,C649723407
O2104806898,2025-06-26,华北,北京,家居,清洁,家-清-779,私域,微信支付,100.6,2,0.042,202.39,125.98,0.3775,0,0.0,C019099280
O8128828324,2025-06-26,华南,深圳,数码,智能穿戴,数-智-419,自然搜索,微信支付,134.17,1,0.029,144.73,108.07,0.2533,0,0.0,C562600297
O5064499089,2025-06-26,华中,武汉,美妆,护肤,美-护-360,站内推荐,微信支付,188.0,1,0.088,180.03,100.61,0.4411,0,0.0,C097260732
O7286431032,2025-06-26,华中,长沙,食品,零食,食-零-887,站内推荐,微信支付,60.73,2,0.055,120.52,81.09,0.3272,0,0.0,C641564695
O5171527288,2025-06-26,华中,长沙,服饰,上衣,服-上-712,直播,支付宝,88.16,4,0.116,327.32,193.44,0.409,0,0.0,C506605026
O3150997888,2025-06-27,华北,天津,服饰,上衣,服-上-587,信息流广告,微信支付,145.11,1,0.061,143.07,89.76,0.3726,0,0.0,C192087513
O8208490082,2025-06-27,西南,昆明,美妆,护肤,美-护-338,私域,银行卡,223.76,1,0.04,245.29,145.47,0.4069,0,0.0,C412507293
O9530734641,2025-06-27,西北,乌鲁木齐,服饰,鞋靴,服-鞋-984,站内推荐,货到付款,140.44,4,0.05,560.36,258.67,0.5384,0,0.0,C847728978
O4344914104,2025-06-27,华东,苏州,美妆,彩妆,美-彩-853,信息流广告,银行卡,155.27,3,0.089,445.57,267.4,0.3999,0,0.0,C426074095
O4123781159,2025-06-27,华北,石家庄,数码,配件,数-配-680,自然搜索,支付宝,172.26,4,0.054,684.42,488.95,0.2856,0,0.0,C267031901
O9783354621,2025-06-27,华东,苏州,服饰,鞋靴,服-鞋-864,直播,支付宝,109.19,4,0.108,409.07,217.92,0.4673,0,0.0,C480083576
O0800138709,2025-06-27,华东,宁波,服饰,裤装,服-裤-550,站内推荐,银行卡,140.82,1,0.092,134.26,79.56,0.4074,0,0.0,C292668619
O1579187599,2025-06-28,华东,杭州,数码,配件,数-配-797,站内推荐,微信支付,222.81,4,0.057,882.46,669.86,0.2409,0,0.0,C400632026
O7151939079,2025-06-28,华中,郑州,数码,耳机,数-耳-216,信息流广告,支付宝,230.34,3,0.096,655.92,487.22,0.2572,0,0.0,C199870137
O1658784973,2025-06-28,华南,广州,美妆,香氛,美-香-707,站内推荐,支付宝,133.2,1,0.023,144.66,80.13,0.4461,0,0.0,C270875929
O5941822383,2025-06-28,西南,成都,数码,配件,数-配-332,站内推荐,微信支付,252.54,4,0.048,1098.64,796.29,0.2752,0,0.0,C988488331
O1666409907,2025-06-28,华中,长沙,数码,耳机,数-耳-211,站内推荐,微信支付,237.56,1,0.075,230.73,175.65,0.2387,0,0.0,C723783641
O2152681118,2025-06-28,华中,武汉,美妆,护肤,美-护-733,站内推荐,微信支付,174.73,3,0.07,511.87,297.53,0.4187,0,0.0,C976624930
O3658386709,2025-06-28,西南,成都,服饰,鞋靴,服-鞋-346,自然搜索,银行卡,123.14,4,0.072,522.2,338.62,0.3516,0,0.0,C564156136
O6412322794,2025-06-28,华南,深圳,食品,饮料,食-饮-255,直播,微信支付,44.64,1,0.08,45.65,28.54,0.3748,0,0.0,C436605445
O1522274107,2025-06-28,东北,沈阳,美妆,彩妆,美-彩-852,线下导流,支付宝,163.29,1,0.071,155.39,81.15,0.4778,0,0.0,C633809815
O4426225184,2025-06-28,东北,长春,服饰,上衣,服-上-436,自然搜索,微信支付,92.81,2,0.045,181.58,99.73,0.4508,0,0.0,C930360478
O6070413140,2025-06-28,西南,昆明,数码,智能穿戴,数-智-545,信息流广告,微信支付,175.78,2,0.032,388.78,303.48,0.2194,0,0.0,C876705286
O9358428672,2025-06-28,华中,郑州,服饰,裤装,服-裤-439,直播,支付宝,122.68,2,0.093,233.67,129.85,0.4443,0,0.0,C027274320
O4436024041,2025-06-28,华北,天津,美妆,香氛,美-香-788,站内推荐,微信支付,135.98,2,0.035,275.56,150.68,0.4532,0,0.0,C914247371
O7495156817,2025-06-29,华北,太原,服饰,上衣,服-上-353,自然搜索,支付宝,139.52,4,0.068,546.14,337.72,0.3816,0,0.0,C695950115
O0575261529,2025-06-29,东北,哈尔滨,美妆,护肤,美-护-108,自然搜索,货到付款,105.29,3,0.05,307.33,159.97,0.4795,0,0.0,C770464156
O3722416973,2025-06-29,华南,厦门,数码,配件,数-配-712,自然搜索,微信支付,140.18,4,0.021,610.41,444.69,0.2715,0,0.0,C065840927
O3370342386,2025-06-29,东北,沈阳,食品,速食,食-速-913,私域,支付宝,27.01,1,0.056,26.11,17.37,0.3347,0,0.0,C381862815
O7402108805,2025-06-29,西北,西安,数码,配件,数-配-133,直播,支付宝,216.37,2,0.091,413.03,282.12,0.317,0,0.0,C853109689
O8948394378,2025-06-29,华东,杭州,美妆,彩妆,美-彩-616,私域,微信支付,122.5,2,0.086,235.13,122.32,0.4798,0,0.0,C293855211
O8462943085,2025-06-29,西南,昆明,食品,饮料,食-饮-537,信息流广告,微信支付,61.24,3,0.067,195.91,133.64,0.3179,0,0.0,C152617162
O6805936462,2025-06-29,华东,宁波,食品,零食,食-零-449,信息流广告,微信支付,34.44,1,0.096,32.69,22.08,0.3246,0,0.0,C251569212
O1295472338,2025-06-29,华南,深圳,食品,零食,食-零-235,直播,银行卡,57.23,3,0.076,176.4,128.81,0.2698,0,0.0,C404249324
O7634825315,2025-06-29,华东,上海,美妆,护肤,美-护-402,站内推荐,支付宝,145.92,1,0.077,141.42,74.12,0.4759,0,0.0,C626999467
O8744047915,2025-06-29,华北,太原,数码,智能穿戴,数-智-166,站内推荐,微信支付,166.84,2,0.046,334.25,265.21,0.2066,0,0.0,C237002272
O4804474944,2025-06-29,华中,南昌,美妆,护肤,美-护-887,站内推荐,微信支付,169.98,2,0.069,332.33,173.18,0.4789,0,0.0,C284477619
O5356553035,2025-06-29,西南,昆明,数码,配件,数-配-521,私域,微信支付,185.79,1,0.079,195.57,138.29,0.2929,0,0.0,C305589507
O5271891330,2025-06-29,华中,长沙,数码,配件,数-配-423,私域,支付宝,151.37,3,0.069,443.92,304.25,0.3146,0,0.0,C074252511
O7766301429,2025-06-29,华南,广州,家居,厨具,家-厨-791,站内推荐,支付宝,74.28,1,0.067,77.06,46.55,0.3959,0,0.0,C864845735
O6394463392,2025-06-29,华中,长沙,服饰,上衣,服-上-389,直播,支付宝,217.88,4,0.12,805.28,460.68,0.4279,0,0.0,C673334673
O5752599850,2025-06-29,华中,武汉,家居,收纳,家-收-871,自然搜索,支付宝,102.01,1,0.099,96.51,52.42,0.4568,0,0.0,C489508854
O6747805849,2025-06-29,华中,南昌,美妆,香氛,美-香-152,线下导流,微信支付,143.25,1,0.068,140.18,76.33,0.4555,1,127.33,C813346850
O2757466420,2025-06-30,华南,广州,食品,速食,食-速-922,信息流广告,支付宝,40.36,1,0.125,39.28,27.55,0.2986,0,0.0,C964444494
O5234654694,2025-06-30,华中,郑州,美妆,护肤,美-护-488,信息流广告,货到付款,168.16,3,0.088,483.09,296.34,0.3866,0,0.0,C088508191
O0275924120,2025-06-30,华南,广州,数码,配件,数-配-690,信息流广告,微信支付,135.77,3,0.144,387.81,306.32,0.2101,0,0.0,C206903807
O1959485890,2025-06-30,华北,石家庄,服饰,鞋靴,服-鞋-586,信息流广告,微信支付,187.08,1,0.157,165.59,109.21,0.3405,0,0.0,C402043034
O9325169336,2025-06-30,东北,大连,家居,收纳,家-收-720,站内推荐,微信支付,70.94,1,0.037,69.96,43.08,0.3842,0,0.0,C664020171
O5083804613,2025-06-30,华北,北京,家居,厨具,家-厨-844,私域,货到付款,103.53,1,0.014,107.18,69.16,0.3547,0,0.0,C041254084
O7528003139,2025-06-30,华南,深圳,家居,厨具,家-厨-890,直播,支付宝,54.69,3,0.079,168.08,109.85,0.3464,0,0.0,C443732067
O3103718979,2025-06-30,华中,长沙,数码,耳机,数-耳-708,自然搜索,微信支付,257.55,3,0.033,784.51,655.88,0.164,0,0.0,C609781316
O6673293682,2025-06-30,华北,北京,数码,耳机,数-耳-961,站内推荐,支付宝,262.38,3,0.067,771.12,588.09,0.2374,0,0.0,C311713118
O6995620749,2025-06-30,西南,重庆,服饰,裤装,服-裤-190,私域,微信支付,198.1,2,0.042,434.01,258.09,0.4053,0,0.0,C227516867
O1902322605,2025-06-30,华北,石家庄,食品,饮料,食-饮-585,私域,支付宝,62.71,4,0.039,253.11,176.33,0.3033,0,0.0,C453935453
O9265478934,2025-06-30,华北,石家庄,服饰,上衣,服-上-771,站内推荐,微信支付,93.26,2,0.065,183.12,114.9,0.3725,0,0.0,C497925544
O7206247357,2025-06-30,华南,广州,家居,收纳,家-收-772,线下导流,微信支付,68.03,3,0.04,217.93,142.28,0.3471,0,0.0,C733112998
O2224451854,2025-06-30,华南,广州,家居,厨具,家-厨-682,站内推荐,微信支付,53.8,3,0.064,168.04,98.94,0.4112,0,0.0,C497542199
O6280149292,2025-06-30,华南,佛山,食品,零食,食-零-932,信息流广告,支付宝,51.09,3,0.114,151.05,104.92,0.3054,0,0.0,C635324354
O9839897364,2025-06-30,华北,石家庄,家居,收纳,家-收-153,私域,微信支付,29.08,1,0.04,29.31,17.5,0.4029,0,0.0,C990776909
O3355055557,2025-06-30,华东,苏州,家居,厨具,家-厨-840,直播,支付宝,80.96,3,0.065,238.45,133.63,0.4396,0,0.0,C716843514
O9484190836,2025-06-30,华中,武汉,服饰,鞋靴,服-鞋-331,站内推荐,支付宝,154.02,2,0.0,323.44,190.17,0.412,0,0.0,C623120048
O8444772375,2025-06-30,西南,重庆,美妆,彩妆,美-彩-710,私域,微信支付,166.43,4,0.08,700.33,415.91,0.4061,0,0.0,C708881562
O4633394005,2025-07-01,西南,贵阳,服饰,鞋靴,服-鞋-553,私域,银行卡,156.53,1,0.095,162.06,87.32,0.4612,0,0.0,C060656530
O4141113631,2025-07-01,华东,宁波,服饰,鞋靴,服-鞋-929,站内推荐,银行卡,114.4,4,0.019,471.35,257.27,0.4542,0,0.0,C916407110
O7852332619,2025-07-01,华东,上海,家居,收纳,家-收-247,自然搜索,支付宝,43.39,2,0.087,83.19,53.03,0.3625,0,0.0,C166664162
O2451377152,2025-07-01,华中,武汉,家居,清洁,家-清-957,信息流广告,支付宝,112.78,3,0.085,325.06,186.16,0.4273,0,0.0,C766530784
O4873107164,2025-07-01,华东,上海,服饰,鞋靴,服-鞋-791,线下导流,微信支付,117.7,4,0.033,478.03,290.0,0.3933,0,0.0,C780493778
O7653801162,2025-07-01,东北,沈阳,美妆,护肤,美-护-232,信息流广告,支付宝,119.11,3,0.082,335.87,220.17,0.3445,0,0.0,C016557585
O3542431720,2025-07-01,华北,石家庄,数码,配件,数-配-885,站内推荐,银行卡,162.45,2,0.087,311.47,236.6,0.2404,0,0.0,C863713344
O7571907802,2025-07-01,华南,广州,数码,耳机,数-耳-706,信息流广告,微信支付,203.32,4,0.13,787.26,562.47,0.2855,0,0.0,C241590874
O2421036961,2025-07-01,东北,长春,家居,厨具,家-厨-251,线下导流,支付宝,97.9,1,0.104,89.81,56.46,0.3713,0,0.0,C055051690
O7166668368,2025-07-01,华中,郑州,数码,智能穿戴,数-智-698,私域,支付宝,139.64,2,0.04,281.51,214.38,0.2385,0,0.0,C698474909
O3972391706,2025-07-01,华东,宁波,服饰,裤装,服-裤-680,站内推荐,银行卡,188.88,3,0.077,549.16,303.66,0.447,0,0.0,C300199231
O3467200341,2025-07-01,华中,郑州,食品,速食,食-速-398,站内推荐,银行卡,42.83,1,0.088,41.01,24.27,0.4082,0,0.0,C038267682
O3793641202,2025-07-01,华南,深圳,服饰,鞋靴,服-鞋-229,直播,微信支付,90.19,3,0.088,274.56,145.77,0.4691,0,0.0,C111059456
O5143476177,2025-07-01,华东,南京,家居,厨具,家-厨-678,直播,银行卡,65.2,3,0.119,180.94,118.42,0.3455,0,0.0,C090220648
O1374469806,2025-07-01,华北,天津,数码,智能穿戴,数-智-552,信息流广告,支付宝,168.66,3,,467.53,326.68,0.3013,0,0.0,C442279522
O6420473519,2025-07-01,华北,石家庄,食品,速食,食-速-903,直播,微信支付,38.12,1,0.08,36.82,21.46,0.4172,0,0.0,C834615254
O7924029538,2025-07-01,华南,广州,数码,耳机,数-耳-721,线下导流,支付宝,171.54,3,0.085,523.92,370.8,0.2923,0,0.0,C943852533
O6446341275,2025-07-01,华南,厦门,食品,饮料,食-饮-896,私域,银行卡,72.56,3,0.064,226.7,152.77,0.3261,0,0.0,C392509882
O4557394643,2025-07-01,华南,广州,服饰,上衣,服-上-958,自然搜索,微信支付,185.2,1,0.067,192.26,105.38,0.4519,0,0.0,C584063784
O8437720996,2025-07-01,西南,昆明,美妆,香氛,美-香-988,信息流广告,支付宝,93.37,4,0.111,379.83,230.17,0.394,0,0.0,C194665295
O0383806480,2025-07-02,西南,贵阳,家居,厨具,家-厨-206,直播,银行卡,73.31,1,0.111,74.59,49.74,0.3332,0,0.0,C994656564
O7639409556,2025-07-02,东北,哈尔滨,数码,耳机,数-耳-212,信息流广告,微信支付,191.74,4,0.109,699.59,516.87,0.2612,0,0.0,C104892988
O6550797161,2025-07-02,西北,兰州,食品,零食,食-零-869,直播,支付宝,43.95,1,0.148,39.32,25.74,0.3454,0,0.0,C648508580
O1224831180,2025-07-02,华东,杭州,数码,智能穿戴,数-智-530,私域,支付宝,142.08,3,0.035,431.89,318.31,0.263,0,0.0,C900090807
O6767291923,2025-07-02,西南,重庆,数码,耳机,数-耳-336,站内推荐,支付宝,191.31,1,0.076,202.31,147.02,0.2733,0,0.0,C649885973
O0374843267,2025-07-02,华南,广州,数码,配件,数-配-870,直播,支付宝,237.93,2,0.091,481.44,359.04,0.2542,1,412.0,C613627923
O1523748697,2025-07-02,华东,苏州,服饰,鞋靴,服-鞋-744,自然搜索,支付宝,100.28,1,0.103,94.45,47.02,0.5022,0,0.0,C976364308
O3814788809,2025-07-02,华南,佛山,美妆,香氛,美-香-976,信息流广告,微信支付,170.98,4,0.071,707.16,416.52,0.411,0,0.0,C472715059
O1107708928,2025-07-02,华北,石家庄,家居,清洁,家-清-394,直播,银行卡,42.73,2,0.114,79.5,46.97,0.4092,1,75.63,C947490121
O3742026683,2025-07-02,西南,昆明,美妆,彩妆,美-彩-342,直播,微信支付,161.04,2,0.122,323.65,188.3,0.4182,0,0.0,C973257417
O5587169415,2025-07-02,华东,南京,服饰,上衣,服-上-729,线下导流,微信支付,140.75,3,0.059,417.2,231.59,0.4449,0,0.0,C571632759
O2060611673,2025-07-02,华南,佛山,美妆,彩妆,美-彩-197,信息流广告,微信支付,168.61,3,0.109,501.62,295.35,0.4112,0,0.0,C308817984
O9911298450,2025-07-02,华南,深圳,服饰,裤装,服-裤-170,直播,微信支付,179.66,3,0.065,560.89,345.14,0.3847,0,0.0,C807380267
O0266721937,2025-07-02,华东,杭州,服饰,鞋靴,服-鞋-628,自然搜索,支付宝,169.02,2,0.047,338.26,192.03,0.4323,0,0.0,C088720259
O6496840382,2025-07-02,华北,石家庄,美妆,护肤,美-护-581,自然搜索,微信支付,126.9,4,0.087,486.61,295.94,0.3918,0,0.0,C867995611
O3563678154,2025-07-03,华东,上海,数码,耳机,数-耳-175,直播,微信支付,220.59,1,0.115,204.98,162.85,0.2055,0,0.0,C932731592
O8873844115,2025-07-03,华南,深圳,服饰,上衣,服-上-479,站内推荐,支付宝,132.72,1,0.056,139.49,81.26,0.4174,0,0.0,C787424151
O3666563415,2025-07-03,华东,南京,美妆,护肤,美-护-450,信息流广告,支付宝,213.46,2,0.129,390.44,195.51,0.4993,0,0.0,C399060342
O7536877624,2025-07-03,华中,南昌,美妆,香氛,美-香-298,自然搜索,微信支付,95.55,3,0.065,281.42,160.87,0.4284,0,0.0,C955651517
O7386058761,2025-07-03,华南,广州,服饰,上衣,服-上-257,线下导流,微信支付,157.5,2,0.041,336.33,206.45,0.3862,0,0.0,C968896501
O4327611868,2025-07-03,华中,郑州,家居,清洁,家-清-656,直播,微信支付,92.58,3,0.076,269.46,176.12,0.3464,0,0.0,C643894439
O8465690819,2025-07-03,华东,宁波,服饰,鞋靴,服-鞋-356,线下导流,支付宝,80.11,4,0.063,315.26,206.8,0.344,0,0.0,C410874981
O5612724425,2025-07-03,西南,昆明,数码,耳机,数-耳-274,站内推荐,支付宝,191.64,2,0.069,408.58,316.87,0.2245,0,0.0,C357726757
O2688623762,2025-07-03,华东,南京,服饰,鞋靴,服-鞋-705,站内推荐,微信支付,193.28,4,0.031,786.61,449.03,0.4292,0,0.0,C590558214
O6315018104,2025-07-03,华中,长沙,数码,耳机,数-耳-180,直播,微信支付,139.98,3,0.072,409.19,317.12,0.225,0,0.0,C823792128
O8800831597,2025-07-03,华中,长沙,食品,饮料,食-饮-773,线下导流,支付宝,34.27,1,0.061,33.79,23.54,0.3033,0,0.0,C417017109
O7448985470,2025-07-03,西南,昆明,服饰,鞋靴,服-鞋-558,私域,支付宝,109.14,1,0.064,116.97,74.71,0.3613,0,0.0,C634642140
O5077486254,2025-07-03,华中,郑州,服饰,上衣,服-上-337,自然搜索,支付宝,147.61,2,0.026,301.92,204.1,0.324,0,0.0,C667103043
O6584146163,2025-07-03,西北,乌鲁木齐,服饰,鞋靴,服-鞋-331,自然搜索,微信支付,59.37,4,0.06,234.39,145.5,0.3792,0,0.0,C945780300
O4960728248,2025-07-03,华南,厦门,数码,配件,数-配-592,直播,微信支付,281.26,1,0.068,291.85,217.37,0.2552,0,0.0,C719450043
O9124040135,2025-07-04,西南,成都,服饰,裤装,服-裤-997,信息流广告,微信支付,138.01,2,0.061,296.9,169.91,0.4277,0,0.0,C471094672
O4719925931,2025-07-04,华中,郑州,数码,智能穿戴,数-智-144,私域,微信支付,134.39,4,0.061,530.01,426.59,0.1951,0,0.0,C911442809
O9469141003,2025-07-04,华南,厦门,食品,速食,食-速-984,信息流广告,支付宝,50.88,1,0.049,53.89,32.81,0.3912,0,0.0,C073296772
O6486230455,2025-07-04,华东,南京,美妆,香氛,美-香-147,线下导流,微信支付,216.92,3,0.098,616.33,342.2,0.4448,0,0.0,C723774784
O3915002877,2025-07-04,华北,太原,美妆,彩妆,美-彩-862,线下导流,支付宝,188.79,4,0.04,761.2,494.72,0.3501,0,0.0,C125375559
O1469652361,2025-07-04,西南,重庆,食品,零食,食-零-783,线下导流,微信支付,61.61,3,0.051,200.93,125.18,0.377,0,0.0,C079969703
O1315340962,2025-07-04,西北,西安,食品,饮料,食-饮-297,信息流广告,微信支付,57.67,2,0.068,112.87,70.64,0.3741,0,0.0,C031170575
O6914052092,2025-07-04,华南,深圳,食品,速食,食-速-222,私域,支付宝,56.7,2,0.072,117.2,72.12,0.3846,0,0.0,C712073951
O7113493608,2025-07-04,华北,太原,美妆,护肤,美-护-309,信息流广告,支付宝,133.46,4,0.042,536.99,277.95,0.4824,0,0.0,C454763819
O7690580004,2025-07-04,华东,南京,食品,饮料,食-饮-887,直播,支付宝,52.24,3,0.129,143.33,91.68,0.3604,0,0.0,C574916455
O7601845954,2025-07-04,华中,郑州,家居,收纳,家-收-645,信息流广告,支付宝,71.01,1,0.079,68.67,42.28,0.3843,0,0.0,C839081427
O6854227356,2025-07-04,西南,昆明,数码,智能穿戴,数-智-302,信息流广告,银行卡,166.96,4,0.091,695.42,480.88,0.3085,0,0.0,C337675060
O1103449959,2025-07-04,华东,杭州,美妆,香氛,美-香-575,信息流广告,支付宝,151.27,2,0.073,294.48,185.13,0.3713,0,0.0,C805306562
O0773731385,2025-07-04,华南,深圳,家居,收纳,家-收-879,私域,微信支付,73.76,1,0.054,77.71,48.87,0.3711,1,48.98,C766610116
O2331427557,2025-07-04,华中,长沙,美妆,彩妆,美-彩-267,私域,微信支付,160.65,2,0.016,331.97,195.65,0.4106,0,0.0,C417947601
O9095233987,2025-07-04,华南,广州,食品,饮料,食-饮-981,直播,支付宝,38.91,1,0.115,38.35,26.62,0.3059,0,0.0,C008312662
O2948237002,2025-07-04,华南,厦门,数码,配件,数-配-495,私域,支付宝,235.82,3,0.105,705.16,520.02,0.2626,0,0.0,C057618435
O8719203405,2025-07-04,西北,兰州,数码,耳机,数-耳-786,直播,微信支付,297.51,2,0.099,562.92,398.02,0.2929,0,0.0,C454518621
O7291471912,2025-07-04,华中,南昌,数码,耳机,数-耳-129,直播,支付宝,216.24,3,0.077,628.71,418.61,0.3342,0,0.0,C363533425
O6250150976,2025-07-04,华南,广州,服饰,裤装,服-裤-361,信息流广告,银行卡,127.69,3,0.089,388.65,227.65,0.4143,0,0.0,C848081177
O3033870173,2025-07-04,华南,广州,数码,配件,数-配-906,信息流广告,微信支付,207.44,2,0.068,430.63,312.0,0.2755,0,0.0,C533147512
O1137786264,2025-07-04,华北,太原,美妆,彩妆,美-彩-886,直播,支付宝,242.34,1,0.156,214.76,123.5,0.4249,0,0.0,C659798432
O8376713565,2025-07-04,华南,广州,家居,厨具,家-厨-150,自然搜索,支付宝,65.03,1,0.05,68.8,40.77,0.4074,0,0.0,C234086674
O8278844750,2025-07-05,西南,昆明,食品,速食,食-速-574,自然搜索,微信支付,63.58,4,0.017,286.51,196.28,0.3149,0,0.0,C775554612
O6868955369,2025-07-05,华东,宁波,家居,厨具,家-厨-860,线下导流,支付宝,59.9,3,0.006,187.55,122.24,0.3482,0,0.0,C983730839
O2144200886,2025-07-05,西南,昆明,家居,清洁,家-清-245,自然搜索,支付宝,57.72,3,0.045,189.52,129.09,0.3189,0,0.0,C269871497
O4680450681,2025-07-05,华南,深圳,家居,清洁,家-清-927,直播,支付宝,73.51,3,0.081,225.78,149.82,0.3364,1,155.28,C849206468
O4680136832,2025-07-05,华东,上海,食品,饮料,食-饮-592,线下导流,微信支付,33.87,1,0.005,35.39,23.62,0.3326,0,0.0,C130584480
O0267063204,2025-07-05,华东,宁波,家居,清洁,家-清-796,信息流广告,支付宝,104.79,3,0.125,288.83,184.43,0.3615,0,0.0,C710182815
O2281227541,2025-07-05,东北,大连,数码,智能穿戴,数-智-250,直播,微信支付,253.45,1,0.037,249.76,191.56,0.233,0,0.0,C384902161
O6251456031,2025-07-05,华北,天津,美妆,彩妆,美-彩-647,信息流广告,微信支付,153.98,1,0.123,141.79,68.4,0.5176,0,0.0,C889993901
O1874506797,2025-07-05,华东,苏州,服饰,鞋靴,服-鞋-183,信息流广告,支付宝,141.31,4,0.083,544.24,329.05,0.3954,0,0.0,C253683717
O3204451926,2025-07-05,华南,佛山,食品,零食,食-零-978,站内推荐,微信支付,57.02,2,0.067,118.53,77.97,0.3422,0,0.0,C502633778
O7652585325,2025-07-05,华南,厦门,数码,智能穿戴,数-智-969,自然搜索,微信支付,249.33,4,0.068,1035.5,702.52,0.3216,0,0.0,C846541398
O7442460262,2025-07-05,华北,天津,家居,收纳,家-收-513,信息流广告,支付宝,118.91,3,0.076,346.1,207.29,0.4011,0,0.0,C573126291
O9234511404,2025-07-05,东北,长春,家居,收纳,家-收-961,私域,支付宝,106.91,4,0.061,410.92,245.59,0.4023,0,0.0,C104065172
O6999092364,2025-07-05,西南,昆明,服饰,上衣,服-上-406,站内推荐,微信支付,119.2,4,0.081,502.18,306.85,0.389,0,0.0,C861103483
O2875687538,2025-07-05,华北,天津,数码,配件,数-配-726,直播,微信支付,237.23,1,0.096,225.18,163.49,0.274,0,0.0,C588376259
O4481826047,2025-07-05,华东,南京,家居,清洁,家-清-407,直播,微信支付,61.8,1,0.094,58.79,38.26,0.3492,0,0.0,C632293605
O5919208220,2025-07-05,华北,太原,美妆,香氛,美-香-312,线下导流,支付宝,114.33,1,0.056,113.32,58.82,0.4809,0,0.0,C516426186
O3778866439,2025-07-05,华南,深圳,服饰,鞋靴,服-鞋-513,站内推荐,银行卡,154.81,4,0.036,665.02,431.99,0.3504,0,0.0,C287637858
O2834983685,2025-07-06,华中,长沙,食品,速食,食-速-700,信息流广告,支付宝,22.87,4,0.072,89.14,61.17,0.3138,0,0.0,C283857853
O7704830350,2025-07-06,华南,广州,美妆,彩妆,美-彩-918,信息流广告,银行卡,184.07,1,0.063,192.2,91.57,0.5236,0,0.0,C469619683
O4361714094,2025-07-06,华南,广州,数码,智能穿戴,数-智-340,私域,支付宝,245.2,4,0.037,1052.55,771.44,0.2671,0,0.0,C312204110
O4987481179,2025-07-06,华中,,食品,饮料,食-饮-403,直播,微信支付,44.28,2,0.132,80.71,50.53,0.3739,0,0.0,C140938719
O4567437194,2025-07-06,西南,贵阳,服饰,鞋靴,服-鞋-994,站内推荐,支付宝,154.67,1,0.015,174.68,97.76,0.4403,0,0.0,C610037964
O8092660904,2025-07-06,华东,南京,食品,速食,食-速-873,自然搜索,支付宝,35.35,3,0.03,108.01,71.02,0.3425,0,0.0,C220116052
O0157337107,2025-07-06,华东,宁波,服饰,鞋靴,服-鞋-312,直播,支付宝,120.07,4,0.075,466.47,261.32,0.4398,0,0.0,C406936774
O7685432843,2025-07-06,华北,北京,家居,收纳,家-收-394,站内推荐,微信支付,93.72,4,0.033,380.63,230.01,0.3957,0,0.0,C402978804
O0566021817,2025-07-07,华东,杭州,服饰,上衣,服-上-944,直播,微信支付,97.98,2,0.077,189.91,106.55,0.4389,0,0.0,C283359443
O2574292272,2025-07-07,华北,天津,食品,饮料,食-饮-899,直播,支付宝,42.37,1,0.112,39.51,24.14,0.389,0,0.0,C217191195
O7032650716,2025-07-07,西南,重庆,食品,饮料,食-饮-862,直播,微信支付,25.78,1,0.076,27.32,18.35,0.3283,1,25.54,C869425740
O7524804934,2025-07-07,华南,广州,食品,饮料,食-饮-444,信息流广告,微信支付,20.44,1,0.081,20.94,16.18,0.2273,0,0.0,C114525058
O6776914681,2025-07-07,华北,太原,美妆,香氛,美-香-751,自然搜索,微信支付,150.46,1,0.08,145.34,78.08,0.4628,0,0.0,C303330572
O5580510635,2025-07-07,西南,昆明,食品,速食,食-速-426,自然搜索,微信支付,27.22,2,0.041,59.89,38.26,0.3612,0,0.0,C453512350
O9534619214,2025-07-07,华东,宁波,服饰,裤装,服-裤-349,自然搜索,微信支付,141.02,2,0.064,277.19,141.65,0.489,0,0.0,C935142055
O2403732428,2025-07-07,西南,昆明,服饰,鞋靴,服-鞋-149,信息流广告,微信支付,97.9,4,0.063,420.9,241.95,0.4252,0,0.0,C147399473
O8374794952,2025-07-07,华北,石家庄,数码,智能穿戴,数-智-326,站内推荐,支付宝,147.0,4,0.049,587.15,403.16,0.3134,0,0.0,C865869074
O8284765595,2025-07-07,西南,成都,服饰,鞋靴,服-鞋-359,私域,微信支付,124.16,4,0.09,518.42,296.59,0.4279,0,0.0,C724509614
O8583063050,2025-07-07,华北,北京,美妆,护肤,美-护-341,私域,微信支付,157.58,4,0.079,609.55,332.61,0.4543,0,0.0,C542543060
O9122194938,2025-07-07,华东,宁波,服饰,裤装,服-裤-947,私域,货到付款,104.39,1,0.043,104.9,63.31,0.3965,0,0.0,C425283874
O6518380770,2025-07-07,西南,成都,美妆,彩妆,美-彩-901,自然搜索,微信支付,206.3,3,0.043,679.41,393.63,0.4206,0,0.0,C705936154
O3420555089,2025-07-07,华东,上海,美妆,香氛,美-香-310,信息流广告,微信支付,130.99,3,0.083,378.37,236.48,0.375,0,0.0,C308641020
O7637316377,2025-07-07,东北,长春,美妆,护肤,美-护-265,直播,微信支付,207.13,4,0.091,770.47,468.63,0.3918,0,0.0,C787899078
O3297867444,2025-07-07,东北,哈尔滨,服饰,裤装,服-裤-734,站内推荐,支付宝,132.94,1,0.048,129.47,82.03,0.3664,0,0.0,C039731268
O3860517250,2025-07-08,华东,南京,服饰,上衣,服-上-377,线下导流,微信支付,125.24,2,0.061,246.96,134.1,0.457,0,0.0,C906508484
O5805373310,2025-07-08,华东,上海,服饰,裤装,服-裤-396,私域,支付宝,81.46,2,0.077,157.89,86.42,0.4527,0,0.0,C948955872
O6711451051,2025-07-08,华中,武汉,数码,配件,数-配-668,直播,微信支付,209.46,3,0.103,591.84,456.6,0.2285,0,0.0,C139048087
O9091508871,2025-07-08,华东,上海,食品,速食,食-速-102,直播,微信支付,40.26,4,0.107,151.0,111.36,0.2625,0,0.0,C498184940
O4623328051,2025-07-08,华中,南昌,美妆,彩妆,美-彩-620,站内推荐,支付宝,173.5,4,0.06,684.98,309.29,0.5485,0,0.0,C464450930
O6337950527,2025-07-08,华东,杭州,家居,清洁,家-清-108,信息流广告,银行卡,74.72,1,0.133,68.02,43.35,0.3627,0,0.0,C512993538
O2222978311,2025-07-08,华南,深圳,食品,零食,食-零-574,信息流广告,支付宝,41.9,2,0.05,88.77,59.19,0.3332,0,0.0,C921631363
O5864298447,2025-07-08,华东,宁波,数码,智能穿戴,数-智-406,线下导流,支付宝,220.91,2,0.093,420.77,276.91,0.3419,0,0.0,C077744967
O3483118236,2025-07-08,华北,天津,服饰,上衣,服-上-572,私域,微信支付,69.72,3,0.035,211.93,106.74,0.4963,0,0.0,C807351166
O2896189961,2025-07-08,华北,天津,美妆,护肤,美-护-574,线下导流,微信支付,111.29,3,0.08,322.52,169.84,0.4734,0,0.0,C617016201
O7945566053,2025-07-08,华北,石家庄,食品,饮料,食-饮-798,直播,支付宝,58.97,2,0.094,112.2,70.75,0.3694,0,0.0,C893520183
O9306313124,2025-07-08,华北,北京,家居,清洁,家-清-884,私域,微信支付,80.39,2,0.05,160.38,99.9,0.3771,0,0.0,C432852490
O4102938261,2025-07-08,华东,杭州,食品,饮料,食-饮-760,线下导流,微信支付,63.74,3,,192.95,134.69,0.3019,0,0.0,C478355439
O9521819522,2025-07-08,华南,广州,服饰,上衣,服-上-308,站内推荐,支付宝,73.34,3,0.104,219.82,121.18,0.4487,0,0.0,C058755285
O2255875094,2025-07-08,西北,银川,数码,配件,数-配-357,信息流广告,支付宝,190.95,3,0.08,553.37,409.8,0.2594,0,0.0,C823671758
O4968535147,2025-07-08,华北,石家庄,家居,清洁,家-清-980,站内推荐,微信支付,59.73,2,0.083,115.02,66.33,0.4233,0,0.0,C734516476
O7182239222,2025-07-08,华北,天津,数码,智能穿戴,数-智-651,自然搜索,支付宝,264.73,1,0.058,261.84,202.01,0.2285,0,0.0,C196510395
O6037422470,2025-07-08,华东,宁波,数码,智能穿戴,数-智-272,站内推荐,支付宝,226.76,4,0.059,896.2,645.46,0.2798,0,0.0,C672640776
O5706632242,2025-07-08,华南,深圳,服饰,裤装,服-裤-889,自然搜索,支付宝,74.64,1,0.096,75.24,40.68,0.4593,0,0.0,C517926753
O1537335057,2025-07-09,华南,佛山,食品,速食,食-速-901,站内推荐,支付宝,81.87,3,0.018,269.03,176.82,0.3427,0,0.0,C250877457
O9781119786,2025-07-09,华南,广州,食品,饮料,食-饮-302,信息流广告,银行卡,50.32,2,0.078,103.5,73.24,0.2924,0,0.0,C330264581
O6099781123,2025-07-09,东北,长春,数码,智能穿戴,数-智-518,站内推荐,微信支付,322.53,3,0.063,927.25,756.19,0.1845,0,0.0,C311868381
O5062000263,2025-07-09,华东,南京,美妆,香氛,美-香-602,线下导流,支付宝,151.05,2,0.065,296.59,161.89,0.4542,0,0.0,C830126591
O1726639961,2025-07-09,西南,成都,家居,清洁,家-清-678,自然搜索,微信支付,79.76,2,0.1,164.84,103.71,0.3708,0,0.0,C169175511
O2733236868,2025-07-09,华南,厦门,服饰,裤装,服-裤-964,自然搜索,银行卡,123.69,2,0.075,255.24,162.83,0.3621,0,0.0,C256375270
O8771111235,2025-07-09,华南,佛山,美妆,彩妆,美-彩-677,直播,微信支付,147.84,1,0.095,149.24,86.11,0.423,0,0.0,C704069907
O2058642000,2025-07-09,华中,武汉,家居,收纳,家-收-409,站内推荐,微信支付,86.1,1,0.062,84.8,51.67,0.3907,0,0.0,C350571437
O2274882766,2025-07-09,华东,杭州,食品,速食,食-速-845,站内推荐,支付宝,34.09,3,0.092,97.5,62.91,0.3548,0,0.0,C818503031
O4128702734,2025-07-09,华东,上海,家居,厨具,家-厨-804,自然搜索,支付宝,100.73,4,0.058,398.53,233.68,0.4136,0,0.0,C876621806
O3550499148,2025-07-09,华北,天津,美妆,护肤,美-护-312,站内推荐,微信支付,204.88,3,0.06,606.65,323.55,0.4667,0,0.0,C865867829
O6988059231,2025-07-09,华东,杭州,家居,清洁,家-清-708,线下导流,微信支付,83.84,1,0.02,86.27,54.19,0.3719,0,0.0,C500370869
O9828458445,2025-07-09,华中,南昌,家居,清洁,家-清-279,线下导流,微信支付,108.03,1,0.039,109.01,68.9,0.3679,0,0.0,C249629797
O7864674234,2025-07-09,华东,上海,家居,清洁,家-清-187,信息流广告,微信支付,68.81,3,0.08,199.41,125.58,0.3702,0,0.0,C606413798
O3279559155,2025-07-09,西北,兰州,家居,清洁,家-清-638,直播,微信支付,68.75,1,0.103,64.75,41.82,0.3541,0,0.0,C212767886
O4725625286,2025-07-09,华东,上海,家居,清洁,家-清-683,私域,微信支付,58.57,4,0.009,243.78,166.98,0.315,0,0.0,C437797327
O4015576458,2025-07-09,华北,北京,数码,配件,数-配-192,信息流广告,银行卡,193.8,3,0.125,534.16,375.54,0.297,0,0.0,C688985055
O3709422954,2025-07-10,华南,佛山,食品,零食,食-零-186,信息流广告,微信支付,63.15,4,0.077,260.14,177.69,0.3169,0,0.0,C542110674
O6819673032,2025-07-10,华中,郑州,家居,清洁,家-清-772,自然搜索,微信支付,74.46,3,0.043,224.46,140.58,0.3737,0,0.0,C346271586
O4950040328,2025-07-10,华南,厦门,家居,清洁,家-清-792,线下导流,支付宝,50.02,1,0.047,53.19,32.47,0.3895,0,0.0,C858990432
O6153038727,2025-07-10,华东,南京,食品,速食,食-速-723,私域,微信支付,50.98,2,0.011,105.88,72.62,0.3141,0,0.0,C349579542
O5248675556,2025-07-10,华中,南昌,服饰,裤装,服-裤-993,信息流广告,微信支付,158.17,1,0.104,148.81,76.44,0.4863,0,0.0,C202798942
O1074281638,2025-07-10,华北,太原,家居,厨具,家-厨-111,线下导流,银行卡,106.37,3,0.066,312.95,208.32,0.3343,0,0.0,C619075443
O2353724225,2025-07-10,华中,南昌,数码,智能穿戴,数-智-515,自然搜索,微信支付,167.77,2,0.062,330.47,245.38,0.2575,0,0.0,C236676994
O1618990925,2025-07-10,华中,郑州,食品,零食,食-零-482,站内推荐,支付宝,45.67,3,0.093,130.48,87.65,0.3282,0,0.0,C968296804
O1653493013,2025-07-10,华东,杭州,数码,配件,数-配-242,自然搜索,支付宝,190.2,1,0.088,182.14,138.08,0.2419,0,0.0,C585018187
O9044185094,2025-07-10,华北,北京,家居,收纳,家-收-933,线下导流,支付宝,64.63,1,0.05,64.47,36.7,0.4307,1,47.72,C814640865
O5866698465,2025-07-10,华南,佛山,食品,零食,食-零-424,私域,支付宝,30.4,2,0.032,65.67,43.8,0.333,0,0.0,C153787193
O7207138046,2025-07-10,华北,天津,数码,智能穿戴,数-智-809,线下导流,微信支付,250.19,3,0.048,750.27,572.7,0.2367,0,0.0,C933292687
O2957903500,2025-07-10,华北,天津,美妆,彩妆,美-彩-245,线下导流,微信支付,93.06,1,0.071,90.78,48.58,0.4649,0,0.0,C614679000
O5550072813,2025-07-10,华南,佛山,美妆,香氛,美-香-669,信息流广告,支付宝,148.27,4,0.091,601.52,345.66,0.4254,0,0.0,C818012654
O7084732627,2025-07-10,华北,太原,服饰,裤装,服-裤-859,自然搜索,银行卡,138.08,3,0.059,409.29,219.82,0.4629,0,0.0,C667398400
O7726014051,2025-07-10,东北,大连,数码,智能穿戴,数-智-983,站内推荐,支付宝,174.01,3,0.096,482.58,335.95,0.3038,0,0.0,C358134114
O0439601878,2025-07-10,华北,太原,食品,零食,食-零-413,私域,支付宝,55.09,1,0.029,56.17,36.87,0.3436,0,0.0,C294181138
O8069448302,2025-07-10,华中,郑州,食品,饮料,食-饮-387,直播,银行卡,62.93,1,0.07,61.45,41.48,0.325,0,0.0,C832449670
O2284666970,2025-07-10,华南,深圳,家居,收纳,家-收-776,站内推荐,支付宝,72.47,1,0.04,77.63,45.49,0.414,0,0.0,C422288254
O1692679219,2025-07-10,华南,佛山,服饰,裤装,服-裤-975,线下导流,支付宝,141.67,1,0.064,147.95,75.77,0.4879,0,0.0,C675113695
O9015802902,2025-07-10,西南,昆明,数码,配件,数-配-707,站内推荐,微信支付,168.16,1,0.165,161.29,116.54,0.2775,0,0.0,C073701100
O7956427987,2025-07-10,华北,北京,家居,厨具,家-厨-945,自然搜索,银行卡,56.82,3,0.073,165.92,96.6,0.4178,0,0.0,C389426298
O3083835106,2025-07-10,华北,北京,家居,收纳,家-收-480,线下导流,微信支付,61.76,2,0.019,127.23,75.78,0.4044,0,0.0,C736266878
O5761605326,2025-07-10,东北,哈尔滨,家居,厨具,家-厨-236,私域,银行卡,104.11,1,0.03,103.27,64.64,0.3741,0,0.0,C131136693
O2578799968,2025-07-10,华中,武汉,数码,智能穿戴,数-智-869,直播,微信支付,137.88,2,0.101,260.3,179.17,0.3117,0,0.0,C925637782
O9672263920,2025-07-10,华北,太原,数码,配件,数-配-573,自然搜索,货到付款,185.04,3,0.028,566.56,423.72,0.2521,0,0.0,C679289525
O8145530289,2025-07-11,华中,长沙,美妆,香氛,美-香-747,直播,微信支付,175.71,3,0.093,502.01,303.87,0.3947,0,0.0,C099923161
O2602360292,2025-07-11,华南,广州,数码,耳机,数-耳-625,直播,支付宝,189.9,1,0.09,192.87,141.26,0.2676,0,0.0,C818326518
O6096946587,2025-07-11,华南,佛山,数码,耳机,数-耳-823,自然搜索,支付宝,142.09,4,0.015,624.84,468.21,0.2507,0,0.0,C361642880
O7252184134,2025-07-11,华北,石家庄,服饰,上衣,服-上-320,站内推荐,支付宝,102.47,1,0.076,99.42,58.46,0.412,0,0.0,C474689266
O8218743017,2025-07-11,西南,成都,数码,配件,数-配-460,线下导流,货到付款,139.57,1,0.075,148.36,108.89,0.266,0,0.0,C680851933
O3426820823,2025-07-11,华中,南昌,食品,零食,食-零-592,信息流广告,微信支付,43.04,1,0.097,40.81,29.15,0.2857,0,0.0,C104694894
O0528126066,2025-07-11,华南,佛山,服饰,上衣,服-上-213,私域,微信支付,128.72,2,0.089,261.76,146.48,0.4404,0,0.0,C557588295
O8190857659,2025-07-11,西南,重庆,服饰,上衣,服-上-599,自然搜索,支付宝,146.45,4,0.035,649.62,398.11,0.3872,0,0.0,C059612765
O5626438175,2025-07-11,华南,广州,服饰,裤装,服-裤-519,自然搜索,微信支付,29.07,3,0.001,97.24,54.3,0.4416,0,0.0,C678348589
O2374746701,2025-07-11,华东,苏州,服饰,裤装,服-裤-983,直播,银行卡,106.57,2,0.093,202.98,103.09,0.4921,0,0.0,C727304994
O0291290253,2025-07-11,华中,长沙,美妆,香氛,美-香-600,信息流广告,微信支付,149.08,1,0.09,142.45,78.81,0.4468,0,0.0,C584433501
O0909526477,2025-07-11,西南,贵阳,数码,智能穿戴,数-智-647,私域,微信支付,116.02,3,0.023,390.78,292.59,0.2513,0,0.0,C783252894
O1275033686,2025-07-11,华南,佛山,服饰,上衣,服-上-961,站内推荐,微信支付,112.04,3,,375.15,241.19,0.3571,0,0.0,C948039095
O4632876484,2025-07-11,华中,长沙,食品,速食,食-速-298,直播,微信支付,64.09,3,0.086,184.52,118.16,0.3596,0,0.0,C245625426
O3395133981,2025-07-11,华南,佛山,服饰,裤装,服-裤-221,自然搜索,支付宝,134.95,1,0.057,142.03,70.86,0.5011,0,0.0,C742264020
O4846290209,2025-07-11,东北,沈阳,服饰,鞋靴,服-鞋-703,线下导流,银行卡,111.93,4,0.026,445.87,204.17,0.5421,0,0.0,C629775391
O8220788409,2025-07-11,华东,苏州,数码,配件,数-配-583,线下导流,支付宝,137.05,3,0.113,382.92,278.38,0.273,0,0.0,C837385976
O0189885251,2025-07-12,华北,北京,数码,智能穿戴,数-智-301,信息流广告,支付宝,195.12,4,0.107,731.82,554.19,0.2427,0,0.0,C334876408
O3956519137,2025-07-12,华北,北京,食品,饮料,食-饮-462,站内推荐,银行卡,44.45,4,0.077,172.31,105.16,0.3897,0,0.0,C929052815
O7475419028,2025-07-12,华北,北京,服饰,上衣,服-上-503,私域,支付宝,123.83,1,0.129,113.25,64.45,0.4309,0,0.0,C532128866
O3333355919,2025-07-12,西南,贵阳,食品,饮料,食-饮-234,自然搜索,支付宝,57.85,2,0.055,125.7,81.49,0.3517,0,0.0,C898649832
O2475671822,2025-07-12,东北,沈阳,美妆,香氛,美-香-449,直播,微信支付,180.63,4,0.128,644.09,346.36,0.4622,0,0.0,C376006532
O8078648000,2025-07-12,东北,哈尔滨,服饰,鞋靴,服-鞋-351,自然搜索,微信支付,125.54,2,0.062,240.77,141.24,0.4134,0,0.0,C700552846
O2951798161,2025-07-12,华南,厦门,家居,清洁,家-清-853,站内推荐,银行卡,44.4,3,0.069,138.45,90.64,0.3453,0,0.0,C649047546
O1682856000,2025-07-12,华南,广州,美妆,彩妆,美-彩-415,直播,货到付款,142.26,2,0.119,279.85,155.79,0.4433,0,0.0,C336249975
O5004836765,2025-07-12,华中,郑州,数码,智能穿戴,数-智-993,站内推荐,支付宝,101.93,3,0.091,291.86,211.25,0.2762,0,0.0,C559308496
O0606950023,2025-07-12,华北,天津,食品,速食,食-速-634,直播,微信支付,41.56,2,0.051,82.82,50.68,0.3881,0,0.0,C805767608
O1075247241,2025-07-12,东北,大连,家居,收纳,家-收-421,直播,支付宝,103.83,4,0.091,385.95,220.13,0.4296,0,0.0,C220885209
O9958000546,2025-07-12,华北,石家庄,服饰,鞋靴,服-鞋-788,信息流广告,微信支付,227.09,4,0.088,869.85,472.45,0.4569,0,0.0,C233639262
O5939637169,2025-07-12,西南,重庆,数码,配件,数-配-700,直播,微信支付,280.19,4,0.078,1188.02,870.0,0.2677,0,0.0,C919385441
O9249782345,2025-07-12,华南,广州,家居,清洁,家-清-796,站内推荐,货到付款,82.17,4,0.04,352.28,216.57,0.3852,0,0.0,C552885143
O0954294613,2025-07-12,西北,乌鲁木齐,家居,收纳,家-收-681,站内推荐,微信支付,82.36,1,0.034,83.54,48.89,0.4148,0,0.0,C585125426
O7191992410,2025-07-12,华南,佛山,食品,零食,食-零-164,直播,微信支付,30.32,4,0.099,122.0,94.03,0.2293,0,0.0,C441692744
O8786732841,2025-07-12,华南,广州,食品,零食,食-零-512,私域,微信支付,48.51,1,0.061,50.86,36.95,0.2735,0,0.0,C190829577
O4177530735,2025-07-12,东北,长春,家居,清洁,家-清-306,站内推荐,支付宝,103.57,3,0.044,303.67,182.09,0.4004,0,0.0,C325349243
O2355834474,2025-07-12,西南,成都,数码,配件,数-配-518,站内推荐,银行卡,184.3,3,0.048,605.15,434.83,0.2815,0,0.0,C503491364
O3222695486,2025-07-12,西南,成都,服饰,裤装,服-裤-812,直播,微信支付,181.05,3,0.103,560.14,304.8,0.4559,0,0.0,C146503977
O8266756324,2025-07-12,华北,石家庄,服饰,鞋靴,服-鞋-942,信息流广告,支付宝,101.43,2,0.081,195.75,116.42,0.4053,0,0.0,C451822128
O9527933463,2025-07-12,华南,深圳,数码,耳机,数-耳-169,站内推荐,微信支付,199.17,2,0.04,426.94,323.46,0.2424,1,359.82,C634622286
O0773859692,2025-07-13,华南,佛山,食品,饮料,食-饮-533,信息流广告,微信支付,46.63,3,0.067,145.76,103.07,0.2929,0,0.0,C175783219
O6924352361,2025-07-13,西南,贵阳,数码,配件,数-配-708,信息流广告,支付宝,182.69,1,0.106,187.86,145.09,0.2277,0,0.0,C474748818
O2146462944,2025-07-13,华北,北京,服饰,鞋靴,服-鞋-662,直播,支付宝,98.78,3,0.083,285.33,156.71,0.4508,0,0.0,C592435590
O7337624248,2025-07-13,华东,南京,家居,清洁,家-清-813,自然搜索,银行卡,47.11,3,0.086,135.63,75.0,0.447,0,0.0,C653261877
O0943602452,2025-07-13,华北,北京,家居,厨具,家-厨-437,站内推荐,支付宝,84.19,4,0.034,341.58,230.94,0.3239,0,0.0,C422359011
O9869932640,2025-07-13,华南,佛山,美妆,护肤,美-护-270,自然搜索,银行卡,156.47,1,0.071,162.34,92.99,0.4272,0,0.0,C388166737
O3833281043,2025-07-13,华中,郑州,服饰,上衣,服-上-954,私域,支付宝,143.58,1,0.085,137.94,80.87,0.4137,0,0.0,C249267986
O7988467543,2025-07-13,华中,南昌,美妆,护肤,美-护-895,自然搜索,支付宝,172.5,1,0.013,178.77,94.8,0.4697,0,0.0,C943159753
O7060913324,2025-07-13,华东,杭州,数码,配件,数-配-250,站内推荐,支付宝,264.21,1,,254.95,190.22,0.2539,0,0.0,C099124128
O6380921001,2025-07-13,东北,大连,数码,智能穿戴,数-智-778,自然搜索,支付宝,132.23,2,0.094,244.91,173.5,0.2916,0,0.0,C535184503
O9062019423,2025-07-13,华中,武汉,美妆,护肤,美-护-444,站内推荐,支付宝,172.18,1,0.038,173.92,90.69,0.4786,0,0.0,C433493143
O8153686239,2025-07-13,西南,重庆,服饰,上衣,服-上-385,私域,支付宝,110.39,1,0.12,111.74,71.48,0.3603,0,0.0,C064401461
O4498913737,2025-07-13,华南,厦门,数码,耳机,数-耳-629,直播,支付宝,165.46,1,0.123,162.06,125.23,0.2273,0,0.0,C068270211
O5985706224,2025-07-13,东北,沈阳,服饰,裤装,服-裤-667,信息流广告,支付宝,100.34,1,0.09,93.33,50.68,0.457,0,0.0,C842657550
O4285848362,2025-07-13,华东,杭州,家居,收纳,家-收-154,信息流广告,支付宝,79.39,2,0.088,152.05,83.98,0.4477,0,0.0,C214144513
O7699343782,2025-07-13,华东,宁波,数码,耳机,数-耳-723,信息流广告,微信支付,110.8,4,0.107,415.57,313.44,0.2458,0,0.0,C492782258
O7739014285,2025-07-13,华北,北京,美妆,彩妆,美-彩-428,线下导流,支付宝,260.07,2,0.052,517.75,304.64,0.4116,0,0.0,C765624280
O5634499176,2025-07-13,华东,南京,食品,速食,食-速-877,自然搜索,支付宝,42.29,4,0.106,158.79,84.02,0.4709,0,0.0,C954764709
O6873232596,2025-07-13,华东,杭州,数码,耳机,数-耳-301,自然搜索,支付宝,161.8,3,0.056,481.13,364.95,0.2415,0,0.0,C632104979
O4929985044,2025-07-13,西南,昆明,美妆,护肤,美-护-326,自然搜索,微信支付,192.85,2,0.064,415.24,202.15,0.5132,0,0.0,C309601861
O9627548128,2025-07-13,西南,重庆,美妆,彩妆,美-彩-359,自然搜索,微信支付,79.29,2,0.024,178.02,94.77,0.4676,0,0.0,C108088802
O9477299694,2025-07-14,华中,长沙,服饰,上衣,服-上-547,私域,微信支付,112.62,1,0.049,112.46,66.19,0.4114,0,0.0,C765330415
O8257795100,2025-07-14,华南,广州,家居,收纳,家-收-439,私域,银行卡,102.2,3,0.066,319.91,186.76,0.4162,0,0.0,C561343237
O2641639358,2025-07-14,华中,南昌,服饰,上衣,服-上-599,私域,支付宝,88.66,4,0.103,334.02,193.55,0.4205,0,0.0,C433070750
O6476927354,2025-07-14,西北,西安,食品,零食,食-零-567,自然搜索,支付宝,62.45,3,0.073,182.36,131.35,0.2797,0,0.0,C369414156
O6567285330,2025-07-14,西北,西安,食品,零食,食-零-145,站内推荐,支付宝,46.03,2,0.066,90.28,63.27,0.2992,0,0.0,C479172150
O7707963233,2025-07-14,华中,武汉,数码,配件,数-配-396,站内推荐,支付宝,145.09,2,0.043,291.59,230.06,0.211,0,0.0,C191205175
O4735179303,2025-07-14,西南,贵阳,家居,收纳,家-收-189,信息流广告,微信支付,130.51,1,0.098,135.46,86.4,0.3622,0,0.0,C895661174
O3827065950,2025-07-14,西北,乌鲁木齐,服饰,鞋靴,服-鞋-629,自然搜索,微信支付,99.01,1,0.079,95.75,58.57,0.3883,0,0.0,C826730545
O4733428753,2025-07-14,西南,成都,服饰,鞋靴,服-鞋-329,私域,支付宝,171.01,4,0.052,746.21,379.58,0.4913,0,0.0,C532616601
O6987569463,2025-07-14,华中,郑州,数码,智能穿戴,数-智-415,线下导流,微信支付,170.36,3,0.101,482.43,368.48,0.2362,0,0.0,C980186618
O2434276902,2025-07-14,华南,佛山,服饰,裤装,服-裤-461,私域,微信支付,146.4,4,0.076,604.49,379.2,0.3727,0,0.0,C021151506
O9097378091,2025-07-14,华南,佛山,数码,配件,数-配-878,自然搜索,银行卡,190.64,3,0.081,587.17,448.56,0.2361,0,0.0,C142354359
O2735961994,2025-07-14,华南,厦门,家居,厨具,家-厨-995,自然搜索,微信支付,93.5,4,0.036,402.77,198.18,0.508,0,0.0,C375030219
O1706120664,2025-07-14,西南,贵阳,食品,速食,食-速-405,直播,银行卡,42.65,2,0.145,83.92,58.04,0.3084,0,0.0,C909804564
O8169161536,2025-07-14,华南,厦门,数码,智能穿戴,数-智-558,站内推荐,支付宝,253.12,1,0.066,264.11,197.45,0.2524,0,0.0,C790278310
O4695255258,2025-07-14,东北,沈阳,家居,厨具,家-厨-716,线下导流,支付宝,66.97,3,0.029,199.38,134.76,0.3241,0,0.0,C996683104
O5169450104,2025-07-14,华中,武汉,数码,耳机,数-耳-585,自然搜索,支付宝,179.27,4,0.023,735.62,519.78,0.2934,0,0.0,C404886753
O2536102890,2025-07-14,华南,厦门,数码,配件,数-配-181,自然搜索,支付宝,206.58,3,0.05,657.73,549.88,0.164,0,0.0,C015972923
O0873825157,2025-07-14,华南,厦门,服饰,裤装,服-裤-935,私域,货到付款,155.17,2,0.043,331.79,206.2,0.3785,0,0.0,C797987370
O9621460000,2025-07-14,华南,广州,家居,厨具,家-厨-606,直播,银行卡,84.3,2,0.097,170.08,119.68,0.2963,0,0.0,C454006312
O8557054877,2025-07-14,华南,深圳,服饰,裤装,服-裤-465,线下导流,微信支付,122.42,3,0.084,375.82,229.54,0.3892,0,0.0,C086065158
O5118164018,2025-07-14,华南,广州,美妆,香氛,美-香-360,直播,微信支付,223.65,2,0.086,456.73,257.03,0.4372,0,0.0,C453509769
O1827694844,2025-07-14,华南,佛山,家居,收纳,家-收-422,直播,支付宝,77.98,1,0.085,79.71,47.87,0.3994,0,0.0,C880784648
O3917533212,2025-07-14,华东,苏州,美妆,护肤,美-护-477,线下导流,微信支付,85.06,4,0.089,325.46,157.01,0.5176,0,0.0,C720183933
O2513792077,2025-07-14,华东,上海,美妆,香氛,美-香-355,私域,货到付款,108.89,4,0.005,455.05,255.92,0.4376,0,0.0,C312514310
O4799998375,2025-07-14,华南,深圳,数码,耳机,数-耳-311,站内推荐,微信支付,93.54,4,0.079,384.97,279.49,0.274,0,0.0,C201968515
O0927767417,2025-07-15,西南,重庆,数码,智能穿戴,数-智-548,自然搜索,微信支付,190.67,4,0.013,866.62,655.39,0.2437,0,0.0,C583116062
O7323151126,2025-07-15,华中,武汉,食品,速食,食-速-221,信息流广告,银行卡,56.72,2,0.09,108.39,75.23,0.3059,0,0.0,C589292082
O0950104740,2025-07-15,西南,贵阳,家居,厨具,家-厨-570,直播,微信支付,93.33,4,0.113,381.22,236.4,0.3799,0,0.0,C364870700
O7051929671,2025-07-15,西北,乌鲁木齐,服饰,鞋靴,服-鞋-976,信息流广告,支付宝,110.86,4,0.068,433.95,231.15,0.4673,0,0.0,C204203556
O9677510457,2025-07-15,华南,佛山,食品,零食,食-零-109,站内推荐,微信支付,25.55,1,0.052,27.07,18.88,0.3025,0,0.0,C033753786
O8423020086,2025-07-15,华中,南昌,服饰,裤装,服-裤-553,线下导流,支付宝,130.74,3,0.085,376.83,220.73,0.4142,0,0.0,C322328504
O1148449683,2025-07-15,华东,苏州,服饰,裤装,服-裤-501,站内推荐,支付宝,155.61,2,0.054,309.13,185.59,0.3996,0,0.0,C172167918
O3191663776,2025-07-15,华东,上海,食品,零食,食-零-858,线下导流,支付宝,48.49,1,0.082,46.74,31.66,0.3226,0,0.0,C722411103
O8260715206,2025-07-15,华东,苏州,家居,清洁,家-清-531,站内推荐,微信支付,108.64,4,0.072,423.44,275.07,0.3504,0,0.0,C677498036
O9725234321,2025-07-15,华北,石家庄,家居,厨具,家-厨-515,直播,支付宝,82.49,4,0.06,325.67,175.72,0.4604,0,0.0,C572393431
O0491762724,2025-07-15,华南,广州,家居,厨具,家-厨-256,自然搜索,支付宝,59.24,2,0.089,120.62,62.75,0.4798,0,0.0,C874100025
O4703278859,2025-07-16,华东,宁波,食品,饮料,食-饮-367,自然搜索,微信支付,43.01,2,0.073,83.73,56.16,0.3293,0,0.0,C992326460
O5582797495,2025-07-16,华南,佛山,服饰,裤装,服-裤-994,私域,微信支付,123.42,1,0.064,129.13,80.13,0.3795,0,0.0,C471722161
O8996033918,2025-07-16,华南,佛山,家居,厨具,家-厨-880,自然搜索,银行卡,72.04,4,0.076,297.64,160.03,0.4623,0,0.0,C921994798
O9101619630,2025-07-16,华北,北京,家居,清洁,家-清-454,信息流广告,微信支付,85.29,1,0.06,84.18,60.55,0.2807,0,0.0,C064631849
O9958999342,2025-07-16,华南,深圳,美妆,护肤,美-护-555,自然搜索,支付宝,188.51,2,0.025,410.91,215.42,0.4757,0,0.0,C869879615
O0325196869,2025-07-16,西南,重庆,家居,收纳,家-收-809,信息流广告,支付宝,97.09,2,0.088,203.97,135.9,0.3337,0,0.0,C373347752
O8445071298,2025-07-16,华北,天津,食品,零食,食-零-158,信息流广告,支付宝,33.06,1,0.097,31.35,20.26,0.3537,1,21.08,C529962308
O6413558244,2025-07-16,华北,石家庄,家居,清洁,家-清-371,自然搜索,支付宝,83.72,1,0.055,83.07,49.88,0.3995,0,0.0,C192468150
O0532416097,2025-07-16,华北,天津,美妆,护肤,美-护-997,站内推荐,支付宝,156.98,3,0.049,470.26,278.28,0.4082,0,0.0,C064532917
O1090918341,2025-07-16,西北,兰州,服饰,裤装,服-裤-504,线下导流,支付宝,153.48,4,0.088,587.89,327.74,0.4425,0,0.0,C212446902
O6841609657,2025-07-16,华北,石家庄,数码,配件,数-配-269,信息流广告,微信支付,216.79,1,0.086,208.05,168.37,0.1907,0,0.0,C464211935
O6435902255,2025-07-16,华南,广州,服饰,鞋靴,服-鞋-379,线下导流,微信支付,97.79,1,0.024,106.69,62.1,0.4179,0,0.0,C917408082
O7254496957,2025-07-16,东北,沈阳,服饰,裤装,服-裤-236,站内推荐,微信支付,99.5,3,0.074,282.42,163.56,0.4209,0,0.0,C244753871
O9856818110,2025-07-16,华北,太原,数码,配件,数-配-230,自然搜索,银行卡,133.77,1,0.011,138.91,113.56,0.1825,0,0.0,C160602381
O1019094990,2025-07-16,华东,杭州,美妆,彩妆,美-彩-663,自然搜索,微信支付,117.03,2,0.038,236.42,126.03,0.4669,0,0.0,C603991913
O0923271667,2025-07-16,华东,上海,服饰,上衣,服-上-675,信息流广告,微信支付,139.45,2,0.064,274.1,173.76,0.3661,0,0.0,C564102775
O7810631304,2025-07-16,华北,石家庄,家居,收纳,家-收-196,直播,支付宝,82.95,1,0.107,77.78,52.97,0.319,0,0.0,C859987503
O4942830072,2025-07-16,华东,苏州,家居,清洁,家-清-484,直播,微信支付,56.3,4,0.069,220.14,138.77,0.3696,0,0.0,C343881058
O1207551774,2025-07-16,华中,长沙,服饰,鞋靴,服-鞋-149,站内推荐,支付宝,122.23,1,0.0,128.34,81.31,0.3664,0,0.0,C537961959
O8951251845,2025-07-16,华北,天津,数码,智能穿戴,数-智-678,信息流广告,支付宝,228.19,4,0.086,875.98,547.25,0.3753,0,0.0,C117762442
O3494937981,2025-07-16,东北,哈尔滨,服饰,鞋靴,服-鞋-241,站内推荐,支付宝,148.51,3,0.052,431.54,203.9,0.5275,0,0.0,C726778219
O6270463309,2025-07-16,华南,广州,家居,收纳,家-收-730,直播,微信支付,72.75,3,0.101,219.33,134.97,0.3846,0,0.0,C038543035
O1203252993,2025-07-16,华北,天津,数码,配件,数-配-232,直播,微信支付,176.32,3,0.119,489.31,364.12,0.2559,0,0.0,C999316645
O9623572341,2025-07-17,西南,贵阳,家居,收纳,家-收-701,线下导流,支付宝,79.79,1,0.083,84.31,49.55,0.4123,0,0.0,C278699663
O8117491936,2025-07-17,华中,武汉,服饰,裤装,服-裤-110,线下导流,微信支付,136.82,1,0.024,140.21,80.35,0.4269,0,0.0,C812389074
O6562776544,2025-07-17,西南,昆明,家居,厨具,家-厨-570,自然搜索,支付宝,76.14,4,0.047,334.45,186.36,0.4428,0,0.0,C882572101
O7627101426,2025-07-17,西南,昆明,美妆,彩妆,美-彩-823,信息流广告,支付宝,166.99,4,0.139,662.7,371.17,0.4399,0,0.0,C275626854
O0180250298,2025-07-17,华北,北京,家居,厨具,家-厨-885,信息流广告,支付宝,57.7,2,0.071,112.57,66.82,0.4064,0,0.0,C619437606
O1816079610,2025-07-17,华中,南昌,数码,耳机,数-耳-523,信息流广告,微信支付,218.58,2,0.108,409.44,305.5,0.2539,0,0.0,C640676393
O8760425986,2025-07-17,华东,上海,服饰,鞋靴,服-鞋-701,站内推荐,支付宝,130.98,1,0.076,127.08,78.26,0.3842,0,0.0,C286008170
O6467039559,2025-07-17,华南,深圳,数码,耳机,数-耳-876,私域,支付宝,250.08,3,0.08,771.8,547.18,0.291,0,0.0,C344856913
O6533701154,2025-07-17,西南,成都,数码,耳机,数-耳-386,线下导流,微信支付,203.73,4,0.057,885.5,677.9,0.2344,0,0.0,C714379145
O7049942332,2025-07-17,华南,厦门,家居,厨具,家-厨-827,自然搜索,微信支付,106.14,4,0.035,458.12,298.04,0.3494,0,0.0,C552797141
O2075001623,2025-07-17,华北,太原,数码,智能穿戴,数-智-560,信息流广告,微信支付,205.7,1,0.076,199.57,141.61,0.2904,0,0.0,C960438503
O7727763123,2025-07-17,华南,厦门,家居,收纳,家-收-583,自然搜索,支付宝,43.71,4,0.069,182.01,106.0,0.4176,0,0.0,C597830896
O5567696150,2025-07-17,华东,苏州,美妆,香氛,美-香-184,直播,支付宝,121.26,1,0.112,113.06,63.41,0.4391,0,0.0,C369201403
O8391145113,2025-07-17,西南,贵阳,数码,智能穿戴,数-智-637,直播,微信支付,214.29,3,0.118,653.36,485.35,0.2571,0,0.0,C180836731
O6175615824,2025-07-17,华中,郑州,服饰,鞋靴,服-鞋-806,直播,支付宝,141.65,4,0.077,549.12,338.83,0.383,0,0.0,C576447083
O1603480807,2025-07-18,华南,广州,美妆,香氛,美-香-968,自然搜索,银行卡,98.12,4,0.025,428.03,241.2,0.4365,0,0.0,C070904345
O7806577549,2025-07-18,华东,上海,服饰,裤装,服-裤-206,线下导流,支付宝,118.65,2,0.071,231.47,138.87,0.4001,0,0.0,C207171969
O0612011997,2025-07-18,华中,长沙,家居,清洁,家-清-306,站内推荐,支付宝,110.68,2,0.09,211.51,133.58,0.3684,0,0.0,C950751620
O7192985429,2025-07-18,华东,南京,美妆,护肤,美-护-757,自然搜索,支付宝,117.56,4,0.041,473.51,245.81,0.4809,0,0.0,C988558510
O6785628211,2025-07-18,东北,长春,服饰,裤装,服-裤-541,信息流广告,微信支付,133.63,3,0.089,373.04,198.38,0.4682,0,0.0,C083115704
O9284457200,2025-07-18,东北,沈阳,食品,零食,食-零-124,直播,货到付款,35.27,3,0.157,91.11,69.55,0.2366,1,76.43,C800030412
O2647870327,2025-07-18,华南,广州,家居,厨具,家-厨-123,自然搜索,微信支付,58.38,2,0.051,123.94,83.1,0.3295,0,0.0,C651159619
O9659409072,2025-07-18,西北,银川,食品,零食,食-零-109,直播,微信支付,63.4,1,0.148,56.72,42.13,0.2572,0,0.0,C703054260
O6848675403,2025-07-18,华东,苏州,服饰,鞋靴,服-鞋-744,直播,支付宝,73.34,2,0.088,140.46,76.11,0.4581,0,0.0,C943906660
O8062708954,2025-07-18,东北,长春,数码,智能穿戴,数-智-917,直播,微信支付,125.13,2,0.1,230.06,172.64,0.2496,0,0.0,C796650110
O3602267489,2025-07-18,华东,南京,服饰,上衣,服-上-885,线下导流,支付宝,163.34,2,0.059,322.78,172.58,0.4653,0,0.0,C240378742
O8506956171,2025-07-18,华中,南昌,家居,厨具,家-厨-770,自然搜索,支付宝,86.87,2,0.131,158.53,94.04,0.4068,0,0.0,C320618814
O0907989594,2025-07-18,华中,武汉,数码,配件,数-配-326,自然搜索,微信支付,148.05,1,0.021,152.19,110.99,0.2707,0,0.0,C286649364
O1110153110,2025-07-18,西南,成都,数码,耳机,数-耳-228,私域,微信支付,172.43,4,0.068,741.05,535.94,0.2768,0,0.0,C682877255
O1271776986,2025-07-18,华北,石家庄,美妆,护肤,美-护-693,站内推荐,支付宝,207.27,3,0.052,618.95,354.21,0.4277,0,0.0,C768841025
O0981687220,2025-07-18,华北,北京,美妆,香氛,美-香-599,站内推荐,银行卡,152.31,4,0.067,596.84,316.58,0.4696,0,0.0,C525142191
O9309409745,2025-07-18,华北,石家庄,食品,饮料,食-饮-908,私域,支付宝,49.13,2,0.069,96.05,61.97,0.3548,0,0.0,C722826802
O9494807583,2025-07-18,西南,成都,家居,收纳,家-收-602,自然搜索,微信支付,98.47,2,0.044,217.04,142.95,0.3414,0,0.0,C824116389
O4844026431,2025-07-18,西南,成都,服饰,裤装,服-裤-108,线下导流,支付宝,114.98,1,0.108,118.23,63.78,0.4605,0,0.0,C666082229
O7434915684,2025-07-18,西南,昆明,服饰,裤装,服-裤-671,直播,支付宝,126.01,1,0.126,126.96,68.28,0.4622,0,0.0,C980229189
O5183497483,2025-07-19,华中,长沙,服饰,上衣,服-上-507,信息流广告,支付宝,119.89,2,0.071,233.89,138.01,0.4099,0,0.0,C262555936
O8016096862,2025-07-19,华东,,服饰,裤装,服-裤-994,私域,支付宝,111.68,2,0.069,218.35,123.37,0.435,0,0.0,C639460169
O7043742525,2025-07-19,华中,武汉,服饰,上衣,服-上-239,私域,支付宝,107.98,1,0.087,103.52,56.11,0.458,0,0.0,C496920344
O5446004323,2025-07-19,华东,南京,美妆,护肤,美-护-445,自然搜索,支付宝,192.78,4,0.055,765.14,444.33,0.4193,1,526.85,C212919617
O9994957413,2025-07-19,华东,杭州,美妆,彩妆,美-彩-476,自然搜索,支付宝,198.62,4,0.093,756.62,427.73,0.4347,0,0.0,C116009150
O5506286431,2025-07-19,华北,北京,食品,饮料,食-饮-553,信息流广告,支付宝,42.15,1,0.091,40.23,26.21,0.3485,0,0.0,C709398496
O3935477076,2025-07-19,华北,石家庄,数码,智能穿戴,数-智-893,线下导流,微信支付,244.87,2,0.042,492.63,368.07,0.2528,0,0.0,C900246864
O3144556083,2025-07-19,华东,南京,家居,厨具,家-厨-926,自然搜索,支付宝,56.42,2,0.101,106.52,65.03,0.3895,0,0.0,C753924251
O6178539669,2025-07-19,华东,苏州,家居,收纳,家-收-530,自然搜索,银行卡,62.21,2,0.058,123.06,80.54,0.3455,0,0.0,C157425869
O2316169121,2025-07-19,华东,上海,美妆,护肤,美-护-113,直播,微信支付,183.46,4,0.143,660.35,371.72,0.4371,0,0.0,C786552633
O9197661539,2025-07-19,华东,宁波,服饰,鞋靴,服-鞋-557,站内推荐,支付宝,124.26,2,0.059,245.55,153.92,0.3732,1,175.8,C681259017
O8630968090,2025-07-19,华南,厦门,家居,清洁,家-清-679,私域,支付宝,93.2,3,,283.75,168.47,0.4063,0,0.0,C958987175
O9861630632,2025-07-19,华北,太原,美妆,护肤,美-护-529,信息流广告,微信支付,111.11,3,0.061,328.65,181.8,0.4468,0,0.0,C721184584
O2806408656,2025-07-19,西北,乌鲁木齐,食品,饮料,食-饮-398,信息流广告,微信支付,32.53,4,0.073,126.65,84.14,0.3356,0,0.0,C303264966
O1956531687,2025-07-20,华北,石家庄,食品,零食,食-零-716,自然搜索,微信支付,29.62,1,0.073,28.83,19.23,0.333,0,0.0,C364954912
O8385420225,2025-07-20,西南,昆明,家居,厨具,家-厨-320,自然搜索,微信支付,93.11,2,0.016,211.43,131.58,0.3777,0,0.0,C768423386
O0974405533,2025-07-20,华南,佛山,美妆,护肤,美-护-660,自然搜索,支付宝,127.25,1,0.062,133.59,64.32,0.5185,0,0.0,C663734964
O7882780413,2025-07-20,华南,深圳,食品,零食,食-零-901,站内推荐,支付宝,42.79,2,0.058,90.23,60.75,0.3267,0,0.0,C816980959
O1809277992,2025-07-20,华南,厦门,数码,智能穿戴,数-智-241,直播,微信支付,288.71,1,0.093,293.08,212.3,0.2756,0,0.0,C590684447
O4141136015,2025-07-20,华东,上海,数码,配件,数-配-644,信息流广告,支付宝,219.35,3,0.1,621.86,481.08,0.2264,0,0.0,C610796248
O7666994710,2025-07-20,华中,武汉,食品,饮料,食-饮-739,直播,支付宝,38.2,2,,74.2,44.57,0.3993,0,0.0,C234944509
O7612263036,2025-07-20,东北,长春,家居,清洁,家-清-750,站内推荐,微信支付,64.92,1,0.121,58.27,35.04,0.3987,0,0.0,C386268902
O1138231601,2025-07-20,华南,厦门,家居,收纳,家-收-676,信息流广告,微信支付,93.17,2,0.057,196.67,109.98,0.4408,0,0.0,C467705158
O2960108005,2025-07-20,东北,哈尔滨,服饰,鞋靴,服-鞋-335,自然搜索,支付宝,128.52,1,0.018,128.88,81.04,0.3712,0,0.0,C424414896
O5729785118,2025-07-20,华南,深圳,美妆,护肤,美-护-575,私域,支付宝,194.47,3,0.134,565.47,333.13,0.4109,0,0.0,C839244025
O6379562130,2025-07-20,华北,石家庄,家居,收纳,家-收-683,信息流广告,微信支付,24.29,2,0.062,47.85,28.92,0.3956,0,0.0,C967261972
O6532416624,2025-07-20,华南,佛山,数码,智能穿戴,数-智-222,站内推荐,微信支付,206.79,1,0.109,206.22,154.32,0.2517,0,0.0,C687813826
O5173460221,2025-07-20,西北,兰州,美妆,香氛,美-香-340,信息流广告,微信支付,124.57,1,0.106,116.93,66.47,0.4315,0,0.0,C601962793
O0695794456,2025-07-20,华南,深圳,服饰,裤装,服-裤-454,私域,支付宝,128.42,2,0.059,270.5,146.23,0.4594,0,0.0,C720435019
O6332066391,2025-07-20,华南,厦门,食品,零食,食-零-292,线下导流,微信支付,50.34,4,0.028,219.06,147.85,0.3251,0,0.0,C880712602
O8444222481,2025-07-21,华北,北京,美妆,香氛,美-香-463,线下导流,货到付款,147.7,2,0.059,291.87,151.1,0.4823,0,0.0,C541491197
O0477456476,2025-07-21,西南,昆明,服饰,鞋靴,服-鞋-250,直播,支付宝,165.84,2,0.088,349.19,199.83,0.4277,0,0.0,C322910737
O6246071331,2025-07-21,华北,北京,数码,耳机,数-耳-151,自然搜索,支付宝,292.43,1,0.037,295.69,218.35,0.2616,0,0.0,C636369003
O6474772476,2025-07-21,华北,太原,服饰,裤装,服-裤-278,直播,微信支付,130.43,2,0.104,245.42,154.86,0.369,0,0.0,C608600276
O2217374100,2025-07-21,西南,成都,服饰,鞋靴,服-鞋-735,私域,微信支付,137.13,4,0.02,620.53,363.5,0.4142,0,0.0,C330296955
O1280660544,2025-07-21,华北,天津,服饰,鞋靴,服-鞋-891,站内推荐,支付宝,70.68,1,0.094,67.24,35.18,0.4768,0,0.0,C305044667
O1916585018,2025-07-21,华北,太原,服饰,裤装,服-裤-258,信息流广告,微信支付,78.84,1,0.103,74.26,42.51,0.4276,0,0.0,C676900701
O0018636417,2025-07-21,西南,贵阳,数码,耳机,数-耳-992,信息流广告,支付宝,224.44,3,0.052,736.84,549.32,0.2545,0,0.0,C012633583
O5793255676,2025-07-21,西北,兰州,数码,配件,数-配-128,自然搜索,微信支付,201.68,1,0.009,209.86,159.68,0.2391,0,0.0,C583101140
O5221260388,2025-07-21,华北,天津,数码,智能穿戴,数-智-533,线下导流,支付宝,198.18,4,,832.36,677.68,0.1858,0,0.0,C012050238
O2841958380,2025-07-21,东北,哈尔滨,食品,速食,食-速-937,信息流广告,支付宝,46.39,1,0.134,41.02,26.25,0.3601,0,0.0,C799499149
O6558369977,2025-07-21,华北,北京,服饰,上衣,服-上-124,信息流广告,支付宝,94.96,2,0.098,179.87,108.19,0.3985,0,0.0,C148236948
O0288734975,2025-07-21,华中,长沙,食品,速食,食-速-510,自然搜索,支付宝,49.43,1,0.013,51.23,35.13,0.3143,0,0.0,C694338437
O3529878312,2025-07-21,西南,贵阳,食品,速食,食-速-437,站内推荐,微信支付,38.87,4,0.083,164.58,111.4,0.3231,0,0.0,C162787371
O9343568371,2025-07-21,西南,成都,服饰,裤装,服-裤-460,自然搜索,微信支付,95.58,3,0.089,301.54,171.15,0.4324,0,0.0,C916198641
O0109311010,2025-07-22,华南,深圳,美妆,彩妆,美-彩-480,信息流广告,银行卡,216.51,2,0.022,474.28,256.08,0.4601,0,0.0,C529111329
O6650809703,2025-07-22,东北,哈尔滨,食品,速食,食-速-803,线下导流,支付宝,56.56,2,0.087,105.43,66.57,0.3686,0,0.0,C298352124
O9433795594,2025-07-22,华中,南昌,食品,速食,食-速-211,信息流广告,支付宝,41.82,1,0.093,39.83,27.5,0.3096,0,0.0,C821217147
O1140162555,2025-07-22,华东,杭州,食品,零食,食-零-425,私域,微信支付,60.68,3,0.064,178.91,103.79,0.4199,0,0.0,C057844564
O3747442423,2025-07-22,西南,昆明,美妆,彩妆,美-彩-959,直播,微信支付,160.32,1,0.07,172.19,91.95,0.466,0,0.0,C393633372
O9809605975,2025-07-22,华北,石家庄,食品,零食,食-零-645,站内推荐,支付宝,49.84,2,0.054,99.01,70.02,0.2928,0,0.0,C042852461
O9863256696,2025-07-22,华东,上海,数码,智能穿戴,数-智-935,自然搜索,支付宝,235.66,2,0.013,488.45,375.0,0.2323,0,0.0,C168831371
O2904159030,2025-07-22,华南,佛山,美妆,彩妆,美-彩-651,私域,货到付款,143.61,1,0.087,146.84,78.6,0.4647,0,0.0,C818304725
O9648630773,2025-07-22,华北,北京,家居,清洁,家-清-335,信息流广告,支付宝,69.76,1,0.078,67.53,41.17,0.3903,0,0.0,C677953441
O7224998048,2025-07-22,华北,北京,服饰,上衣,服-上-830,自然搜索,银行卡,149.66,4,0.061,590.23,343.2,0.4185,0,0.0,C631492188
O9449228342,2025-07-22,华北,天津,数码,配件,数-配-175,直播,微信支付,283.47,3,0.136,771.49,512.4,0.3358,0,0.0,C232483214
O7088632517,2025-07-22,华南,广州,服饰,上衣,服-上-689,信息流广告,微信支付,148.49,3,0.116,441.02,269.18,0.3896,0,0.0,C453166130
O0157872405,2025-07-22,西南,昆明,数码,智能穿戴,数-智-461,私域,银行卡,184.05,3,0.123,559.24,445.92,0.2026,0,0.0,C725380704
O8495430150,2025-07-22,华北,石家庄,美妆,护肤,美-护-446,信息流广告,微信支付,159.72,3,0.073,466.39,264.92,0.432,0,0.0,C734536536
O9519985794,2025-07-22,华北,北京,数码,智能穿戴,数-智-886,信息流广告,支付宝,206.52,4,0.079,798.86,614.28,0.2311,0,0.0,C986942946
O2162218601,2025-07-22,华中,南昌,食品,零食,食-零-961,自然搜索,支付宝,30.41,1,0.056,30.14,20.48,0.3205,0,0.0,C669988591
O2949154190,2025-07-22,华东,苏州,家居,厨具,家-厨-740,自然搜索,微信支付,63.04,1,0.039,63.61,37.03,0.4179,0,0.0,C092512838
O8588711858,2025-07-22,西北,银川,家居,厨具,家-厨-554,站内推荐,微信支付,45.16,1,0.029,46.04,30.38,0.3401,0,0.0,C509842281
O4792514745,2025-07-22,东北,长春,数码,智能穿戴,数-智-334,自然搜索,微信支付,208.84,2,0.008,422.98,303.35,0.2828,1,369.4,C437528706
O6695691158,2025-07-22,华南,厦门,数码,智能穿戴,数-智-795,信息流广告,微信支付,207.97,2,0.092,422.97,317.75,0.2488,0,0.0,C941731685
O3705494583,2025-07-22,华东,宁波,家居,收纳,家-收-546,直播,银行卡,91.53,3,,256.32,147.39,0.425,0,0.0,C918154131
O7857957104,2025-07-22,华北,北京,美妆,香氛,美-香-653,自然搜索,微信支付,131.24,3,0.0,413.41,232.78,0.4369,0,0.0,C634447028
O2507210974,2025-07-22,华南,广州,美妆,香氛,美-香-200,私域,微信支付,241.97,4,0.06,1018.91,624.53,0.3871,0,0.0,C364979850
O1230910546,2025-07-22,华北,太原,数码,配件,数-配-595,信息流广告,支付宝,299.07,4,0.07,1168.17,864.02,0.2604,0,0.0,C425812892
O4335355155,2025-07-23,华南,厦门,家居,清洁,家-清-425,站内推荐,微信支付,99.04,3,0.068,310.22,197.47,0.3635,0,0.0,C944116452
O5946183155,2025-07-23,华北,北京,服饰,上衣,服-上-914,站内推荐,微信支付,143.92,3,0.063,424.79,225.58,0.469,0,0.0,C673319395
O8153643241,2025-07-23,华北,太原,家居,厨具,家-厨-237,私域,微信支付,63.6,3,0.072,185.92,113.77,0.3881,0,0.0,C411377992
O5214568930,2025-07-23,华中,武汉,数码,耳机,数-耳-205,信息流广告,微信支付,217.9,4,0.134,792.55,582.48,0.2651,0,0.0,C586549780
O2698194929,2025-07-23,华东,南京,食品,零食,食-零-841,自然搜索,微信支付,57.99,1,0.02,59.67,41.98,0.2965,0,0.0,C533194623
O2157652562,2025-07-23,华南,佛山,数码,智能穿戴,数-智-927,直播,支付宝,239.43,2,0.124,469.93,311.97,0.3361,0,0.0,C450604024
O7416501695,2025-07-23,华中,南昌,服饰,上衣,服-上-531,线下导流,微信支付,157.76,4,0.037,638.08,368.7,0.4222,0,0.0,C337358797
O2730009411,2025-07-23,华南,广州,服饰,鞋靴,服-鞋-687,自然搜索,支付宝,86.23,1,0.055,91.29,55.27,0.3946,0,0.0,C887574249
O3500192693,2025-07-23,华东,苏州,家居,收纳,家-收-110,私域,微信支付,59.89,2,0.092,114.2,68.47,0.4004,0,0.0,C163799364
O6007515968,2025-07-23,华南,厦门,数码,耳机,数-耳-416,站内推荐,微信支付,154.39,1,0.053,163.79,117.22,0.2843,1,138.23,C894943583
O9510900715,2025-07-23,华南,广州,美妆,护肤,美-护-994,信息流广告,支付宝,207.21,1,0.14,199.63,121.02,0.3938,0,0.0,C191223364
O0687382723,2025-07-23,华南,厦门,家居,厨具,家-厨-161,信息流广告,支付宝,123.21,3,0.101,372.26,223.81,0.3988,0,0.0,C082099183
O5445825050,2025-07-23,华东,上海,数码,耳机,数-耳-276,站内推荐,银行卡,203.34,4,0.049,812.18,630.52,0.2237,0,0.0,C832225301
O6427646751,2025-07-23,华东,苏州,家居,清洁,家-清-326,私域,支付宝,119.68,3,0.059,354.75,231.43,0.3476,0,0.0,C582053867
O1958905313,2025-07-24,华东,苏州,美妆,香氛,美-香-973,直播,微信支付,121.84,2,0.088,233.35,151.66,0.3501,0,0.0,C660569267
O4182278792,2025-07-24,华中,郑州,美妆,香氛,美-香-244,站内推荐,微信支付,103.25,3,0.073,301.5,170.78,0.4336,0,0.0,C555921200
O1600178648,2025-07-24,华东,,服饰,上衣,服-上-676,私域,微信支付,79.93,1,0.086,76.71,46.66,0.3917,0,0.0,C276726180
O8383632174,2025-07-24,西南,贵阳,家居,收纳,家-收-973,私域,微信支付,70.31,2,0.052,154.09,95.18,0.3823,0,0.0,C026779833
O0294852467,2025-07-24,西南,昆明,服饰,裤装,服-裤-823,站内推荐,支付宝,119.46,3,0.04,397.69,214.26,0.4612,0,0.0,C461377845
O7206836251,2025-07-24,西南,昆明,服饰,鞋靴,服-鞋-170,自然搜索,银行卡,88.01,2,0.095,184.14,104.28,0.4337,0,0.0,C887054770
O7306617733,2025-07-24,华北,北京,数码,智能穿戴,数-智-561,自然搜索,微信支付,209.46,2,0.0,439.87,355.63,0.1915,0,0.0,C816622530
O8481464708,2025-07-24,华南,广州,美妆,彩妆,美-彩-681,线下导流,微信支付,148.63,1,0.105,149.07,88.68,0.4051,0,0.0,C114738271
O8624424618,2025-07-24,西南,成都,服饰,鞋靴,服-鞋-917,自然搜索,支付宝,111.94,4,0.021,506.71,299.31,0.4093,0,0.0,C675279139
O4066142921,2025-07-24,华东,宁波,食品,速食,食-速-412,站内推荐,微信支付,36.98,2,0.05,73.78,51.55,0.3013,1,58.15,C592829447
O2491160623,2025-07-24,华南,广州,服饰,上衣,服-上-716,私域,支付宝,160.93,2,0.057,340.12,217.63,0.3601,0,0.0,C319535341
O6735737866,2025-07-24,华南,佛山,服饰,上衣,服-上-671,信息流广告,支付宝,103.54,3,0.158,293.09,182.15,0.3785,0,0.0,C284583005
O1711880898,2025-07-25,华东,苏州,数码,耳机,数-耳-992,直播,银行卡,161.6,2,0.049,322.73,235.06,0.2717,0,0.0,C236188859
O5568651832,2025-07-25,华南,广州,家居,清洁,家-清-681,站内推荐,微信支付,51.26,4,0.071,213.52,131.53,0.384,0,0.0,C614682785
O5428936427,2025-07-25,华北,天津,服饰,裤装,服-裤-243,自然搜索,支付宝,98.15,3,0.099,278.56,160.05,0.4254,0,0.0,C558926453
O3053763943,2025-07-25,华北,太原,数码,智能穿戴,数-智-208,线下导流,支付宝,190.3,1,0.109,178.04,137.47,0.2279,0,0.0,C593252250
O7462247881,2025-07-25,华东,苏州,家居,清洁,家-清-343,直播,支付宝,90.44,2,0.118,167.51,111.22,0.336,0,0.0,C622805794
O1282458902,2025-07-25,西南,成都,美妆,香氛,美-香-961,直播,微信支付,186.24,3,0.037,622.22,311.57,0.4993,1,450.36,C760211890
O3366931695,2025-07-25,华南,佛山,家居,厨具,家-厨-255,信息流广告,微信支付,73.55,4,0.096,298.13,185.09,0.3792,0,0.0,C553096753
O1163730885,2025-07-25,华北,天津,数码,配件,数-配-343,自然搜索,支付宝,253.66,2,0.065,498.06,352.37,0.2925,0,0.0,C045789479
O9912860127,2025-07-25,西南,贵阳,家居,清洁,家-清-333,站内推荐,支付宝,17.61,4,0.088,74.29,43.56,0.4136,0,0.0,C248355589
O4097947249,2025-07-25,华南,佛山,服饰,鞋靴,服-鞋-390,信息流广告,微信支付,142.11,4,0.104,570.93,318.08,0.4429,0,0.0,C852456905
O1709249058,2025-07-25,华北,北京,美妆,彩妆,美-彩-428,直播,银行卡,132.93,1,0.082,128.13,81.97,0.3603,0,0.0,C167726544
O7177714924,2025-07-25,华北,太原,服饰,鞋靴,服-鞋-600,自然搜索,支付宝,77.93,4,0.071,304.07,178.6,0.4126,0,0.0,C853154239
O7461665198,2025-07-25,西南,成都,食品,速食,食-速-952,直播,支付宝,61.13,1,0.099,63.69,40.52,0.3638,0,0.0,C900493380
O9363473024,2025-07-25,华南,厦门,数码,配件,数-配-672,私域,支付宝,216.44,1,0.037,233.64,160.23,0.3142,1,184.07,C801209164
O3390892228,2025-07-25,华北,太原,服饰,鞋靴,服-鞋-172,直播,支付宝,226.23,3,0.141,612.14,331.92,0.4578,0,0.0,C101265417
O1493542691,2025-07-25,华北,太原,美妆,彩妆,美-彩-349,信息流广告,支付宝,120.63,2,0.084,232.04,132.91,0.4272,0,0.0,C986773744
O8639107277,2025-07-25,华南,深圳,家居,收纳,家-收-933,自然搜索,支付宝,98.48,1,0.033,106.75,62.05,0.4187,0,0.0,C164348157
O0441418352,2025-07-25,华北,太原,服饰,鞋靴,服-鞋-378,信息流广告,微信支付,131.66,2,0.064,258.79,153.65,0.4063,0,0.0,C877839600
O8354881480,2025-07-26,华北,太原,服饰,上衣,服-上-165,信息流广告,支付宝,158.23,4,0.069,618.71,394.71,0.362,1,434.44,C837355260
O3858541312,2025-07-26,华北,北京,数码,耳机,数-耳-784,信息流广告,支付宝,228.69,2,0.058,452.39,332.38,0.2653,0,0.0,C499543939
O2928556629,2025-07-26,华东,南京,美妆,香氛,美-香-993,直播,微信支付,82.12,1,0.095,78.03,38.69,0.5042,0,0.0,C033844084
O2524059762,2025-07-26,西南,成都,美妆,彩妆,美-彩-651,站内推荐,微信支付,165.17,3,0.058,540.04,243.02,0.55,0,0.0,C799922094
O0726401100,2025-07-26,华南,厦门,服饰,上衣,服-上-235,站内推荐,微信支付,80.46,3,0.11,240.89,134.47,0.4418,0,0.0,C089305754
O2559416479,2025-07-26,华南,广州,数码,耳机,数-耳-332,站内推荐,微信支付,178.79,1,0.113,177.82,131.0,0.2633,0,0.0,C952506583
O8542739093,2025-07-26,华南,厦门,数码,配件,数-配-496,私域,支付宝,189.44,3,0.032,616.87,429.81,0.3032,0,0.0,C033796612
O5422542088,2025-07-26,华南,厦门,数码,配件,数-配-193,信息流广告,微信支付,143.21,4,0.104,575.53,447.69,0.2221,0,0.0,C056586237
O6577196717,2025-07-26,华南,广州,数码,配件,数-配-843,站内推荐,微信支付,191.06,2,0.057,404.05,295.3,0.2691,0,0.0,C218227395
O0135431268,2025-07-26,华中,长沙,家居,收纳,家-收-211,自然搜索,支付宝,103.49,3,0.053,308.72,195.47,0.3668,0,0.0,C128325281
O8656962678,2025-07-26,华东,宁波,食品,零食,食-零-605,信息流广告,支付宝,42.24,1,0.086,40.54,28.87,0.2879,0,0.0,C534328935
O7659721127,2025-07-26,西南,贵阳,美妆,彩妆,美-彩-915,直播,支付宝,194.33,2,0.099,405.15,205.17,0.4936,0,0.0,C626204084
O3779955291,2025-07-26,华中,郑州,食品,零食,食-零-538,线下导流,微信支付,70.34,4,0.048,281.25,188.27,0.3306,0,0.0,C928278719
O0518144700,2025-07-26,华中,南昌,美妆,香氛,美-香-654,信息流广告,支付宝,93.08,2,0.051,185.5,105.5,0.4313,0,0.0,C630756323
O7196597752,2025-07-26,华中,南昌,家居,清洁,家-清-699,直播,支付宝,78.34,2,0.117,145.27,93.96,0.3532,0,0.0,C002230355
O3867354099,2025-07-26,华北,天津,美妆,香氛,美-香-308,站内推荐,银行卡,249.96,4,0.033,1015.19,522.94,0.4849,0,0.0,C516261744
O6273810241,2025-07-26,华东,宁波,服饰,鞋靴,服-鞋-103,站内推荐,微信支付,183.96,4,0.046,737.09,471.56,0.3602,0,0.0,C507387905
O6653127289,2025-07-27,西北,乌鲁木齐,数码,配件,数-配-348,信息流广告,微信支付,249.18,4,0.097,945.04,741.77,0.2151,0,0.0,C082543928
O9444560005,2025-07-27,西南,昆明,家居,厨具,家-厨-434,信息流广告,银行卡,73.86,3,0.09,233.39,140.9,0.3963,0,0.0,C562128451
O9626114802,2025-07-27,华北,太原,数码,智能穿戴,数-智-436,直播,银行卡,124.0,2,0.097,235.14,185.33,0.2118,0,0.0,C949253082
O3466022469,2025-07-27,华南,厦门,美妆,彩妆,美-彩-731,线下导流,支付宝,148.54,4,0.044,637.12,317.93,0.501,0,0.0,C706270352
O6676705623,2025-07-27,华东,南京,服饰,裤装,服-裤-275,自然搜索,微信支付,155.96,4,0.059,616.39,340.69,0.4473,0,0.0,C308539902
O6752732959,2025-07-27,华北,天津,家居,清洁,家-清-310,信息流广告,微信支付,77.23,2,0.03,157.32,96.17,0.3887,0,0.0,C399635553
O6104666408,2025-07-27,华东,苏州,家居,厨具,家-厨-343,自然搜索,微信支付,76.27,3,0.041,230.4,145.32,0.3693,0,0.0,C367988264
O7071990850,2025-07-27,华中,南昌,数码,智能穿戴,数-智-293,站内推荐,微信支付,187.11,4,0.061,737.92,547.7,0.2578,0,0.0,C361534119
O9078433423,2025-07-27,华北,太原,美妆,彩妆,美-彩-863,信息流广告,银行卡,222.09,4,0.098,841.37,450.45,0.4646,0,0.0,C316306316
O1463309085,2025-07-27,华东,苏州,数码,智能穿戴,数-智-992,站内推荐,微信支付,265.59,1,0.076,257.68,202.27,0.215,0,0.0,C750024991
O2865697478,2025-07-27,华中,武汉,服饰,上衣,服-上-799,信息流广告,微信支付,168.19,4,0.09,642.82,360.18,0.4397,0,0.0,C659385009
O1616728698,2025-07-27,华中,郑州,服饰,裤装,服-裤-802,信息流广告,支付宝,105.17,2,0.046,210.7,127.16,0.3965,0,0.0,C619542550
O9295038392,2025-07-27,华中,郑州,服饰,裤装,服-裤-936,直播,微信支付,81.85,3,0.113,228.69,135.3,0.4084,0,0.0,C658222321
O1756011007,2025-07-27,华南,深圳,家居,收纳,家-收-946,信息流广告,微信支付,24.97,1,0.115,24.79,14.09,0.4316,0,0.0,C387539682
O4057926001,2025-07-27,西南,贵阳,食品,饮料,食-饮-639,线下导流,微信支付,57.77,3,0.07,186.56,135.11,0.2758,0,0.0,C035103063
O4696741731,2025-07-27,华东,杭州,数码,配件,数-配-128,信息流广告,货到付款,200.99,2,0.125,369.32,276.58,0.2511,0,0.0,C506642482
O9835488739,2025-07-28,华东,南京,数码,配件,数-配-636,自然搜索,微信支付,205.68,3,0.088,590.88,425.1,0.2806,0,0.0,C472102298
O3539355513,2025-07-28,东北,长春,数码,配件,数-配-842,自然搜索,支付宝,246.83,3,0.093,685.06,464.85,0.3214,0,0.0,C908263144
O2601978838,2025-07-28,华南,佛山,数码,耳机,数-耳-388,站内推荐,微信支付,224.85,2,0.016,496.49,366.37,0.2621,0,0.0,C666191182
O4611632823,2025-07-28,西南,重庆,美妆,护肤,美-护-235,自然搜索,支付宝,173.8,1,0.086,183.95,106.63,0.4203,0,0.0,C714601973
O8771229571,2025-07-28,东北,大连,数码,耳机,数-耳-537,自然搜索,微信支付,184.24,4,0.071,698.33,482.25,0.3094,0,0.0,C656406328
O8556593169,2025-07-28,东北,大连,食品,零食,食-零-950,私域,微信支付,33.86,2,0.138,59.54,40.05,0.3273,0,0.0,C214927282
O3686784029,2025-07-28,华东,宁波,服饰,上衣,服-上-411,站内推荐,支付宝,119.2,4,0.038,481.62,329.35,0.3162,0,0.0,C892199496
O2365946862,2025-07-28,华东,南京,数码,耳机,数-耳-868,直播,银行卡,120.22,3,0.12,333.25,251.03,0.2467,0,0.0,C864789705
O3840696829,2025-07-28,华南,厦门,数码,智能穿戴,数-智-482,信息流广告,支付宝,168.31,4,0.134,654.15,521.25,0.2032,0,0.0,C570319257
O5513147061,2025-07-28,西南,昆明,家居,收纳,家-收-290,自然搜索,微信支付,88.44,1,0.032,99.14,63.82,0.3563,0,0.0,C501698995
O2184380837,2025-07-28,华中,郑州,数码,配件,数-配-821,信息流广告,微信支付,207.82,1,0.13,189.84,149.63,0.2118,0,0.0,C076811769
O1934795442,2025-07-28,华北,太原,数码,智能穿戴,数-智-299,直播,微信支付,162.19,1,0.104,152.59,118.33,0.2245,0,0.0,C376834067
O9602670694,2025-07-28,华东,宁波,美妆,彩妆,美-彩-413,站内推荐,银行卡,153.91,2,0.064,302.53,170.83,0.4353,0,0.0,C578267945
O6903458750,2025-07-28,华南,广州,数码,耳机,数-耳-625,自然搜索,微信支付,289.72,4,0.061,1220.95,876.02,0.2825,0,0.0,C274669297
O5485413795,2025-07-28,西南,昆明,食品,零食,食-零-858,信息流广告,银行卡,52.92,4,0.091,222.82,159.49,0.2842,0,0.0,C566698420
O2695272818,2025-07-28,华东,上海,美妆,彩妆,美-彩-444,站内推荐,银行卡,148.96,3,0.088,427.93,278.68,0.3488,0,0.0,C586461370
O5916540356,2025-07-28,华东,苏州,美妆,护肤,美-护-766,私域,支付宝,128.57,4,0.076,498.95,280.21,0.4384,0,0.0,C492562414
O6747272487,2025-07-28,西北,西安,食品,零食,食-零-879,信息流广告,支付宝,54.69,4,0.06,215.92,162.91,0.2455,0,0.0,C456837967
O9117654559,2025-07-28,华南,厦门,服饰,裤装,服-裤-976,信息流广告,微信支付,45.49,1,0.126,44.61,26.79,0.3995,0,0.0,C898205849
O0463656016,2025-07-28,华中,武汉,数码,耳机,数-耳-951,直播,支付宝,260.79,1,0.108,244.26,183.89,0.2472,0,0.0,C482203095
O2544119287,2025-07-29,华东,苏州,数码,配件,数-配-209,自然搜索,微信支付,209.14,2,0.11,390.88,293.54,0.249,0,0.0,C728599558
O2291699783,2025-07-29,华中,南昌,家居,清洁,家-清-471,站内推荐,支付宝,80.19,3,0.08,232.39,135.92,0.4151,0,0.0,C913163822
O9281574618,2025-07-29,华中,武汉,数码,耳机,数-耳-873,信息流广告,微信支付,142.37,2,0.084,273.86,198.87,0.2738,0,0.0,C527837981
O3738220133,2025-07-29,华东,宁波,家居,清洁,家-清-113,直播,支付宝,99.31,3,0.123,274.35,161.22,0.4124,0,0.0,C230406244
O8193547239,2025-07-29,华东,杭州,美妆,护肤,美-护-764,私域,支付宝,209.21,2,0.068,409.47,238.81,0.4168,0,0.0,C413471154
O2824144801,2025-07-29,东北,沈阳,美妆,香氛,美-香-885,信息流广告,银行卡,187.93,1,0.036,184.76,106.47,0.4237,0,0.0,C713065563
O4177683778,2025-07-29,华中,南昌,服饰,鞋靴,服-鞋-557,私域,银行卡,102.27,4,0.008,426.1,215.07,0.4953,0,0.0,C755539195
O0291093901,2025-07-29,华北,北京,家居,清洁,家-清-546,站内推荐,微信支付,50.26,3,0.077,146.13,80.78,0.4472,0,0.0,C594702521
O5910186694,2025-07-29,华东,苏州,美妆,彩妆,美-彩-839,站内推荐,微信支付,218.52,1,0.007,227.84,119.8,0.4742,0,0.0,C473199213
O1324757165,2025-07-29,华南,佛山,家居,清洁,家-清-247,自然搜索,支付宝,98.97,2,0.096,200.83,128.9,0.3582,0,0.0,C025621170
O1501942882,2025-07-29,西北,银川,食品,饮料,食-饮-697,自然搜索,支付宝,62.72,2,0.043,126.05,84.94,0.3261,0,0.0,C728269222
O1906872043,2025-07-29,东北,哈尔滨,美妆,彩妆,美-彩-853,站内推荐,支付宝,200.2,3,0.12,539.02,260.29,0.5171,0,0.0,C707633693
O2040440627,2025-07-29,华东,苏州,家居,收纳,家-收-209,线下导流,支付宝,92.96,2,0.045,186.43,103.22,0.4463,0,0.0,C482660123
O2373232782,2025-07-30,西南,成都,食品,饮料,食-饮-719,直播,支付宝,46.5,2,0.131,93.67,67.21,0.2825,0,0.0,C956990166
O7804988716,2025-07-30,华南,厦门,美妆,彩妆,美-彩-703,直播,支付宝,160.03,2,0.13,312.62,187.24,0.4011,0,0.0,C193010317
O6901513001,2025-07-30,华东,上海,食品,速食,食-速-358,自然搜索,微信支付,41.23,1,0.034,41.82,26.51,0.3661,0,0.0,C155985969
O1271800238,2025-07-30,华东,苏州,食品,零食,食-零-991,站内推荐,支付宝,42.07,2,0.061,82.96,55.22,0.3344,0,0.0,C751826825
O1780190395,2025-07-30,华北,天津,家居,收纳,家-收-604,直播,微信支付,67.92,4,0.122,250.46,146.82,0.4138,1,186.6,C105552939
O1469401485,2025-07-30,西南,贵阳,服饰,裤装,服-裤-988,站内推荐,微信支付,92.27,3,0.05,304.79,178.58,0.4141,0,0.0,C292060413
O0952901029,2025-07-30,华北,太原,家居,清洁,家-清-406,自然搜索,微信支付,69.15,4,0.054,274.75,173.61,0.3681,1,261.43,C562994484
O5327822256,2025-07-30,华东,宁波,家居,厨具,家-厨-352,线下导流,银行卡,95.41,3,0.071,279.2,151.29,0.4581,0,0.0,C710774515
O0031435620,2025-07-30,华北,太原,家居,收纳,家-收-251,直播,微信支付,83.64,1,0.135,75.97,47.71,0.372,0,0.0,C037975513
O2830994966,2025-07-31,华南,厦门,食品,速食,食-速-954,私域,支付宝,43.03,3,0.063,135.84,95.87,0.2942,1,123.77,C728111278
O6053537479,2025-07-31,华南,深圳,家居,清洁,家-清-404,私域,支付宝,96.18,3,0.038,311.73,176.92,0.4325,0,0.0,C474368334
O2066965649,2025-07-31,华东,杭州,美妆,香氛,美-香-281,私域,银行卡,106.87,2,0.0,224.43,126.04,0.4384,0,0.0,C038617467
O6942481412,2025-07-31,华北,太原,美妆,香氛,美-香-477,自然搜索,微信支付,197.51,4,0.049,788.89,427.39,0.4582,0,0.0,C046511411
O5467154740,2025-07-31,西南,贵阳,美妆,彩妆,美-彩-418,自然搜索,微信支付,169.23,4,0.094,711.14,426.5,0.4003,0,0.0,C488256733
O3275612276,2025-07-31,西南,成都,美妆,彩妆,美-彩-406,信息流广告,微信支付,134.45,3,0.064,437.77,227.4,0.4805,0,0.0,C316192352
O0520682212,2025-07-31,西南,贵阳,服饰,鞋靴,服-鞋-432,自然搜索,微信支付,105.51,4,0.098,441.42,281.43,0.3624,0,0.0,C388841900
O3473732249,2025-07-31,华东,南京,家居,厨具,家-厨-252,自然搜索,银行卡,88.88,1,0.007,92.67,54.52,0.4117,0,0.0,C631234221
O1336858338,2025-07-31,华南,广州,家居,收纳,家-收-897,私域,微信支付,72.69,4,0.032,316.09,178.26,0.436,0,0.0,C214116213
O5232514554,2025-07-31,华南,广州,服饰,上衣,服-上-449,私域,支付宝,87.48,3,0.042,282.35,167.13,0.4081,0,0.0,C764602274
O1909609772,2025-07-31,华北,北京,服饰,鞋靴,服-鞋-311,站内推荐,微信支付,170.54,2,0.02,350.97,173.46,0.5058,1,263.06,C271489177
O4138832426,2025-07-31,华东,宁波,家居,收纳,家-收-710,直播,支付宝,82.52,1,0.144,74.17,45.44,0.3874,0,0.0,C668564246
O3000168065,2025-07-31,华东,上海,美妆,彩妆,美-彩-704,私域,支付宝,140.21,3,0.066,412.51,248.04,0.3987,0,0.0,C166910479
O1251548443,2025-07-31,华南,深圳,家居,厨具,家-厨-920,私域,支付宝,92.43,2,0.071,192.86,126.9,0.342,0,0.0,C092107351
O8748555559,2025-08-01,西南,重庆,家居,厨具,家-厨-936,线下导流,银行卡,40.39,1,0.037,42.97,27.43,0.3616,0,0.0,C426488986
O3967896926,2025-08-01,东北,大连,服饰,鞋靴,服-鞋-980,私域,银行卡,137.74,2,0.059,251.68,139.86,0.4443,0,0.0,C468807956
O0149833995,2025-08-01,华东,苏州,食品,零食,食-零-482,直播,支付宝,49.74,3,0.022,145.94,89.48,0.3869,0,0.0,C035796455
O6555678463,2025-08-01,华南,深圳,食品,速食,食-速-731,自然搜索,支付宝,55.61,2,0.053,112.69,78.78,0.3009,0,0.0,C871715860
O7656548590,2025-08-01,华北,石家庄,数码,智能穿戴,数-智-831,线下导流,支付宝,137.07,3,0.058,387.36,273.6,0.2937,0,0.0,C141273311
O3883426329,2025-08-01,华东,上海,美妆,彩妆,美-彩-370,自然搜索,支付宝,166.28,1,0.078,153.31,73.59,0.52,0,0.0,C541401129
O6484759882,2025-08-01,东北,哈尔滨,数码,配件,数-配-729,站内推荐,微信支付,171.05,2,0.069,309.22,232.81,0.2471,0,0.0,C057718891
O5612469997,2025-08-01,华南,厦门,食品,零食,食-零-901,直播,支付宝,45.76,4,0.132,169.98,115.63,0.3197,0,0.0,C753274905
O6927199008,2025-08-01,西北,西安,食品,速食,食-速-655,信息流广告,支付宝,45.16,4,0.119,159.14,104.83,0.3413,1,112.54,C564047137
O9725289608,2025-08-01,华南,厦门,数码,配件,数-配-916,私域,货到付款,263.81,4,0.12,993.51,776.19,0.2187,0,0.0,C220090566
O6113213898,2025-08-01,华东,宁波,服饰,上衣,服-上-572,信息流广告,微信支付,83.44,3,0.071,232.55,129.82,0.4418,0,0.0,C464573285
O1173922134,2025-08-01,西南,成都,家居,厨具,家-厨-355,直播,微信支付,78.21,3,0.02,254.04,166.77,0.3435,0,0.0,C246307062
O6380083522,2025-08-01,华中,南昌,数码,耳机,数-耳-950,线下导流,微信支付,260.96,4,0.017,1026.09,800.48,0.2199,0,0.0,C416173044
O8488080761,2025-08-01,华南,广州,数码,配件,数-配-937,直播,银行卡,157.93,1,0.086,154.44,109.32,0.2922,0,0.0,C943952816
O3121441932,2025-08-01,华东,南京,服饰,裤装,服-裤-656,直播,支付宝,128.13,2,0.074,237.3,133.97,0.4354,1,229.45,C760948672
O1687137579,2025-08-01,华中,南昌,数码,耳机,数-耳-387,自然搜索,支付宝,117.22,4,0.07,436.06,306.21,0.2978,0,0.0,C793635576
O9029203068,2025-08-02,华东,宁波,数码,智能穿戴,数-智-119,自然搜索,微信支付,133.28,4,0.121,468.61,357.2,0.2377,0,0.0,C664753403
O8006094336,2025-08-02,华中,武汉,美妆,彩妆,美-彩-303,直播,微信支付,204.76,1,0.075,189.4,109.75,0.4205,0,0.0,C300515957
O3667532015,2025-08-02,华南,广州,食品,饮料,食-饮-111,私域,支付宝,43.88,3,0.058,132.71,80.35,0.3945,0,0.0,C935280294
O9059233747,2025-08-02,华东,宁波,数码,耳机,数-耳-925,直播,银行卡,218.19,1,,189.17,149.43,0.2101,0,0.0,C392487364
O8603082487,2025-08-02,华中,长沙,食品,饮料,食-饮-609,站内推荐,支付宝,33.16,1,0.072,30.77,19.95,0.3516,0,0.0,C832468780
O4022942628,2025-08-02,华南,深圳,数码,耳机,数-耳-164,线下导流,支付宝,121.0,2,0.06,243.45,182.18,0.2517,1,175.29,C904281434
O8185269157,2025-08-02,华东,上海,食品,速食,食-速-676,私域,微信支付,53.41,1,0.101,48.02,29.15,0.393,0,0.0,C422465538
O0895033311,2025-08-02,东北,大连,家居,厨具,家-厨-179,自然搜索,支付宝,88.14,1,0.079,78.8,46.67,0.4077,0,0.0,C980310635
O2920478361,2025-08-02,华南,深圳,食品,零食,食-零-769,直播,支付宝,56.13,3,0.089,164.18,107.01,0.3482,0,0.0,C075023035
O3911696952,2025-08-02,华东,南京,数码,智能穿戴,数-智-220,站内推荐,货到付款,139.77,1,0.077,129.01,107.3,0.1683,0,0.0,C128681227
O6421139716,2025-08-02,华中,南昌,美妆,护肤,美-护-885,站内推荐,微信支付,144.16,4,0.056,544.35,328.47,0.3966,0,0.0,C527006556
O1899887131,2025-08-02,华东,苏州,服饰,裤装,服-裤-588,私域,微信支付,152.27,3,0.045,436.25,236.28,0.4584,0,0.0,C358788809
O8417294852,2025-08-02,华南,广州,美妆,彩妆,美-彩-598,直播,支付宝,119.72,2,0.059,241.13,131.18,0.456,0,0.0,C936748821
O7504478094,2025-08-02,华东,南京,服饰,上衣,服-上-357,站内推荐,支付宝,98.96,3,0.123,260.36,144.26,0.4459,0,0.0,C696028164
O2253328279,2025-08-02,华东,宁波,美妆,香氛,美-香-577,线下导流,支付宝,189.64,4,0.046,723.67,394.43,0.455,1,495.35,C432246610
O0204040335,2025-08-03,东北,沈阳,食品,饮料,食-饮-829,直播,支付宝,70.97,3,0.101,185.78,115.44,0.3786,0,0.0,C498508679
O2979075714,2025-08-03,华东,南京,家居,厨具,家-厨-150,自然搜索,微信支付,78.37,4,0.025,305.64,205.28,0.3284,0,0.0,C885658295
O4286299733,2025-08-03,华东,南京,家居,清洁,家-清-433,直播,支付宝,88.29,4,0.101,317.49,224.21,0.2938,0,0.0,C290216071
O2736527807,2025-08-03,华中,长沙,服饰,鞋靴,服-鞋-874,直播,支付宝,137.65,3,0.077,381.15,191.75,0.4969,0,0.0,C952061874
O9084672139,2025-08-03,华南,佛山,数码,耳机,数-耳-510,私域,支付宝,160.36,4,0.03,666.09,489.47,0.2652,0,0.0,C747408886
O7007456590,2025-08-03,西南,贵阳,服饰,裤装,服-裤-306,信息流广告,微信支付,104.13,3,0.049,328.52,160.51,0.5114,0,0.0,C106548481
O1641717492,2025-08-03,华北,太原,数码,耳机,数-耳-800,线下导流,微信支付,213.9,2,0.029,415.39,290.71,0.3002,0,0.0,C574230854
O7761298058,2025-08-03,华南,厦门,家居,厨具,家-厨-665,站内推荐,支付宝,90.02,1,0.065,90.11,56.98,0.3677,0,0.0,C198570215
O7136341640,2025-08-03,华南,广州,服饰,上衣,服-上-509,自然搜索,支付宝,114.75,1,0.105,109.95,63.33,0.424,0,0.0,C273997974
O7458562070,2025-08-03,华南,深圳,家居,清洁,家-清-785,线下导流,微信支付,158.56,3,0.0,509.24,338.61,0.3351,0,0.0,C546560430
O8249354020,2025-08-03,华东,上海,美妆,护肤,美-护-292,直播,支付宝,221.13,1,0.079,203.66,103.88,0.4899,0,0.0,C982389569
O0027787702,2025-08-03,华中,郑州,美妆,香氛,美-香-623,私域,货到付款,191.18,3,0.065,536.26,272.97,0.491,0,0.0,C364183087
O2959616689,2025-08-03,东北,大连,数码,配件,数-配-716,站内推荐,微信支付,139.31,3,0.053,384.15,273.24,0.2887,0,0.0,C086836100
O3760479725,2025-08-03,华南,深圳,服饰,鞋靴,服-鞋-932,直播,支付宝,127.99,3,0.044,392.97,216.22,0.4498,0,0.0,C781948754
O2532450645,2025-08-03,华北,天津,数码,智能穿戴,数-智-916,站内推荐,支付宝,236.26,4,0.083,866.6,671.14,0.2255,0,0.0,C115660415
O5404030353,2025-08-03,华北,太原,服饰,上衣,服-上-404,自然搜索,微信支付,114.85,2,0.064,215.0,122.69,0.4293,0,0.0,C379210340
O4882151763,2025-08-03,华北,天津,美妆,护肤,美-护-541,信息流广告,支付宝,47.82,3,0.077,132.41,67.57,0.4897,0,0.0,C512835824
O1523919831,2025-08-03,华中,武汉,数码,智能穿戴,数-智-598,信息流广告,支付宝,227.11,3,0.047,649.31,486.15,0.2513,0,0.0,C781947478
O8690227029,2025-08-03,华南,,美妆,护肤,美-护-839,站内推荐,支付宝,195.57,3,0.064,587.9,336.06,0.4284,0,0.0,C349521346
O4325749527,2025-08-03,华中,南昌,服饰,裤装,服-裤-891,信息流广告,支付宝,187.25,4,0.08,689.08,430.32,0.3755,0,0.0,C967978114
O0856222045,2025-08-03,华北,太原,服饰,鞋靴,服-鞋-776,线下导流,微信支付,110.81,2,0.008,219.85,141.58,0.356,0,0.0,C773309155
O4360219205,2025-08-03,华东,宁波,服饰,上衣,服-上-979,站内推荐,支付宝,133.81,3,0.077,370.52,235.83,0.3635,0,0.0,C805965909
O9618142596,2025-08-03,华中,南昌,服饰,鞋靴,服-鞋-581,站内推荐,微信支付,115.65,1,0.006,114.96,61.54,0.4647,0,0.0,C032633975
O5097764791,2025-08-04,华东,宁波,服饰,裤装,服-裤-874,站内推荐,货到付款,148.47,2,0.067,277.05,173.53,0.3737,0,0.0,C169673514
O1228354117,2025-08-04,东北,长春,服饰,鞋靴,服-鞋-421,站内推荐,支付宝,170.36,4,0.051,627.59,340.23,0.4579,0,0.0,C378619679
O4544043425,2025-08-04,华北,太原,美妆,护肤,美-护-484,站内推荐,支付宝,119.55,2,0.046,228.1,150.08,0.342,0,0.0,C804207456
O4105019217,2025-08-04,东北,哈尔滨,数码,配件,数-配-343,自然搜索,银行卡,145.74,3,0.063,397.58,271.14,0.318,0,0.0,C382407926
O0209312197,2025-08-04,华东,南京,美妆,彩妆,美-彩-339,信息流广告,支付宝,220.51,2,0.101,396.48,189.48,0.5221,1,361.85,C670467886
O2625949598,2025-08-04,华北,石家庄,服饰,上衣,服-上-803,线下导流,微信支付,203.57,1,0.083,186.67,100.46,0.4618,0,0.0,C030776118
O3585770533,2025-08-04,东北,沈阳,数码,耳机,数-耳-467,自然搜索,支付宝,182.31,3,0.086,485.13,338.47,0.3023,0,0.0,C271129548
O8683925907,2025-08-04,东北,大连,数码,智能穿戴,数-智-318,直播,支付宝,227.31,3,0.131,575.1,432.73,0.2476,0,0.0,C468299557
O4814317483,2025-08-04,华南,广州,数码,配件,数-配-130,直播,支付宝,190.77,4,0.074,756.7,518.71,0.3145,0,0.0,C692366407
O8810172796,2025-08-04,华南,佛山,服饰,上衣,服-上-184,信息流广告,支付宝,74.81,1,0.094,72.58,42.08,0.4202,0,0.0,C142644639
O0972421804,2025-08-04,华北,北京,美妆,香氛,美-香-145,信息流广告,支付宝,179.7,2,0.09,327.05,206.42,0.3688,0,0.0,C143353325
O8329696237,2025-08-04,东北,哈尔滨,食品,零食,食-零-209,站内推荐,微信支付,24.89,1,0.003,24.08,16.1,0.3314,1,19.23,C127762072
O0202787927,2025-08-04,西南,成都,数码,智能穿戴,数-智-764,站内推荐,支付宝,230.04,4,0.015,1002.72,792.88,0.2093,0,0.0,C189462626
O0897286973,2025-08-04,华东,苏州,服饰,鞋靴,服-鞋-692,私域,支付宝,178.09,2,0.053,337.3,191.54,0.4321,0,0.0,C554573257
O8913532086,2025-08-04,东北,哈尔滨,服饰,上衣,服-上-320,直播,支付宝,112.88,1,0.132,95.09,58.06,0.3894,1,73.73,C184913563
O0966718000,2025-08-05,华东,宁波,服饰,裤装,服-裤-848,私域,微信支付,171.79,1,0.141,147.57,82.45,0.4413,0,0.0,C738025441
O4008866818,2025-08-05,华南,广州,数码,配件,数-配-988,私域,微信支付,186.89,3,0.081,551.95,412.25,0.2531,0,0.0,C217913774
O1340921458,2025-08-05,华中,长沙,食品,饮料,食-饮-140,直播,支付宝,36.44,4,0.086,133.22,90.12,0.3235,0,0.0,C156221464
O8195293559,2025-08-05,华东,上海,家居,厨具,家-厨-727,信息流广告,支付宝,83.11,3,0.115,220.66,132.82,0.3981,0,0.0,C481119546
O9292041246,2025-08-05,华北,石家庄,家居,厨具,家-厨-384,自然搜索,微信支付,66.92,2,0.067,124.87,78.57,0.3708,0,0.0,C662791181
O8437671339,2025-08-05,西南,昆明,食品,零食,食-零-566,私域,微信支付,37.84,3,0.068,117.1,74.82,0.3611,0,0.0,C664966529
O7116441168,2025-08-05,华东,,数码,智能穿戴,数-智-633,信息流广告,支付宝,123.38,4,0.073,457.49,333.72,0.2705,0,0.0,C251952118
O3939450117,2025-08-05,西南,贵阳,家居,收纳,家-收-415,自然搜索,支付宝,86.39,3,0.022,280.54,191.03,0.3191,0,0.0,C573343039
O3684415104,2025-08-05,华北,天津,食品,饮料,食-饮-527,站内推荐,支付宝,42.55,1,0.043,40.72,27.46,0.3256,0,0.0,C721710033
O6898212937,2025-08-05,华南,佛山,美妆,护肤,美-护-370,直播,支付宝,130.05,3,0.106,373.63,211.07,0.4351,0,0.0,C356849640
O1956928835,2025-08-05,西南,贵阳,食品,速食,食-速-257,站内推荐,银行卡,62.27,3,0.131,179.68,123.65,0.3118,0,0.0,C600076366
O3091898885,2025-08-05,东北,大连,家居,收纳,家-收-239,直播,微信支付,105.0,4,0.082,374.12,214.36,0.427,0,0.0,C175284839
O1006806393,2025-08-05,华东,宁波,家居,清洁,家-清-415,线下导流,微信支付,65.72,1,0.063,61.58,39.26,0.3625,0,0.0,C793198235
O8086342575,2025-08-05,东北,大连,数码,配件,数-配-708,信息流广告,支付宝,145.9,2,0.112,251.43,197.35,0.2151,0,0.0,C577796227
O8574819639,2025-08-05,华南,佛山,美妆,护肤,美-护-455,直播,支付宝,161.38,2,0.082,317.39,171.54,0.4595,0,0.0,C573145012
O3677755799,2025-08-05,华中,长沙,家居,收纳,家-收-945,直播,支付宝,49.21,4,0.12,173.22,107.49,0.3795,0,0.0,C039646974
O1738049484,2025-08-06,华中,郑州,食品,速食,食-速-260,直播,支付宝,53.53,1,0.081,49.19,33.74,0.3141,0,0.0,C662922129
O6691926537,2025-08-06,华南,厦门,家居,厨具,家-厨-165,站内推荐,微信支付,78.13,1,0.059,78.78,53.16,0.3252,0,0.0,C983452906
O4576161668,2025-08-06,华南,深圳,美妆,护肤,美-护-197,信息流广告,支付宝,114.4,1,0.089,111.67,60.89,0.4547,0,0.0,C919208904
O2340832097,2025-08-06,华南,佛山,数码,耳机,数-耳-498,站内推荐,微信支付,251.42,4,0.046,1028.05,757.94,0.2627,0,0.0,C559795023
O4479094804,2025-08-06,西南,成都,服饰,上衣,服-上-479,自然搜索,微信支付,200.0,2,0.054,419.01,207.76,0.5042,1,360.73,C540089799
O4260561130,2025-08-06,华北,北京,服饰,上衣,服-上-585,私域,支付宝,152.69,3,0.041,439.29,268.91,0.3879,0,0.0,C968354047
O8761562450,2025-08-06,华东,上海,服饰,鞋靴,服-鞋-674,站内推荐,支付宝,68.51,2,0.057,129.21,88.66,0.3138,0,0.0,C148382194
O1849891958,2025-08-06,西南,成都,食品,零食,食-零-118,直播,银行卡,55.07,4,0.081,224.16,146.73,0.3454,0,0.0,C465218575
O5502142850,2025-08-06,华北,北京,数码,耳机,数-耳-803,线下导流,微信支付,242.84,2,0.046,463.34,328.35,0.2913,0,0.0,C783526541
O5491683255,2025-08-07,华南,深圳,服饰,裤装,服-裤-483,站内推荐,微信支付,112.78,4,0.074,447.76,269.67,0.3977,1,414.1,C830801871
O7698716010,2025-08-07,西南,昆明,数码,配件,数-配-145,站内推荐,微信支付,170.16,4,0.043,721.59,516.56,0.2841,1,551.59,C883331381
O4166561365,2025-08-07,华北,北京,服饰,上衣,服-上-910,自然搜索,支付宝,116.06,2,0.067,216.57,114.98,0.4691,0,0.0,C427078854
O7805325022,2025-08-07,华中,郑州,服饰,裤装,服-裤-286,直播,支付宝,135.85,2,0.087,248.06,156.32,0.3698,0,0.0,C386282909
O1575383222,2025-08-07,华北,石家庄,美妆,香氛,美-香-879,站内推荐,微信支付,229.24,2,0.098,413.55,229.88,0.4441,1,395.92,C087077123
O5928516258,2025-08-07,华南,广州,数码,耳机,数-耳-807,自然搜索,支付宝,139.93,2,0.02,293.97,205.12,0.3022,0,0.0,C832461852
O8493334901,2025-08-07,华北,北京,食品,饮料,食-饮-529,信息流广告,支付宝,67.24,2,0.057,126.81,80.42,0.3658,0,0.0,C051923863
O8423290951,2025-08-07,西南,成都,服饰,鞋靴,服-鞋-193,信息流广告,微信支付,112.16,4,0.084,455.26,262.07,0.4244,0,0.0,C578257720
O9848998143,2025-08-07,华南,广州,美妆,护肤,美-护-416,信息流广告,微信支付,220.01,1,0.014,232.52,126.9,0.4542,0,0.0,C711538909
O5714850929,2025-08-07,华中,南昌,美妆,彩妆,美-彩-157,站内推荐,微信支付,145.68,1,0.029,141.46,78.67,0.4439,0,0.0,C283434750
O6986141147,2025-08-07,西南,贵阳,数码,耳机,数-耳-508,自然搜索,支付宝,125.1,3,0.103,372.94,291.16,0.2193,0,0.0,C764987102
O7092802509,2025-08-07,西南,重庆,数码,智能穿戴,数-智-595,直播,支付宝,203.77,4,0.098,814.46,582.46,0.2849,0,0.0,C813974209
O2951918680,2025-08-07,华南,深圳,家居,收纳,家-收-701,自然搜索,微信支付,74.52,3,0.084,219.5,131.67,0.4001,0,0.0,C287669826
O1856568243,2025-08-07,华东,杭州,服饰,上衣,服-上-553,私域,支付宝,103.5,3,0.085,284.11,185.98,0.3454,0,0.0,C164926736
O7541015425,2025-08-07,华北,太原,数码,智能穿戴,数-智-416,信息流广告,微信支付,280.49,4,0.125,981.72,704.83,0.282,0,0.0,C333441630
O4151496421,2025-08-07,西南,昆明,美妆,护肤,美-护-694,站内推荐,支付宝,141.7,1,0.008,155.72,86.09,0.4471,0,0.0,C959719755
O1784436684,2025-08-07,华东,上海,食品,饮料,食-饮-788,自然搜索,支付宝,60.46,3,0.078,167.23,102.09,0.3895,0,0.0,C275614803
O7447929523,2025-08-07,华北,石家庄,食品,速食,食-速-661,直播,支付宝,63.91,2,0.108,114.02,77.98,0.3161,0,0.0,C161402456
O7801337345,2025-08-07,华南,深圳,数码,耳机,数-耳-907,自然搜索,微信支付,201.33,2,0.073,400.09,302.46,0.244,0,0.0,C035245951
O2159959778,2025-08-08,西南,重庆,美妆,香氛,美-香-243,站内推荐,微信支付,164.11,4,0.07,676.6,365.67,0.4595,0,0.0,C805119669
O2026080878,2025-08-08,华南,厦门,数码,智能穿戴,数-智-189,线下导流,支付宝,111.77,1,0.0,119.84,89.01,0.2573,0,0.0,C305976421
O8633617077,2025-08-08,东北,哈尔滨,家居,清洁,家-清-963,私域,微信支付,70.82,3,0.021,201.74,126.28,0.374,0,0.0,C624598096
O0590827119,2025-08-08,华中,南昌,服饰,裤装,服-裤-339,信息流广告,货到付款,96.83,2,0.08,178.17,103.2,0.4208,0,0.0,C605772519
O2423128590,2025-08-08,华东,苏州,美妆,护肤,美-护-231,自然搜索,微信支付,219.64,4,0.05,834.63,405.99,0.5136,0,0.0,C478749289
O0841709390,2025-08-08,华南,广州,数码,智能穿戴,数-智-751,站内推荐,银行卡,117.31,1,0.048,119.74,86.09,0.281,0,0.0,C917362551
O7913568727,2025-08-08,华南,广州,家居,收纳,家-收-648,自然搜索,微信支付,61.16,1,0.094,59.41,38.02,0.36,0,0.0,C083238907
O7593617361,2025-08-08,华东,南京,数码,配件,数-配-620,线下导流,支付宝,280.64,4,0.056,1059.7,842.8,0.2047,0,0.0,C679145616
O3504674047,2025-08-08,华南,深圳,数码,智能穿戴,数-智-822,信息流广告,微信支付,206.8,4,0.074,821.29,541.82,0.3403,0,0.0,C159817256
O7945533197,2025-08-08,华东,苏州,数码,智能穿戴,数-智-577,站内推荐,支付宝,128.33,1,0.074,118.83,85.39,0.2814,0,0.0,C664691316
O1091843594,2025-08-08,华北,北京,数码,配件,数-配-612,信息流广告,微信支付,163.96,1,0.085,150.02,120.89,0.1942,0,0.0,C087537992
O9495933488,2025-08-08,华北,石家庄,美妆,彩妆,美-彩-553,私域,微信支付,160.43,2,0.026,312.52,163.88,0.4756,0,0.0,C943785603
O8531508655,2025-08-08,华北,太原,服饰,鞋靴,服-鞋-844,站内推荐,微信支付,92.62,3,0.036,267.86,141.03,0.4735,0,0.0,C889873897
O0014916919,2025-08-08,华东,宁波,数码,智能穿戴,数-智-684,直播,支付宝,212.11,4,0.137,732.2,457.35,0.3754,0,0.0,C941713033
O7164062036,2025-08-09,华东,上海,服饰,鞋靴,服-鞋-425,信息流广告,微信支付,114.61,4,0.057,432.31,256.71,0.4062,0,0.0,C191202149
O5725148060,2025-08-09,华北,石家庄,家居,收纳,家-收-754,信息流广告,银行卡,76.94,1,0.02,75.4,47.6,0.3687,0,0.0,C599312330
O0529884856,2025-08-09,华南,深圳,家居,收纳,家-收-464,信息流广告,支付宝,43.29,1,0.134,40.21,25.61,0.3631,0,0.0,C925597111
O7841651049,2025-08-09,华中,南昌,服饰,上衣,服-上-539,信息流广告,支付宝,207.5,3,0.157,524.77,308.42,0.4123,0,0.0,C432705200
O4593980962,2025-08-09,华东,宁波,食品,饮料,食-饮-800,信息流广告,货到付款,32.39,2,0.101,58.24,41.3,0.2909,0,0.0,C518997809
O1366856165,2025-08-09,西南,成都,食品,零食,食-零-158,线下导流,支付宝,48.29,1,0.082,49.15,28.79,0.4142,0,0.0,C971775951
O4948524265,2025-08-09,华南,深圳,食品,饮料,食-饮-413,站内推荐,支付宝,48.37,3,0.065,145.52,103.0,0.2922,0,0.0,C165070466
O6534829857,2025-08-09,华北,石家庄,数码,配件,数-配-539,自然搜索,支付宝,180.47,3,0.014,533.83,422.8,0.208,0,0.0,C396697790
O5995513756,2025-08-09,华南,深圳,家居,收纳,家-收-871,直播,支付宝,85.85,3,0.136,238.66,136.17,0.4294,0,0.0,C685608575
O0755991333,2025-08-09,华中,郑州,数码,耳机,数-耳-170,直播,银行卡,190.37,2,0.102,341.9,247.7,0.2755,0,0.0,C971682465
O7932495329,2025-08-09,华中,长沙,家居,厨具,家-厨-183,直播,微信支付,56.99,2,0.087,104.06,70.47,0.3228,0,0.0,C374419306
O4310459022,2025-08-09,西南,贵阳,家居,收纳,家-收-355,线下导流,微信支付,47.06,3,0.043,149.81,96.01,0.3591,0,0.0,C019097518
O5530664634,2025-08-09,西北,兰州,家居,收纳,家-收-203,私域,支付宝,55.31,3,0.0,165.93,100.58,0.3938,0,0.0,C387257034
O5243568650,2025-08-09,西北,乌鲁木齐,服饰,上衣,服-上-605,私域,支付宝,147.3,4,0.084,539.71,316.78,0.4131,0,0.0,C355809535
O0098039274,2025-08-10,华北,天津,服饰,鞋靴,服-鞋-678,线下导流,支付宝,142.65,3,0.012,422.81,229.62,0.4569,0,0.0,C522016927
O4662803041,2025-08-10,西南,成都,食品,零食,食-零-204,自然搜索,支付宝,51.75,2,0.049,109.19,70.36,0.3556,0,0.0,C199093810
O3850185447,2025-08-10,华南,广州,家居,收纳,家-收-420,线下导流,支付宝,93.68,2,0.043,192.37,126.07,0.3446,0,0.0,C255693952
O0811893665,2025-08-10,华南,深圳,家居,厨具,家-厨-694,自然搜索,支付宝,69.14,1,0.037,71.43,46.36,0.351,0,0.0,C991468049
O0314619962,2025-08-10,华南,深圳,数码,耳机,数-耳-277,私域,支付宝,209.77,4,0.048,857.0,582.78,0.32,0,0.0,C284047676
O6898439496,2025-08-10,华北,天津,数码,耳机,数-耳-289,站内推荐,支付宝,113.76,2,0.094,206.13,142.18,0.3102,0,0.0,C778112241
O6526922160,2025-08-10,华东,苏州,家居,厨具,家-厨-173,自然搜索,支付宝,104.36,2,0.021,204.34,134.66,0.341,0,0.0,C672426155
O2622233773,2025-08-10,西南,昆明,家居,清洁,家-清-718,私域,支付宝,70.56,2,0.061,146.99,90.97,0.3811,0,0.0,C270525403
O0250609358,2025-08-10,西南,贵阳,服饰,上衣,服-上-105,信息流广告,支付宝,117.46,2,0.064,243.92,146.54,0.3992,0,0.0,C559644620
O6217300744,2025-08-10,华北,石家庄,家居,收纳,家-收-597,信息流广告,微信支付,29.73,1,0.088,27.11,17.86,0.3412,0,0.0,C228495148
O7904686305,2025-08-10,华东,南京,食品,零食,食-零-734,自然搜索,支付宝,51.14,2,0.105,91.54,60.91,0.3346,0,0.0,C495951061
O0569184492,2025-08-10,华东,南京,家居,收纳,家-收-556,信息流广告,微信支付,74.91,2,0.076,138.43,79.44,0.4261,0,0.0,C753297872
O2671614741,2025-08-10,东北,哈尔滨,食品,饮料,食-饮-403,自然搜索,支付宝,54.21,3,0.08,145.08,95.72,0.3402,1,124.69,C709982087
O9226022428,2025-08-10,西北,兰州,数码,配件,数-配-773,自然搜索,微信支付,231.07,2,0.077,426.56,314.29,0.2632,0,0.0,C333427105
O1780860179,2025-08-10,西南,成都,数码,配件,数-配-787,私域,支付宝,176.36,3,0.087,535.84,411.04,0.2329,0,0.0,C793888095
O1129177211,2025-08-10,华北,天津,家居,厨具,家-厨-510,自然搜索,银行卡,100.64,3,0.0,301.92,199.35,0.3397,1,280.01,C828556498
O7489197459,2025-08-11,西南,昆明,数码,耳机,数-耳-224,私域,微信支付,140.66,2,0.069,290.66,236.24,0.1872,0,0.0,C526136551
O5338080657,2025-08-11,华东,苏州,服饰,上衣,服-上-712,直播,微信支付,146.91,3,0.075,407.68,230.25,0.4352,0,0.0,C887556659
O0164010941,2025-08-11,西北,乌鲁木齐,家居,厨具,家-厨-438,自然搜索,支付宝,95.02,3,0.044,272.52,177.14,0.35,0,0.0,C350344931
O5465257596,2025-08-11,西南,贵阳,家居,清洁,家-清-850,直播,支付宝,24.98,1,0.098,25.01,16.27,0.3495,0,0.0,C263207488
O7248003793,2025-08-11,华东,苏州,美妆,护肤,美-护-731,自然搜索,支付宝,139.27,3,0.028,406.11,220.65,0.4567,0,0.0,C245925806
O2021980249,2025-08-11,华北,太原,美妆,彩妆,美-彩-235,直播,微信支付,179.95,1,0.106,160.88,87.31,0.4573,0,0.0,C956349950
O7835114856,2025-08-11,华南,广州,美妆,香氛,美-香-817,站内推荐,支付宝,100.82,2,0.007,214.88,124.23,0.4219,0,0.0,C900419350
O1824533333,2025-08-11,西南,昆明,服饰,裤装,服-裤-722,私域,支付宝,109.84,1,0.071,113.24,63.35,0.4406,0,0.0,C149222301
O4155597270,2025-08-11,华北,天津,服饰,上衣,服-上-671,自然搜索,银行卡,120.52,3,0.073,335.17,182.51,0.4555,0,0.0,C343127098
O3493636766,2025-08-11,西北,兰州,家居,厨具,家-厨-925,私域,支付宝,90.5,4,0.042,346.8,210.7,0.3924,0,0.0,C376320706
O1444739012,2025-08-11,西南,成都,服饰,上衣,服-上-925,私域,银行卡,161.33,1,0.072,166.15,93.05,0.44,0,0.0,C111141484
O5611657054,2025-08-11,华南,深圳,服饰,上衣,服-上-136,私域,支付宝,89.99,2,0.095,174.8,106.98,0.388,0,0.0,C364927893
O2965326677,2025-08-11,华中,郑州,数码,配件,数-配-704,站内推荐,微信支付,137.61,4,0.099,495.95,371.95,0.25,0,0.0,C586017859
O3519000158,2025-08-11,华北,石家庄,数码,配件,数-配-131,自然搜索,支付宝,186.63,1,0.044,178.42,128.01,0.2825,0,0.0,C268650295
O4142098497,2025-08-11,东北,长春,家居,厨具,家-厨-894,信息流广告,支付宝,87.04,4,0.087,308.18,190.47,0.382,0,0.0,C409090877
O6739115769,2025-08-11,华北,北京,数码,智能穿戴,数-智-226,私域,支付宝,130.64,3,0.119,345.28,250.95,0.2732,0,0.0,C237207721
O5584320239,2025-08-11,西南,成都,家居,清洁,家-清-890,私域,微信支付,60.96,1,0.098,61.02,39.28,0.3563,0,0.0,C760606443
O0776639208,2025-08-11,西南,贵阳,数码,配件,数-配-231,站内推荐,微信支付,188.86,1,0.088,191.15,141.08,0.2619,0,0.0,C657720772
O4297218117,2025-08-11,华北,北京,食品,速食,食-速-230,站内推荐,微信支付,61.17,4,0.026,238.32,149.65,0.3721,0,0.0,C159493723
O6688791753,2025-08-12,华东,南京,美妆,彩妆,美-彩-538,信息流广告,银行卡,131.82,1,0.105,117.98,68.47,0.4196,0,0.0,C795790595
O8984369448,2025-08-12,华东,杭州,家居,收纳,家-收-457,自然搜索,微信支付,89.18,1,0.023,87.13,53.16,0.3899,0,0.0,C849963873
O0744746727,2025-08-12,华东,上海,服饰,鞋靴,服-鞋-333,站内推荐,支付宝,143.68,4,0.04,551.73,328.82,0.404,0,0.0,C492385813
O7351505436,2025-08-12,华南,广州,数码,耳机,数-耳-206,站内推荐,支付宝,207.02,1,0.034,214.68,158.72,0.2607,0,0.0,C620186658
O9515495692,2025-08-12,华中,长沙,服饰,鞋靴,服-鞋-832,信息流广告,支付宝,119.62,2,0.108,213.4,120.62,0.4348,0,0.0,C622085904
O5532101113,2025-08-12,东北,哈尔滨,数码,配件,数-配-721,线下导流,支付宝,285.85,1,0.062,259.91,196.85,0.2426,0,0.0,C515644533
O4422661836,2025-08-12,西南,成都,食品,零食,食-零-685,私域,微信支付,42.78,2,0.046,90.63,59.37,0.3449,0,0.0,C653903155
O0934384172,2025-08-12,西北,银川,食品,饮料,食-饮-689,直播,支付宝,48.63,4,0.079,179.15,119.09,0.3352,0,0.0,C308702973
O8411361189,2025-08-12,华东,苏州,数码,配件,数-配-581,直播,支付宝,175.26,2,0.076,323.88,226.5,0.3007,0,0.0,C527190438
O6021790395,2025-08-12,西南,成都,家居,收纳,家-收-313,线下导流,支付宝,63.3,1,0.057,66.27,42.76,0.3548,0,0.0,C441137795
O8140209110,2025-08-12,华南,厦门,美妆,香氛,美-香-364,私域,银行卡,227.53,2,0.092,443.57,283.63,0.3606,0,0.0,C596831271
O4511772033,2025-08-12,华东,上海,数码,配件,数-配-367,信息流广告,支付宝,185.47,2,0.092,336.81,234.82,0.3028,0,0.0,C339610952
O9355168813,2025-08-12,华南,厦门,服饰,鞋靴,服-鞋-518,信息流广告,支付宝,145.11,1,0.097,140.67,75.93,0.4602,0,0.0,C315994086
O3410840123,2025-08-12,华北,石家庄,数码,智能穿戴,数-智-795,站内推荐,支付宝,166.32,1,0.104,149.02,114.0,0.235,0,0.0,C232096154
O7513758681,2025-08-12,华中,郑州,数码,智能穿戴,数-智-554,直播,微信支付,283.62,2,0.056,535.47,392.14,0.2677,0,0.0,C680157959
O6191367857,2025-08-12,华中,武汉,服饰,鞋靴,服-鞋-883,直播,银行卡,93.79,2,0.127,163.76,89.82,0.4515,0,0.0,C641570549
O3592524161,2025-08-13,华中,郑州,服饰,上衣,服-上-848,直播,银行卡,140.04,2,0.162,234.71,137.24,0.4153,0,0.0,C566134929
O9441408957,2025-08-13,华中,南昌,数码,耳机,数-耳-132,信息流广告,微信支付,239.86,4,0.142,823.2,627.52,0.2377,0,0.0,C522076180
O8478866185,2025-08-13,西南,重庆,食品,饮料,食-饮-534,自然搜索,支付宝,35.03,2,0.106,69.57,48.32,0.3054,0,0.0,C743712849
O3541934964,2025-08-13,华东,苏州,家居,厨具,家-厨-603,线下导流,支付宝,103.98,3,,276.07,160.96,0.417,0,0.0,C139836245
O3840422632,2025-08-13,华东,苏州,家居,清洁,家-清-360,线下导流,微信支付,77.25,4,0.07,287.37,180.79,0.3709,0,0.0,C185930434
O2836546873,2025-08-13,华北,太原,家居,收纳,家-收-575,自然搜索,微信支付,71.12,3,0.06,200.56,114.28,0.4302,0,0.0,C125273177
O3281305641,2025-08-13,华北,北京,服饰,裤装,服-裤-936,站内推荐,支付宝,116.74,1,0.077,107.75,63.43,0.4113,1,82.95,C486592538
O9314275876,2025-08-13,华南,佛山,家居,收纳,家-收-497,站内推荐,微信支付,44.66,3,0.009,142.58,86.8,0.3912,0,0.0,C463957224
O1670348646,2025-08-13,华东,苏州,家居,收纳,家-收-954,站内推荐,微信支付,93.41,1,0.059,87.9,58.09,0.3391,0,0.0,C169349266
O3794806644,2025-08-13,西北,银川,数码,配件,数-配-113,直播,货到付款,201.69,3,0.103,542.75,408.32,0.2477,0,0.0,C126124189
O7078702441,2025-08-13,华北,天津,家居,收纳,家-收-749,直播,微信支付,79.47,3,0.124,208.85,131.8,0.3689,0,0.0,C453581778
O8358314366,2025-08-13,华北,天津,数码,配件,数-配-356,直播,支付宝,319.36,2,0.074,591.45,417.03,0.2949,0,0.0,C911000390
O6912224582,2025-08-13,西南,成都,家居,收纳,家-收-843,线下导流,微信支付,109.31,4,0.025,473.53,264.6,0.4412,0,0.0,C858827750
O7839827032,2025-08-13,东北,大连,美妆,彩妆,美-彩-386,信息流广告,微信支付,130.03,4,0.113,447.15,208.51,0.5337,0,0.0,C763717807
O8544485882,2025-08-13,华南,厦门,数码,耳机,数-耳-804,自然搜索,微信支付,125.82,2,0.042,258.87,185.04,0.2852,0,0.0,C935991757
O9252606100,2025-08-13,东北,沈阳,家居,收纳,家-收-652,私域,微信支付,54.62,1,0.082,48.6,30.39,0.3747,0,0.0,C645616474
O8307750830,2025-08-13,华北,北京,家居,厨具,家-厨-680,信息流广告,银行卡,81.04,4,0.097,292.72,185.34,0.3668,0,0.0,C356982296
O7892345497,2025-08-13,华北,天津,家居,清洁,家-清-189,信息流广告,货到付款,93.69,3,0.1,252.96,142.22,0.4378,0,0.0,C420399860
O9710499177,2025-08-13,华东,南京,食品,饮料,食-饮-788,自然搜索,银行卡,37.9,4,0.118,133.71,100.62,0.2475,1,111.63,C286942430
O6805038855,2025-08-13,西南,昆明,家居,清洁,家-清-872,直播,微信支付,71.57,1,0.114,70.44,40.95,0.4187,0,0.0,C240028421
O3594119751,2025-08-13,华中,长沙,家居,收纳,家-收-958,站内推荐,支付宝,67.35,4,0.035,259.97,159.41,0.3868,0,0.0,C617308977
O5149772875,2025-08-14,华中,武汉,服饰,裤装,服-裤-650,自然搜索,支付宝,175.92,3,0.068,491.87,339.59,0.3096,0,0.0,C952119532
O4855921740,2025-08-14,华东,南京,家居,清洁,家-清-882,信息流广告,微信支付,77.63,3,0.035,224.74,131.44,0.4151,0,0.0,C591969792
O2200030345,2025-08-14,华南,厦门,服饰,鞋靴,服-鞋-799,信息流广告,银行卡,95.39,3,0.064,287.72,168.19,0.4154,0,0.0,C127749511
O3185075107,2025-08-14,华东,杭州,食品,饮料,食-饮-622,私域,支付宝,49.5,4,0.059,186.32,128.11,0.3124,0,0.0,C549902345
O7646817877,2025-08-14,华东,杭州,数码,耳机,数-耳-670,线下导流,支付宝,214.79,2,0.136,371.16,275.75,0.2571,0,0.0,C722927492
O3643295402,2025-08-14,华东,宁波,服饰,裤装,服-裤-191,直播,微信支付,121.14,3,0.061,341.25,199.42,0.4156,0,0.0,C445123211
O4839540222,2025-08-14,东北,哈尔滨,食品,零食,食-零-212,私域,支付宝,63.76,4,0.05,234.8,161.56,0.3119,0,0.0,C287246883
O4968927077,2025-08-14,华南,佛山,数码,耳机,数-耳-634,自然搜索,支付宝,224.83,4,0.089,880.05,641.72,0.2708,0,0.0,C416005636
O9857531278,2025-08-14,华北,石家庄,美妆,彩妆,美-彩-659,信息流广告,微信支付,176.42,2,0.09,321.08,161.65,0.4965,0,0.0,C981262298
O4036867865,2025-08-14,西南,昆明,家居,厨具,家-厨-557,信息流广告,微信支付,81.66,3,0.122,239.02,151.04,0.3681,0,0.0,C439196764
O3922237275,2025-08-14,西北,兰州,美妆,护肤,美-护-206,自然搜索,支付宝,123.4,2,0.097,222.86,132.36,0.4061,0,0.0,C824146516
O6120423405,2025-08-14,华东,南京,美妆,彩妆,美-彩-100,站内推荐,微信支付,150.68,2,0.109,268.51,153.91,0.4268,0,0.0,C549455394
O8407551570,2025-08-14,西南,贵阳,数码,耳机,数-耳-525,线下导流,支付宝,192.75,1,0.106,191.49,140.8,0.2647,0,0.0,C501858311
O2383347488,2025-08-14,西北,银川,美妆,护肤,美-护-517,信息流广告,银行卡,153.01,2,0.05,290.72,175.77,0.3954,0,0.0,C826250835
O8592691006,2025-08-14,华东,杭州,美妆,彩妆,美-彩-331,私域,微信支付,174.88,1,0.039,168.06,90.7,0.4603,0,0.0,C065130338
O9694838902,2025-08-14,西北,西安,食品,速食,食-速-952,私域,微信支付,55.87,2,0.094,101.24,64.37,0.3642,0,0.0,C072981546
O9884804859,2025-08-14,华东,苏州,服饰,裤装,服-裤-936,自然搜索,微信支付,143.34,4,0.026,558.45,327.74,0.4131,0,0.0,C024624545
O1106404375,2025-08-14,西北,银川,家居,厨具,家-厨-753,私域,银行卡,82.43,1,0.032,79.79,45.99,0.4236,0,0.0,C301572300
O4040277921,2025-08-15,华中,南昌,食品,速食,食-速-356,私域,微信支付,46.25,3,0.071,128.9,82.63,0.359,0,0.0,C232988642
O2087732372,2025-08-15,华南,佛山,数码,配件,数-配-628,信息流广告,微信支付,182.29,1,0.093,177.66,130.34,0.2664,1,158.16,C831393279
O9645923706,2025-08-15,华北,太原,美妆,护肤,美-护-357,信息流广告,微信支付,162.23,3,0.096,439.97,251.0,0.4295,0,0.0,C654795801
O5699870524,2025-08-15,华东,南京,美妆,彩妆,美-彩-698,信息流广告,支付宝,145.79,1,0.096,131.79,74.21,0.4369,0,0.0,C827014431
O2505323964,2025-08-15,华北,石家庄,数码,耳机,数-耳-667,自然搜索,支付宝,187.88,1,0.068,175.1,126.56,0.2772,1,110.81,C285582916
O9289928366,2025-08-15,西南,成都,美妆,护肤,美-护-250,信息流广告,货到付款,178.01,2,0.053,374.83,229.97,0.3865,0,0.0,C435070267
O2824688284,2025-08-15,华北,石家庄,美妆,彩妆,美-彩-501,站内推荐,微信支付,144.63,4,0.087,528.19,274.88,0.4796,0,0.0,C469530838
O7596772704,2025-08-15,西北,兰州,食品,零食,食-零-426,信息流广告,支付宝,40.14,1,0.07,37.33,24.13,0.3536,0,0.0,C616027691
O6439313376,2025-08-15,华南,佛山,食品,零食,食-零-755,站内推荐,支付宝,42.06,2,0.053,85.6,63.23,0.2613,0,0.0,C088434534
O4793728655,2025-08-15,华东,杭州,家居,收纳,家-收-760,站内推荐,微信支付,74.07,2,0.058,139.55,86.58,0.3796,0,0.0,C821689910
O4179566447,2025-08-15,西南,重庆,服饰,上衣,服-上-147,自然搜索,货到付款,125.92,4,0.049,532.53,363.5,0.3174,0,0.0,C384843136
O4476659304,2025-08-15,华北,石家庄,数码,耳机,数-耳-222,信息流广告,银行卡,264.66,3,0.161,666.15,447.84,0.3277,0,0.0,C958696762
O0954581107,2025-08-15,华南,佛山,家居,收纳,家-收-477,自然搜索,支付宝,62.93,4,0.011,267.5,170.76,0.3616,0,0.0,C708305602
O3112321703,2025-08-15,华南,深圳,服饰,裤装,服-裤-292,自然搜索,微信支付,125.17,3,0.047,384.52,236.91,0.3839,0,0.0,C761160383
O6690726449,2025-08-15,华东,南京,服饰,上衣,服-上-113,自然搜索,微信支付,132.87,3,0.107,355.96,234.71,0.3406,0,0.0,C813025255
O2305496964,2025-08-15,华北,太原,家居,厨具,家-厨-701,直播,微信支付,53.62,4,0.136,185.31,121.99,0.3417,0,0.0,C180926245
O3883982647,2025-08-15,华东,宁波,数码,耳机,数-耳-971,站内推荐,支付宝,278.13,4,0.04,1068.02,753.27,0.2947,0,0.0,C555353873
O2037718473,2025-08-15,华南,佛山,服饰,鞋靴,服-鞋-750,信息流广告,支付宝,126.71,3,0.1,367.61,221.24,0.3982,0,0.0,C566687530
O5219757083,2025-08-15,华南,佛山,食品,零食,食-零-508,信息流广告,支付宝,39.32,3,0.069,118.0,80.47,0.3181,0,0.0,C259522366
O3896532883,2025-08-15,西北,西安,美妆,彩妆,美-彩-502,自然搜索,微信支付,185.8,4,0.058,700.09,382.29,0.4539,0,0.0,C259817351
O8470222249,2025-08-16,华南,厦门,数码,智能穿戴,数-智-162,直播,银行卡,241.0,3,0.101,698.62,507.65,0.2734,0,0.0,C078832287
O3460826194,2025-08-16,华东,苏州,数码,配件,数-配-739,线下导流,支付宝,197.76,2,0.033,382.47,276.43,0.2773,0,0.0,C544871236
O1300241241,2025-08-16,华南,广州,数码,耳机,数-耳-848,直播,支付宝,235.19,3,0.116,670.4,505.37,0.2462,0,0.0,C913235306
O4521200794,2025-08-16,西南,昆明,美妆,香氛,美-香-556,信息流广告,微信支付,130.13,3,0.016,427.26,234.11,0.4521,0,0.0,C338292424
O3487416521,2025-08-16,华南,深圳,家居,清洁,家-清-717,信息流广告,支付宝,63.7,2,0.047,130.5,79.64,0.3897,0,0.0,C253476807
O7573262425,2025-08-16,华北,太原,美妆,彩妆,美-彩-330,线下导流,支付宝,189.06,1,0.066,176.58,100.1,0.4331,0,0.0,C365066353
O7411854911,2025-08-16,华中,武汉,服饰,上衣,服-上-729,私域,支付宝,68.55,3,0.064,192.49,117.71,0.3885,0,0.0,C388618887
O3540155630,2025-08-17,华南,深圳,服饰,裤装,服-裤-835,自然搜索,微信支付,91.11,2,0.034,189.26,107.65,0.4312,0,0.0,C820242856
O6282726283,2025-08-17,华东,南京,数码,配件,数-配-904,自然搜索,微信支付,179.45,3,0.042,515.74,372.96,0.2768,0,0.0,C423990685
O0730382803,2025-08-17,华北,天津,数码,耳机,数-耳-910,线下导流,支付宝,210.07,1,0.103,188.43,139.63,0.259,0,0.0,C506978146
O3987862157,2025-08-17,东北,哈尔滨,食品,速食,食-速-803,信息流广告,支付宝,33.14,1,0.078,29.6,21.08,0.2878,0,0.0,C520284981
O6252573597,2025-08-17,东北,沈阳,服饰,裤装,服-裤-161,线下导流,支付宝,119.04,3,0.031,335.21,182.2,0.4565,0,0.0,C132532555
O8384147409,2025-08-17,西南,成都,食品,零食,食-零-344,直播,微信支付,48.32,1,0.026,52.37,35.15,0.3288,0,0.0,C789749033
O6562377530,2025-08-17,华北,天津,美妆,香氛,美-香-734,自然搜索,支付宝,130.66,3,,374.34,198.02,0.471,0,0.0,C076475641
O0829973593,2025-08-17,华南,佛山,家居,厨具,家-厨-979,自然搜索,微信支付,93.96,4,0.104,362.06,211.47,0.4159,0,0.0,C269737807
O9007750542,2025-08-17,华东,苏州,服饰,鞋靴,服-鞋-770,信息流广告,支付宝,152.01,2,0.057,286.69,169.53,0.4087,0,0.0,C106612298
O4970921127,2025-08-17,华东,宁波,美妆,护肤,美-护-248,自然搜索,微信支付,198.75,1,0.065,185.83,104.52,0.4376,0,0.0,C225035621
O2928667207,2025-08-17,华南,厦门,家居,厨具,家-厨-909,站内推荐,微信支付,77.5,4,0.092,302.64,169.5,0.4399,0,0.0,C667711135
O2530385032,2025-08-17,华南,深圳,食品,饮料,食-饮-339,私域,微信支付,30.37,1,0.055,30.86,19.95,0.3535,0,0.0,C043475261
O8012675656,2025-08-17,华北,太原,服饰,上衣,服-上-180,站内推荐,支付宝,88.54,3,0.105,237.73,138.66,0.4167,0,0.0,C217521451
O4370436698,2025-08-17,西南,昆明,服饰,上衣,服-上-704,站内推荐,支付宝,168.18,4,0.058,705.15,439.65,0.3765,0,0.0,C986083395
O4087345703,2025-08-17,西北,乌鲁木齐,数码,配件,数-配-459,信息流广告,支付宝,149.9,4,0.058,564.82,405.62,0.2819,0,0.0,C946296897
O2507438322,2025-08-17,华东,杭州,家居,清洁,家-清-205,信息流广告,微信支付,120.75,3,0.027,352.47,220.96,0.3731,0,0.0,C609817016
O1078576587,2025-08-17,华北,石家庄,食品,零食,食-零-226,信息流广告,货到付款,50.78,2,0.1,91.4,61.06,0.3319,0,0.0,C823073091
O9373376361,2025-08-17,华南,厦门,数码,智能穿戴,数-智-494,直播,微信支付,169.92,4,0.073,677.42,494.16,0.2705,0,0.0,C358245256
O7628289493,2025-08-18,东北,大连,数码,耳机,数-耳-578,自然搜索,银行卡,207.01,4,0.0,801.99,579.03,0.278,0,0.0,C496115650
O7358459731,2025-08-18,华东,苏州,食品,饮料,食-饮-973,站内推荐,微信支付,38.96,1,0.044,37.25,25.14,0.3251,0,0.0,C474108268
O3955494348,2025-08-18,华东,苏州,数码,配件,数-配-135,自然搜索,支付宝,207.87,2,0.079,382.9,273.57,0.2855,0,0.0,C204405463
O0578529697,2025-08-18,华东,南京,美妆,彩妆,美-彩-494,私域,支付宝,166.82,1,0.04,160.15,87.32,0.4548,0,0.0,C316080249
O3195903786,2025-08-18,华南,广州,食品,饮料,食-饮-391,线下导流,支付宝,65.88,3,0.071,197.47,130.36,0.3398,0,0.0,C210866550
O0555462291,2025-08-18,华南,广州,数码,智能穿戴,数-智-277,线下导流,银行卡,239.58,1,0.065,240.92,162.31,0.3263,0,0.0,C895480793
O0417911905,2025-08-18,西南,贵阳,食品,饮料,食-饮-838,自然搜索,支付宝,40.59,2,0.07,84.05,57.51,0.3158,0,0.0,C008146558
O7457746816,2025-08-18,华北,太原,家居,厨具,家-厨-198,私域,微信支付,84.42,1,0.011,83.49,48.92,0.4141,0,0.0,C482276162
O0169664485,2025-08-18,华南,广州,食品,饮料,食-饮-299,私域,微信支付,50.74,3,0.04,157.16,103.71,0.3401,0,0.0,C999208060
O0771103696,2025-08-18,华南,佛山,服饰,鞋靴,服-鞋-126,信息流广告,支付宝,202.33,2,0.014,429.12,291.12,0.3216,0,0.0,C680008334
O0426047565,2025-08-18,西南,重庆,食品,饮料,食-饮-471,直播,微信支付,53.75,2,0.147,102.08,66.8,0.3456,0,0.0,C862840067
O8918075847,2025-08-19,华东,杭州,服饰,裤装,服-裤-182,站内推荐,微信支付,157.22,2,0.062,294.94,190.64,0.3536,0,0.0,C349167265
O0242868924,2025-08-19,西北,银川,数码,智能穿戴,数-智-912,直播,微信支付,195.99,1,0.124,171.69,111.72,0.3493,0,0.0,C090193761
O9525413577,2025-08-19,西南,成都,服饰,裤装,服-裤-182,信息流广告,支付宝,124.08,3,0.125,362.76,210.04,0.421,0,0.0,C109436215
O0548979804,2025-08-19,西南,贵阳,美妆,香氛,美-香-506,自然搜索,微信支付,141.61,2,0.063,295.56,158.98,0.4621,0,0.0,C840068883
O2764583895,2025-08-19,西南,成都,数码,智能穿戴,数-智-317,私域,微信支付,161.41,4,0.078,662.99,469.46,0.2919,0,0.0,C413633033
O2493706655,2025-08-19,西北,银川,美妆,香氛,美-香-381,自然搜索,支付宝,174.19,3,0.084,478.67,256.78,0.4636,0,0.0,C976100554
O9251971072,2025-08-19,西北,兰州,美妆,彩妆,美-彩-118,线下导流,微信支付,144.0,4,0.072,534.53,274.75,0.486,0,0.0,C758225936
O1581439916,2025-08-19,西南,重庆,数码,智能穿戴,数-智-277,自然搜索,支付宝,168.22,1,0.091,170.3,120.4,0.293,0,0.0,C605656595
O9402176348,2025-08-19,东北,长春,服饰,裤装,服-裤-796,直播,微信支付,188.44,1,0.084,167.16,92.97,0.4438,0,0.0,C381020044
O1188832443,2025-08-19,华东,杭州,数码,智能穿戴,数-智-802,站内推荐,支付宝,318.95,4,0.062,1196.7,900.47,0.2475,0,0.0,C463796654
O0321885282,2025-08-19,华东,南京,服饰,上衣,服-上-132,私域,微信支付,143.65,4,0.067,536.1,279.36,0.4789,0,0.0,C355510460
O4218264385,2025-08-19,华东,杭州,食品,饮料,食-饮-362,线下导流,支付宝,47.36,4,0.063,177.51,119.85,0.3248,0,0.0,C407598878
O9565522105,2025-08-19,华中,郑州,家居,收纳,家-收-997,直播,支付宝,69.26,2,0.099,124.81,79.62,0.3621,0,0.0,C689777534
O0269015551,2025-08-19,华北,石家庄,家居,清洁,家-清-584,私域,微信支付,108.98,1,0.058,102.66,57.08,0.444,0,0.0,C838868125
O6164286094,2025-08-19,东北,哈尔滨,食品,零食,食-零-348,线下导流,微信支付,33.03,1,0.031,30.99,19.53,0.3698,0,0.0,C063862813
O5356845003,2025-08-19,华北,北京,服饰,上衣,服-上-423,自然搜索,银行卡,176.65,3,0.045,506.1,295.09,0.4169,0,0.0,C340290972
O4094696927,2025-08-20,华北,石家庄,数码,耳机,数-耳-395,站内推荐,银行卡,195.51,1,0.037,188.28,152.39,0.1906,0,0.0,C122402020
O9495291473,2025-08-20,西南,重庆,美妆,香氛,美-香-612,直播,支付宝,151.28,2,0.121,296.33,144.98,0.5107,0,0.0,C988437952
O7409424093,2025-08-20,华东,上海,家居,收纳,家-收-358,站内推荐,银行卡,40.68,3,0.053,115.57,71.05,0.3852,0,0.0,C364041340
O4183341818,2025-08-20,东北,大连,服饰,上衣,服-上-898,直播,支付宝,103.7,1,0.093,91.07,52.17,0.4271,1,81.81,C524793959
O6162484859,2025-08-20,西南,昆明,美妆,香氛,美-香-270,直播,支付宝,215.23,2,0.133,415.84,234.61,0.4358,0,0.0,C692195918
O5203983743,2025-08-20,西南,重庆,食品,饮料,食-饮-971,信息流广告,支付宝,51.67,4,0.077,212.56,146.31,0.3117,0,0.0,C635088942
O0141170579,2025-08-20,华南,广州,食品,零食,食-零-748,私域,微信支付,54.98,1,0.058,55.74,38.44,0.3104,0,0.0,C427215206
O4978921871,2025-08-20,华东,苏州,服饰,上衣,服-上-188,直播,微信支付,148.17,1,0.077,136.76,80.48,0.4115,0,0.0,C030774567
O3035524854,2025-08-20,华南,广州,服饰,上衣,服-上-794,直播,微信支付,141.22,3,0.12,401.21,251.69,0.3727,0,0.0,C319612895
O0669873797,2025-08-20,华东,上海,食品,零食,食-零-952,线下导流,微信支付,49.55,1,0.053,46.92,29.53,0.3706,0,0.0,C300371230
O4814755515,2025-08-20,西南,成都,服饰,鞋靴,服-鞋-150,信息流广告,微信支付,160.21,1,0.113,158.34,89.7,0.4335,0,0.0,C083833615
O6385348095,2025-08-20,华东,南京,美妆,香氛,美-香-740,站内推荐,微信支付,162.81,4,0.029,632.35,340.19,0.462,0,0.0,C320821760
O6555250799,2025-08-20,华中,武汉,美妆,彩妆,美-彩-298,自然搜索,微信支付,157.5,4,0.122,553.14,293.06,0.4702,0,0.0,C754325795
O8602913669,2025-08-20,东北,沈阳,美妆,香氛,美-香-431,站内推荐,支付宝,154.46,3,0.03,435.22,235.91,0.458,0,0.0,C934208369
O8252394193,2025-08-20,西北,兰州,美妆,香氛,美-香-991,直播,银行卡,155.43,2,0.111,276.35,160.61,0.4188,0,0.0,C701294806
O3438371068,2025-08-20,华南,厦门,数码,智能穿戴,数-智-785,站内推荐,支付宝,230.63,4,0.076,917.32,672.0,0.2674,0,0.0,C548660217
O4935716579,2025-08-21,华南,广州,家居,厨具,家-厨-305,站内推荐,支付宝,91.22,2,0.091,178.52,115.58,0.3526,1,136.03,C451239592
O4304780545,2025-08-21,华中,长沙,数码,耳机,数-耳-298,站内推荐,微信支付,194.24,4,0.117,686.06,496.21,0.2767,0,0.0,C487196159
O3566702518,2025-08-21,西南,贵阳,美妆,彩妆,美-彩-517,自然搜索,支付宝,138.38,1,0.093,139.91,71.56,0.4885,0,0.0,C384796291
O1837197650,2025-08-21,华东,上海,美妆,香氛,美-香-418,自然搜索,支付宝,193.91,4,0.069,722.12,403.03,0.4419,0,0.0,C355246281
O5551233475,2025-08-21,华中,郑州,家居,厨具,家-厨-291,站内推荐,微信支付,66.31,1,0.046,63.26,38.08,0.398,0,0.0,C817375073
O7024957221,2025-08-21,华中,长沙,食品,零食,食-零-681,私域,微信支付,43.21,1,0.124,37.85,26.58,0.2978,0,0.0,C296541318
O3096876222,2025-08-21,东北,沈阳,服饰,裤装,服-裤-233,直播,支付宝,77.72,2,0.06,141.46,84.22,0.4046,0,0.0,C631501852
O6172864444,2025-08-21,西北,乌鲁木齐,食品,零食,食-零-385,私域,支付宝,31.47,3,0.092,85.72,57.35,0.331,0,0.0,C500638011
O3835009475,2025-08-21,西南,重庆,数码,智能穿戴,数-智-395,信息流广告,支付宝,149.45,4,0.111,592.41,445.8,0.2475,0,0.0,C639175580
O8077528608,2025-08-21,华中,,数码,智能穿戴,数-智-352,站内推荐,微信支付,154.3,2,0.043,295.33,224.41,0.2401,0,0.0,C465088854
O9266805342,2025-08-21,华南,深圳,美妆,彩妆,美-彩-449,站内推荐,银行卡,249.84,1,0.035,259.54,125.81,0.5153,0,0.0,C379878716
O5088802729,2025-08-21,东北,沈阳,服饰,鞋靴,服-鞋-346,站内推荐,支付宝,83.11,4,0.102,289.02,197.54,0.3165,0,0.0,C533413700
O7290311724,2025-08-21,华东,南京,家居,厨具,家-厨-157,站内推荐,银行卡,61.33,4,0.055,231.83,152.69,0.3414,0,0.0,C742834240
O2438373847,2025-08-21,华中,武汉,数码,智能穿戴,数-智-945,自然搜索,支付宝,247.62,4,0.034,956.8,680.48,0.2888,0,0.0,C885871552
O4944505964,2025-08-21,西北,兰州,食品,零食,食-零-139,自然搜索,支付宝,37.37,4,0.03,145.0,89.74,0.3811,0,0.0,C451617149
O2569476298,2025-08-21,华北,北京,数码,耳机,数-耳-586,自然搜索,支付宝,197.22,3,0.079,544.92,409.35,0.2488,0,0.0,C337621578
O6163504073,2025-08-21,华中,南昌,美妆,彩妆,美-彩-906,直播,微信支付,141.79,2,0.115,250.97,129.39,0.4844,0,0.0,C940943687
O6303455857,2025-08-21,华北,石家庄,家居,清洁,家-清-866,信息流广告,微信支付,104.96,2,0.111,186.62,108.6,0.4181,0,0.0,C527955270
O0529145108,2025-08-21,华北,太原,数码,耳机,数-耳-845,信息流广告,微信支付,137.28,1,0.131,119.3,91.64,0.2319,0,0.0,C347345719
O3580707185,2025-08-22,华中,南昌,食品,零食,食-零-527,站内推荐,支付宝,51.61,4,0.038,198.6,136.56,0.3124,0,0.0,C284944026
O1174304329,2025-08-22,华东,杭州,美妆,彩妆,美-彩-930,私域,支付宝,116.2,1,0.084,106.44,55.96,0.4743,0,0.0,C166007534
O9871510860,2025-08-22,华东,杭州,数码,耳机,数-耳-332,私域,微信支付,251.67,3,0.089,687.81,524.28,0.2378,0,0.0,C887489421
O5382352428,2025-08-22,东北,长春,服饰,鞋靴,服-鞋-367,自然搜索,支付宝,145.35,1,0.053,133.24,81.85,0.3857,0,0.0,C411843393
O4688708914,2025-08-22,东北,长春,食品,零食,食-零-538,信息流广告,支付宝,38.06,2,0.069,68.6,48.49,0.2931,0,0.0,C962514171
O4257151744,2025-08-22,华南,广州,美妆,香氛,美-香-748,站内推荐,支付宝,133.15,3,0.086,393.14,220.35,0.4395,0,0.0,C343288237
O4407081950,2025-08-22,华南,深圳,家居,清洁,家-清-602,信息流广告,支付宝,101.69,3,0.072,304.85,211.57,0.306,0,0.0,C324935683
O1332633126,2025-08-22,华东,苏州,食品,速食,食-速-570,私域,微信支付,66.06,3,0.027,192.83,134.31,0.3035,0,0.0,C702727964
O6831565175,2025-08-22,华南,佛山,服饰,裤装,服-裤-551,自然搜索,支付宝,110.61,4,0.063,446.41,253.24,0.4327,1,353.83,C912095311
O0909209268,2025-08-22,华北,天津,数码,智能穿戴,数-智-434,直播,微信支付,113.81,3,0.09,310.7,227.31,0.2684,0,0.0,C312043578
O3331491005,2025-08-22,华东,南京,家居,厨具,家-厨-595,私域,微信支付,80.12,4,0.059,301.57,200.7,0.3345,0,0.0,C865649489
O4888919001,2025-08-22,华南,厦门,家居,收纳,家-收-723,线下导流,微信支付,59.49,4,0.05,243.43,149.45,0.3861,0,0.0,C183966101
O1352834276,2025-08-23,华南,厦门,美妆,护肤,美-护-776,自然搜索,微信支付,120.25,3,0.053,367.98,212.74,0.4219,0,0.0,C980606127
O4785756994,2025-08-23,华北,北京,美妆,彩妆,美-彩-289,自然搜索,支付宝,185.6,2,0.075,343.36,211.29,0.3846,0,0.0,C580960565
O7546609289,2025-08-23,华南,佛山,数码,智能穿戴,数-智-436,直播,支付宝,228.24,1,0.078,226.67,152.92,0.3254,1,136.34,C375640222
O5907869900,2025-08-23,华中,武汉,家居,收纳,家-收-944,自然搜索,支付宝,91.63,2,0.074,169.7,110.34,0.3498,0,0.0,C191150749
O3001254680,2025-08-23,华南,佛山,家居,收纳,家-收-117,站内推荐,银行卡,63.39,2,0.056,128.91,86.6,0.3282,0,0.0,C763662741
O0840256885,2025-08-23,华南,厦门,美妆,护肤,美-护-376,站内推荐,银行卡,166.07,4,0.121,628.95,347.99,0.4467,0,0.0,C136340689
O5668617686,2025-08-23,东北,长春,家居,收纳,家-收-310,站内推荐,支付宝,107.9,1,0.023,102.03,59.8,0.4139,0,0.0,C504206702
O0944305844,2025-08-23,华东,苏州,服饰,鞋靴,服-鞋-986,信息流广告,微信支付,103.02,3,0.087,282.17,177.99,0.3692,0,0.0,C556210008
O6611432940,2025-08-23,华中,长沙,食品,饮料,食-饮-199,信息流广告,支付宝,36.49,4,0.081,134.14,97.44,0.2736,0,0.0,C536111889
O0900693772,2025-08-23,东北,沈阳,美妆,彩妆,美-彩-396,站内推荐,支付宝,72.18,4,0.046,266.59,131.32,0.5074,0,0.0,C967802066
O7695712996,2025-08-23,华东,宁波,食品,零食,食-零-216,直播,微信支付,62.27,1,0.089,56.73,33.96,0.4014,0,0.0,C348775676
O7723875108,2025-08-23,华东,上海,家居,清洁,家-清-342,私域,微信支付,99.81,4,0.074,369.7,220.72,0.403,0,0.0,C875714379
O1864847337,2025-08-23,华南,厦门,服饰,上衣,服-上-459,站内推荐,货到付款,136.01,4,0.022,573.12,310.73,0.4578,0,0.0,C877325783
O2405374645,2025-08-24,华南,广州,数码,智能穿戴,数-智-131,站内推荐,微信支付,196.14,1,0.087,192.95,143.26,0.2575,0,0.0,C671646624
O3616459338,2025-08-24,华北,太原,美妆,护肤,美-护-241,私域,微信支付,143.82,3,0.137,372.35,215.54,0.4211,0,0.0,C599211086
O2653871722,2025-08-24,华南,深圳,数码,智能穿戴,数-智-766,直播,支付宝,136.46,3,0.139,379.78,298.64,0.2137,1,334.75,C510674317
O9748299327,2025-08-24,华东,上海,家居,收纳,家-收-704,直播,支付宝,92.22,2,0.059,173.56,118.71,0.316,0,0.0,C673649767
O3336108580,2025-08-24,华东,南京,服饰,裤装,服-裤-521,站内推荐,微信支付,131.49,1,0.069,122.42,74.91,0.3881,0,0.0,C245814196
O3360638790,2025-08-24,东北,哈尔滨,食品,零食,食-零-870,信息流广告,支付宝,53.99,2,0.05,99.27,60.46,0.391,0,0.0,C725218755
O6815394505,2025-08-24,华北,太原,美妆,彩妆,美-彩-310,信息流广告,微信支付,150.97,2,0.088,275.37,140.77,0.4888,0,0.0,C400483856
O8251350348,2025-08-24,华南,广州,食品,饮料,食-饮-387,信息流广告,支付宝,39.52,2,0.094,77.16,59.8,0.225,1,61.83,C919986311
O2215452633,2025-08-24,西北,乌鲁木齐,家居,厨具,家-厨-764,站内推荐,支付宝,95.17,2,0.065,177.97,101.88,0.4275,0,0.0,C413821727
O0356867052,2025-08-24,华北,北京,服饰,上衣,服-上-568,自然搜索,微信支付,105.25,1,0.092,95.57,62.78,0.3431,0,0.0,C076874835
O3522143222,2025-08-25,华南,厦门,数码,智能穿戴,数-智-613,站内推荐,微信支付,236.08,3,0.065,713.73,498.67,0.3013,0,0.0,C160093065
O5334250839,2025-08-25,西北,西安,服饰,鞋靴,服-鞋-665,站内推荐,支付宝,123.48,1,0.022,120.76,69.85,0.4216,0,0.0,C468863367
O6608771734,2025-08-25,华东,南京,数码,耳机,数-耳-719,直播,微信支付,229.6,1,0.115,203.2,158.13,0.2218,0,0.0,C411465428
O2635510955,2025-08-25,华南,深圳,数码,耳机,数-耳-658,信息流广告,支付宝,98.5,3,0.077,293.97,227.05,0.2276,0,0.0,C097397500
O1278805489,2025-08-25,华南,厦门,家居,收纳,家-收-585,站内推荐,支付宝,91.88,3,0.054,281.04,171.89,0.3884,0,0.0,C393356988
O8586208166,2025-08-25,华北,北京,食品,饮料,食-饮-903,站内推荐,微信支付,63.3,1,0.045,60.45,38.49,0.3633,0,0.0,C033063773
O7949983916,2025-08-25,华东,上海,食品,零食,食-零-283,自然搜索,微信支付,41.99,2,0.06,78.94,56.3,0.2868,0,0.0,C184769182
O9945655946,2025-08-25,华东,南京,食品,饮料,食-饮-580,站内推荐,支付宝,64.3,2,0.059,121.01,83.24,0.3121,0,0.0,C349171908
O3782004197,2025-08-25,华东,宁波,家居,厨具,家-厨-161,信息流广告,货到付款,82.04,4,0.099,295.67,189.36,0.3596,0,0.0,C712789471
O9212601630,2025-08-25,华中,长沙,美妆,香氛,美-香-642,自然搜索,支付宝,173.06,4,0.068,645.17,328.68,0.4906,0,0.0,C481795091
O6255867140,2025-08-25,华南,佛山,服饰,鞋靴,服-鞋-204,私域,支付宝,103.94,2,0.101,201.42,100.35,0.5018,0,0.0,C696819754
O4847902681,2025-08-26,华北,北京,美妆,香氛,美-香-637,信息流广告,微信支付,185.9,2,0.095,336.48,170.22,0.4941,0,0.0,C063018434
O7071707050,2025-08-26,华南,深圳,数码,耳机,数-耳-892,直播,微信支付,139.68,2,0.086,275.28,200.13,0.273,0,0.0,C139524098
O7024697179,2025-08-26,华东,宁波,食品,饮料,食-饮-606,直播,微信支付,43.52,3,0.078,120.38,80.04,0.3351,0,0.0,C321159203
O7727143256,2025-08-26,西南,成都,美妆,护肤,美-护-112,直播,支付宝,152.72,2,0.053,323.15,191.85,0.4063,0,0.0,C863547645
O1088256179,2025-08-26,华北,石家庄,数码,配件,数-配-217,自然搜索,支付宝,243.37,2,0.015,479.44,375.62,0.2165,0,0.0,C485084424
O0077227432,2025-08-26,西南,昆明,食品,速食,食-速-743,站内推荐,支付宝,39.12,3,0.102,117.74,78.32,0.3348,0,0.0,C492924587
O4113187820,2025-08-26,西南,重庆,家居,清洁,家-清-876,站内推荐,微信支付,62.36,4,0.055,263.35,162.72,0.3821,0,0.0,C649223895
O4974866813,2025-08-26,华北,北京,食品,零食,食-零-178,私域,支付宝,65.94,3,0.106,176.85,110.37,0.3759,0,0.0,C423901558
O7896869425,2025-08-26,华南,厦门,服饰,上衣,服-上-825,信息流广告,微信支付,105.73,1,0.096,103.05,59.78,0.4199,0,0.0,C689046400
O7409458637,2025-08-26,西北,乌鲁木齐,食品,速食,食-速-404,自然搜索,支付宝,53.82,1,0.051,51.08,34.91,0.3166,0,0.0,C534990011
O7981789762,2025-08-26,华南,厦门,数码,耳机,数-耳-779,自然搜索,微信支付,277.42,3,0.092,814.74,593.89,0.2711,0,0.0,C423641633
O6594498262,2025-08-26,华东,苏州,美妆,护肤,美-护-315,信息流广告,微信支付,124.63,4,0.074,461.63,261.19,0.4342,0,0.0,C021324923
O7849149198,2025-08-26,西北,银川,食品,速食,食-速-713,直播,支付宝,40.2,3,0.16,101.3,68.76,0.3212,0,0.0,C152153286
O7340362586,2025-08-26,华中,南昌,食品,饮料,食-饮-455,站内推荐,微信支付,38.49,1,0.065,35.99,20.75,0.4235,0,0.0,C325780316
O1283320596,2025-08-26,西南,成都,美妆,护肤,美-护-585,信息流广告,微信支付,171.95,3,0.093,522.71,247.8,0.5259,0,0.0,C663997003
O2674161097,2025-08-26,华北,太原,家居,收纳,家-收-486,线下导流,微信支付,82.96,1,0.0,82.96,49.14,0.4077,0,0.0,C757592434
O1363419626,2025-08-26,华南,深圳,数码,耳机,数-耳-802,私域,支付宝,229.42,2,0.006,491.72,370.42,0.2467,0,0.0,C521632216
O3686136179,2025-08-26,华中,武汉,数码,配件,数-配-488,直播,微信支付,192.05,3,0.149,490.3,339.16,0.3083,0,0.0,C566479324
O7942496780,2025-08-26,华东,苏州,数码,智能穿戴,数-智-440,信息流广告,支付宝,244.59,1,0.109,217.93,145.09,0.3342,0,0.0,C127214080
O6042852277,2025-08-27,东北,哈尔滨,数码,配件,数-配-924,站内推荐,支付宝,176.54,3,0.063,480.03,346.22,0.2788,0,0.0,C871409787
O4455246201,2025-08-27,华中,武汉,美妆,彩妆,美-彩-411,信息流广告,微信支付,188.6,2,0.06,354.57,187.89,0.4701,1,216.14,C921839003
O0876514158,2025-08-27,华南,厦门,食品,饮料,食-饮-206,线下导流,支付宝,30.38,4,0.072,121.62,83.59,0.3127,0,0.0,C893742726
O6207268012,2025-08-27,华北,北京,数码,配件,数-配-320,自然搜索,支付宝,163.93,2,0.072,304.25,201.77,0.3368,0,0.0,C600851252
O7832170341,2025-08-27,华北,北京,数码,配件,数-配-956,站内推荐,银行卡,196.42,3,0.036,568.05,435.06,0.2341,0,0.0,C441456239
O0546542169,2025-08-27,华南,深圳,美妆,香氛,美-香-876,自然搜索,微信支付,180.22,1,0.128,169.48,96.35,0.4315,0,0.0,C611432449
O7367798725,2025-08-27,华东,南京,家居,收纳,家-收-953,自然搜索,支付宝,122.78,1,0.05,116.64,71.91,0.3835,0,0.0,C758499394
O7400517387,2025-08-27,东北,哈尔滨,服饰,上衣,服-上-606,站内推荐,支付宝,160.17,3,0.038,447.14,274.56,0.386,0,0.0,C865659319
O0643448896,2025-08-27,华北,北京,食品,零食,食-零-425,自然搜索,支付宝,42.56,3,0.052,121.04,88.93,0.2653,0,0.0,C435584604
O9755943710,2025-08-27,华东,杭州,家居,清洁,家-清-403,信息流广告,支付宝,90.41,1,0.079,83.27,51.84,0.3774,0,0.0,C896169113
O5200017137,2025-08-27,华东,上海,美妆,护肤,美-护-793,信息流广告,支付宝,114.34,4,0.093,414.83,210.96,0.4915,0,0.0,C961010248
O6787061975,2025-08-27,西南,昆明,数码,智能穿戴,数-智-605,线下导流,微信支付,168.74,4,0.083,691.78,512.15,0.2597,0,0.0,C299687811
O9425190778,2025-08-27,华东,苏州,数码,配件,数-配-733,私域,微信支付,199.29,3,0.029,580.53,410.19,0.2934,0,0.0,C762359523
O5607251000,2025-08-27,华东,杭州,美妆,护肤,美-护-627,私域,微信支付,100.35,2,0.055,189.66,102.74,0.4583,0,0.0,C697953826
O9950508175,2025-08-27,西南,重庆,食品,零食,食-零-708,直播,微信支付,58.19,2,0.126,113.69,82.01,0.2787,0,0.0,C763874873
O7735662359,2025-08-27,华南,厦门,服饰,上衣,服-上-293,私域,微信支付,146.03,2,0.04,302.38,163.54,0.4592,0,0.0,C540061408
O3992832846,2025-08-27,西南,重庆,数码,配件,数-配-966,线下导流,微信支付,224.48,3,0.049,715.82,444.21,0.3794,0,0.0,C248790837
O5517622789,2025-08-27,华东,南京,食品,零食,食-零-979,站内推荐,支付宝,33.71,4,0.078,124.32,77.23,0.3788,0,0.0,C670451409
O1949558797,2025-08-27,华北,石家庄,美妆,护肤,美-护-562,私域,银行卡,172.16,4,0.034,665.23,375.89,0.4349,0,0.0,C830419756
O4149433674,2025-08-27,华东,杭州,数码,智能穿戴,数-智-504,线下导流,微信支付,202.58,4,0.05,769.8,551.36,0.2838,0,0.0,C204350826
O2102900078,2025-08-27,华北,太原,家居,收纳,家-收-805,信息流广告,微信支付,86.51,2,0.115,153.12,101.97,0.3341,0,0.0,C493943801
O0716387403,2025-08-27,华南,佛山,家居,收纳,家-收-512,直播,支付宝,75.28,4,0.102,291.62,208.61,0.2847,0,0.0,C177435441
O6651213534,2025-08-28,华南,广州,食品,饮料,食-饮-920,站内推荐,微信支付,49.89,3,0.053,152.91,106.94,0.3006,0,0.0,C265708770
O4181385021,2025-08-28,华北,太原,美妆,香氛,美-香-921,私域,支付宝,58.89,3,0.164,147.7,83.32,0.4359,0,0.0,C357985435
O0293264225,2025-08-28,西南,成都,美妆,护肤,美-护-428,信息流广告,微信支付,138.44,4,0.086,565.96,293.73,0.481,0,0.0,C985061851
O0603633454,2025-08-28,东北,大连,家居,清洁,家-清-395,自然搜索,支付宝,78.03,4,0.074,279.53,161.11,0.4236,0,0.0,C859283381
O1310401072,2025-08-28,华北,石家庄,美妆,香氛,美-香-338,自然搜索,银行卡,176.19,2,0.075,325.95,181.68,0.4426,0,0.0,C825258312
O6813119499,2025-08-28,华南,深圳,美妆,彩妆,美-彩-524,自然搜索,微信支付,145.13,1,0.041,150.15,75.45,0.4975,0,0.0,C451268523
O6552459271,2025-08-28,西南,成都,美妆,护肤,美-护-349,直播,微信支付,122.19,3,0.092,372.18,221.2,0.4057,0,0.0,C092623720
O8986597543,2025-08-28,华中,长沙,美妆,香氛,美-香-606,私域,支付宝,148.22,2,0.055,280.14,162.32,0.4206,0,0.0,C077043980
O0729634301,2025-08-28,华中,郑州,家居,收纳,家-收-317,站内推荐,微信支付,62.59,2,0.099,112.79,67.56,0.401,0,0.0,C591917902
O0305644647,2025-08-28,华中,郑州,家居,清洁,家-清-477,站内推荐,支付宝,89.89,1,0.01,88.99,57.19,0.3573,0,0.0,C610957521
O7902259424,2025-08-28,华东,南京,食品,饮料,食-饮-571,线下导流,微信支付,56.93,3,0.066,159.52,109.72,0.3122,0,0.0,C437032008
O6469652327,2025-08-28,华东,南京,服饰,上衣,服-上-279,站内推荐,微信支付,151.33,2,0.003,301.75,167.96,0.4434,0,0.0,C700949135
O5237757182,2025-08-28,华北,天津,数码,智能穿戴,数-智-770,直播,微信支付,324.7,1,0.046,309.76,224.75,0.2744,0,0.0,C443071816
O7747134579,2025-08-28,华南,佛山,食品,饮料,食-饮-429,信息流广告,微信支付,46.34,1,0.1,44.99,30.11,0.3307,0,0.0,C489261150
O7402161589,2025-08-28,华东,苏州,食品,饮料,食-饮-850,信息流广告,微信支付,51.6,4,0.0,206.4,130.22,0.3691,1,144.48,C645080919
O0568577426,2025-08-28,西南,重庆,美妆,护肤,美-护-857,直播,支付宝,113.06,3,0.106,339.06,174.11,0.4865,1,267.64,C315234760
O7257094308,2025-08-28,华中,南昌,美妆,香氛,美-香-188,自然搜索,支付宝,236.99,3,0.07,661.2,413.2,0.3751,0,0.0,C885687404
O2425676131,2025-08-28,华东,苏州,美妆,彩妆,美-彩-959,直播,微信支付,206.72,1,0.135,178.81,100.87,0.4359,0,0.0,C238336928
O8151230433,2025-08-29,华中,武汉,数码,耳机,数-耳-524,线下导流,支付宝,199.92,1,0.064,187.13,134.95,0.2788,0,0.0,C117254305
O1726646473,2025-08-29,华中,武汉,家居,厨具,家-厨-372,私域,支付宝,85.09,2,0.072,157.93,95.31,0.3965,0,0.0,C263522629
O0499758343,2025-08-29,华南,深圳,服饰,裤装,服-裤-422,直播,微信支付,54.28,2,,103.33,63.94,0.3812,0,0.0,C103677528
O9519055481,2025-08-29,西南,贵阳,家居,收纳,家-收-338,线下导流,微信支付,82.74,1,0.033,89.51,53.17,0.406,0,0.0,C102016677
O4322726360,2025-08-29,华中,南昌,美妆,护肤,美-护-203,站内推荐,微信支付,201.56,2,0.04,387.0,202.84,0.4759,0,0.0,C931172223
O5876776527,2025-08-29,华北,北京,服饰,鞋靴,服-鞋-882,信息流广告,支付宝,106.76,2,0.099,192.38,133.68,0.3051,0,0.0,C512990086
O0999911817,2025-08-29,华中,长沙,数码,智能穿戴,数-智-356,自然搜索,支付宝,180.68,1,0.016,177.79,138.12,0.2231,0,0.0,C195225157
O9627591618,2025-08-29,华东,宁波,服饰,鞋靴,服-鞋-504,线下导流,微信支付,100.6,2,0.051,190.94,96.91,0.4925,0,0.0,C335145068
O9468848940,2025-08-29,华南,厦门,数码,配件,数-配-973,自然搜索,支付宝,172.09,3,0.032,539.29,394.3,0.2689,0,0.0,C197271848
O4359136482,2025-08-29,华北,石家庄,数码,智能穿戴,数-智-652,自然搜索,微信支付,174.57,1,0.066,163.05,109.49,0.3285,0,0.0,C127642735
O7611129520,2025-08-29,华东,杭州,家居,清洁,家-清-315,线下导流,支付宝,87.33,1,0.026,85.06,54.08,0.3642,0,0.0,C556839459
O8691567324,2025-08-29,华中,长沙,食品,速食,食-速-534,直播,支付宝,45.86,3,0.14,118.32,82.4,0.3036,0,0.0,C693313450
O1985080472,2025-08-29,华南,广州,服饰,上衣,服-上-974,自然搜索,微信支付,147.72,2,0.041,305.74,182.79,0.4021,0,0.0,C088015094
O6267836280,2025-08-29,华东,杭州,家居,清洁,家-清-552,信息流广告,银行卡,77.71,1,0.079,71.57,41.41,0.4214,0,0.0,C622062533
O5053500784,2025-08-29,华东,宁波,美妆,香氛,美-香-890,站内推荐,微信支付,102.52,1,0.128,89.4,49.55,0.4457,0,0.0,C373750697
O4125256282,2025-08-30,西北,兰州,家居,收纳,家-收-415,自然搜索,支付宝,85.65,4,0.091,311.42,191.24,0.3859,0,0.0,C082457943
O1955490275,2025-08-30,华南,厦门,家居,收纳,家-收-631,站内推荐,微信支付,88.44,2,0.027,185.78,106.19,0.4284,0,0.0,C545652819
O6314118145,2025-08-30,西南,重庆,美妆,护肤,美-护-705,私域,支付宝,180.04,4,0.028,783.42,462.06,0.4102,0,0.0,C448331382
O6262551021,2025-08-30,华东,宁波,美妆,护肤,美-护-900,信息流广告,支付宝,132.43,3,0.136,343.26,196.75,0.4268,0,0.0,C353842009
O7465429981,2025-08-30,华东,苏州,数码,耳机,数-耳-504,直播,微信支付,176.57,4,0.035,681.56,503.25,0.2616,0,0.0,C330557243
O4799964046,2025-08-30,华南,深圳,美妆,香氛,美-香-292,信息流广告,支付宝,122.06,3,0.041,379.07,194.05,0.4881,0,0.0,C723887335
O7339584735,2025-08-30,西南,重庆,食品,饮料,食-饮-368,信息流广告,支付宝,61.3,2,0.076,126.78,87.13,0.3127,0,0.0,C125385615
O5366857997,2025-08-30,华南,深圳,美妆,彩妆,美-彩-911,自然搜索,微信支付,112.35,2,0.015,238.91,140.0,0.414,0,0.0,C668669755
O4719530394,2025-08-30,西南,成都,服饰,裤装,服-裤-857,站内推荐,支付宝,109.47,2,0.05,232.78,126.11,0.4582,0,0.0,C190434448
O0343423517,2025-08-30,华北,石家庄,数码,配件,数-配-595,站内推荐,支付宝,225.97,1,0.057,213.09,163.21,0.2341,0,0.0,C293158538
O5667374399,2025-08-30,华东,南京,家居,厨具,家-厨-833,线下导流,支付宝,51.15,3,0.071,142.56,88.61,0.3784,0,0.0,C954182334
O7764869103,2025-08-31,华东,杭州,美妆,护肤,美-护-100,站内推荐,微信支付,125.54,4,0.034,485.09,262.3,0.4593,0,0.0,C158188034
O0689029754,2025-08-31,华中,南昌,数码,配件,数-配-108,信息流广告,微信支付,131.7,2,0.083,241.54,166.74,0.3097,0,0.0,C672847384
O4010123877,2025-08-31,华南,厦门,数码,耳机,数-耳-720,站内推荐,支付宝,211.06,3,0.023,667.97,461.15,0.3096,0,0.0,C929008481
O2763194357,2025-08-31,华东,杭州,食品,零食,食-零-434,站内推荐,支付宝,42.03,1,0.041,40.31,26.38,0.3456,0,0.0,C681687539
O4472802962,2025-08-31,华南,佛山,家居,厨具,家-厨-291,直播,支付宝,67.64,4,0.077,269.65,176.62,0.345,0,0.0,C048507425
O9787061074,2025-08-31,华东,苏州,美妆,护肤,美-护-912,直播,银行卡,168.69,1,0.095,152.66,88.76,0.4186,0,0.0,C871385276
O8347431084,2025-08-31,华北,太原,数码,配件,数-配-521,线下导流,支付宝,262.72,1,0.101,236.19,182.01,0.2294,0,0.0,C259658097
O8144172524,2025-08-31,华南,佛山,食品,零食,食-零-709,自然搜索,银行卡,54.45,2,0.068,109.59,74.35,0.3216,0,0.0,C021662034
O5133911873,2025-08-31,华北,天津,食品,零食,食-零-965,信息流广告,支付宝,48.59,2,,87.17,59.91,0.3127,0,0.0,C076909557
O5756380348,2025-08-31,东北,大连,食品,零食,食-零-776,站内推荐,支付宝,42.29,4,0.072,151.76,96.92,0.3614,0,0.0,C325545418
O9284144552,2025-08-31,西南,成都,服饰,鞋靴,服-鞋-970,自然搜索,银行卡,125.52,4,0.058,529.56,290.04,0.4523,0,0.0,C836914188
O8769313271,2025-08-31,华中,南昌,数码,耳机,数-耳-278,信息流广告,微信支付,303.64,2,0.075,561.73,404.61,0.2797,0,0.0,C304728708
O6754100548,2025-08-31,华东,苏州,数码,配件,数-配-517,信息流广告,支付宝,236.23,1,0.085,216.15,148.35,0.3137,0,0.0,C962880722
O4215164513,2025-08-31,华南,厦门,家居,收纳,家-收-922,线下导流,微信支付,94.52,4,0.039,392.32,216.39,0.4484,0,0.0,C769892355
O9669823077,2025-08-31,华东,杭州,数码,智能穿戴,数-智-612,自然搜索,支付宝,211.02,3,0.067,590.64,433.71,0.2657,0,0.0,C058934382
O0073667139,2025-09-01,西北,西安,数码,配件,数-配-879,站内推荐,支付宝,150.24,1,0.053,142.28,109.05,0.2336,0,0.0,C705757685
O8229163953,2025-09-01,华南,厦门,服饰,上衣,服-上-207,自然搜索,银行卡,128.95,2,0.062,261.29,138.01,0.4718,0,0.0,C371706322
O1942644144,2025-09-01,华北,太原,美妆,护肤,美-护-587,信息流广告,支付宝,123.48,4,0.098,445.52,224.54,0.496,0,0.0,C789203095
O3216491284,2025-09-01,西南,成都,数码,配件,数-配-624,信息流广告,支付宝,268.18,2,0.065,561.76,396.61,0.294,0,0.0,C447513656
O2841332297,2025-09-01,华南,厦门,服饰,上衣,服-上-286,私域,微信支付,99.75,3,0.04,310.29,172.09,0.4454,0,0.0,C083269494
O9465524227,2025-09-01,华北,太原,家居,厨具,家-厨-285,直播,微信支付,61.35,1,0.087,56.01,35.13,0.3728,0,0.0,C785216852
O4961750097,2025-09-01,华中,郑州,服饰,鞋靴,服-鞋-872,自然搜索,微信支付,119.75,2,0.064,224.17,129.38,0.4228,0,0.0,C307440225
O9955740689,2025-09-01,华东,宁波,数码,耳机,数-耳-990,线下导流,支付宝,320.37,2,0.042,613.83,424.66,0.3082,0,0.0,C205574682
O0859089522,2025-09-01,西南,成都,数码,智能穿戴,数-智-784,自然搜索,银行卡,136.62,3,0.061,431.11,341.93,0.2069,1,417.56,C110551653
O0170654668,2025-09-01,西南,重庆,数码,配件,数-配-655,站内推荐,支付宝,151.21,4,0.083,621.29,476.48,0.2331,0,0.0,C528915460
O5923715351,2025-09-01,华中,武汉,服饰,上衣,服-上-266,线下导流,支付宝,125.46,1,0.116,110.91,71.1,0.3589,0,0.0,C070326494
O7887489706,2025-09-01,华中,南昌,服饰,鞋靴,服-鞋-346,线下导流,支付宝,105.65,1,0.142,90.65,54.86,0.3948,0,0.0,C950368645
O0591463467,2025-09-01,西北,乌鲁木齐,数码,耳机,数-耳-481,私域,微信支付,145.62,1,0.057,137.32,91.96,0.3303,0,0.0,C574483724
O7061088504,2025-09-01,华东,杭州,数码,耳机,数-耳-673,线下导流,微信支付,253.42,4,0.056,956.91,756.09,0.2099,0,0.0,C478464997
O9431010411,2025-09-02,西南,昆明,服饰,上衣,服-上-347,信息流广告,微信支付,137.38,3,0.065,431.85,296.92,0.3124,0,0.0,C452498278
O6152368458,2025-09-02,华中,长沙,数码,耳机,数-耳-641,直播,微信支付,183.83,3,0.1,496.34,375.65,0.2432,0,0.0,C800648587
O8886319702,2025-09-02,华北,北京,食品,零食,食-零-818,自然搜索,微信支付,57.64,2,0.085,105.48,75.5,0.2842,0,0.0,C669653120
O9587763149,2025-09-02,华北,天津,美妆,香氛,美-香-141,自然搜索,支付宝,122.24,3,0.043,350.95,184.1,0.4754,0,0.0,C154675572
O4428812221,2025-09-02,华南,佛山,食品,零食,食-零-205,站内推荐,微信支付,48.39,4,0.044,199.93,149.7,0.2512,0,0.0,C686600560
O8980430403,2025-09-02,东北,长春,美妆,香氛,美-香-575,自然搜索,货到付款,217.17,3,0.018,618.34,301.31,0.5127,0,0.0,C580447282
O9494680674,2025-09-02,华南,厦门,家居,厨具,家-厨-755,线下导流,微信支付,117.01,1,0.13,109.99,69.7,0.3663,0,0.0,C275169371
O4937827342,2025-09-02,华北,天津,食品,饮料,食-饮-422,直播,支付宝,67.79,1,0.156,57.21,38.71,0.3234,0,0.0,C317177851
O2050478878,2025-09-02,华南,广州,美妆,彩妆,美-彩-185,私域,微信支付,71.26,3,0.095,209.03,97.92,0.5316,0,0.0,C581411275
O9965550257,2025-09-02,华北,天津,家居,清洁,家-清-372,私域,货到付款,101.54,3,0.07,283.3,179.72,0.3656,1,225.3,C497498505
O6518034241,2025-09-02,西北,银川,食品,饮料,食-饮-178,自然搜索,微信支付,42.98,2,0.005,85.53,58.16,0.32,0,0.0,C415591265
O9780996516,2025-09-02,华中,长沙,家居,清洁,家-清-457,自然搜索,微信支付,102.71,2,0.055,194.12,128.87,0.3361,0,0.0,C681041811
O1749164548,2025-09-02,华东,上海,食品,零食,食-零-413,信息流广告,微信支付,63.82,3,0.124,167.72,114.5,0.3173,0,0.0,C584059590
O6853322173,2025-09-02,华东,上海,食品,饮料,食-饮-596,站内推荐,微信支付,64.45,4,0.068,240.27,162.97,0.3217,0,0.0,C951961700
O7123935782,2025-09-03,华北,天津,食品,速食,食-速-707,线下导流,货到付款,68.96,1,0.091,62.68,44.27,0.2937,0,0.0,C489575697
O0845821915,2025-09-03,华中,武汉,服饰,鞋靴,服-鞋-945,站内推荐,微信支付,154.8,3,0.062,435.61,253.88,0.4172,1,380.32,C218497651
O1949873828,2025-09-03,华东,南京,数码,智能穿戴,数-智-717,自然搜索,支付宝,365.0,4,0.065,1365.1,1032.46,0.2437,0,0.0,C250518292
O7974361539,2025-09-03,华东,,家居,厨具,家-厨-641,直播,支付宝,76.36,3,0.099,206.4,129.29,0.3736,0,0.0,C152267888
O4373146964,2025-09-03,华中,南昌,家居,厨具,家-厨-518,自然搜索,支付宝,66.45,2,0.106,118.81,69.41,0.4158,0,0.0,C189558516
O4342401061,2025-09-03,华东,杭州,数码,智能穿戴,数-智-844,站内推荐,银行卡,205.34,4,0.043,786.04,541.83,0.3107,0,0.0,C842505547
O8699946298,2025-09-03,华中,南昌,数码,耳机,数-耳-557,信息流广告,微信支付,163.07,4,0.115,577.27,430.96,0.2535,1,459.48,C761763936
O7442598941,2025-09-03,华中,南昌,家居,厨具,家-厨-752,信息流广告,支付宝,127.36,1,0.039,122.39,81.51,0.334,0,0.0,C225145455
O7778615110,2025-09-03,西南,成都,数码,智能穿戴,数-智-522,私域,银行卡,187.29,3,0.034,608.52,462.9,0.2393,0,0.0,C463793076
O7187870111,2025-09-03,华中,郑州,服饰,上衣,服-上-115,站内推荐,支付宝,143.12,3,0.076,396.73,222.66,0.4388,0,0.0,C798497728
O8531903686,2025-09-03,华南,深圳,美妆,彩妆,美-彩-575,直播,支付宝,152.51,1,0.113,146.2,78.49,0.4631,0,0.0,C548454702
O2833014514,2025-09-03,华东,苏州,数码,智能穿戴,数-智-372,站内推荐,支付宝,103.88,2,0.111,184.7,137.22,0.2571,0,0.0,C459476897
O4373346258,2025-09-03,华东,杭州,食品,零食,食-零-980,直播,微信支付,28.32,3,0.089,77.4,56.26,0.2731,0,0.0,C935876186
O9537815294,2025-09-03,华东,苏州,数码,配件,数-配-964,私域,支付宝,233.59,3,0.172,580.24,450.44,0.2237,0,0.0,C088347080
O3619148027,2025-09-04,西南,成都,家居,收纳,家-收-818,线下导流,微信支付,44.09,2,0.105,88.52,55.21,0.3763,0,0.0,C686518411
O3244275705,2025-09-04,华东,上海,服饰,鞋靴,服-鞋-190,站内推荐,微信支付,120.93,2,0.051,229.53,121.51,0.4706,0,0.0,C873191475
O5357899141,2025-09-04,华东,杭州,家居,收纳,家-收-493,信息流广告,支付宝,71.67,2,0.119,126.28,77.86,0.3834,0,0.0,C475789039
O6044404047,2025-09-04,华中,长沙,服饰,裤装,服-裤-148,线下导流,支付宝,144.02,4,0.087,525.96,349.66,0.3352,0,0.0,C095748214
O9167318862,2025-09-04,华北,石家庄,食品,速食,食-速-599,信息流广告,支付宝,55.36,1,0.058,52.15,35.88,0.312,0,0.0,C568876218
O7047777387,2025-09-04,华北,石家庄,食品,零食,食-零-767,线下导流,微信支付,60.29,2,0.06,113.35,80.77,0.2874,0,0.0,C213959369
O3050711283,2025-09-04,华南,广州,美妆,香氛,美-香-286,私域,银行卡,134.0,4,0.069,539.49,261.51,0.5153,0,0.0,C851278244
O8708479981,2025-09-04,华南,佛山,服饰,鞋靴,服-鞋-907,直播,微信支付,180.2,4,0.132,676.39,394.34,0.417,0,0.0,C528731857
O3978476837,2025-09-04,华东,苏州,数码,配件,数-配-828,线下导流,支付宝,263.4,4,0.055,995.65,722.96,0.2739,0,0.0,C295913592
O3529453217,2025-09-04,华东,苏州,服饰,裤装,服-裤-729,站内推荐,支付宝,133.37,4,0.043,510.54,311.03,0.3908,0,0.0,C901728710
O2097429388,2025-09-04,华东,杭州,家居,清洁,家-清-326,线下导流,支付宝,83.35,1,0.008,82.68,47.45,0.4261,0,0.0,C301698887
O6980099775,2025-09-04,华南,广州,数码,耳机,数-耳-845,自然搜索,货到付款,201.96,2,0.02,427.94,294.38,0.3121,0,0.0,C636150236
O1847223899,2025-09-04,西南,重庆,数码,耳机,数-耳-350,自然搜索,微信支付,152.41,1,0.055,161.55,133.21,0.1754,1,152.55,C374888929
O7569094030,2025-09-04,华东,苏州,服饰,裤装,服-裤-475,直播,微信支付,165.61,4,0.11,589.57,265.31,0.55,0,0.0,C696502248
O5931741326,2025-09-04,华东,南京,食品,零食,食-零-388,私域,支付宝,67.71,3,0.04,195.0,127.64,0.3454,0,0.0,C300928465
O1627707125,2025-09-05,华北,北京,服饰,裤装,服-裤-588,站内推荐,银行卡,156.65,4,0.077,578.35,321.35,0.4444,0,0.0,C563865724
O1134659637,2025-09-05,华南,广州,美妆,香氛,美-香-650,站内推荐,微信支付,194.43,1,0.018,206.48,115.79,0.4392,0,0.0,C430760341
O1612451810,2025-09-05,华北,北京,家居,厨具,家-厨-622,直播,支付宝,103.65,3,0.116,274.88,165.91,0.3964,0,0.0,C111760520
O5972943251,2025-09-05,西北,兰州,服饰,裤装,服-裤-228,自然搜索,银行卡,129.33,3,0.062,363.93,212.37,0.4165,0,0.0,C925018943
O0286098459,2025-09-05,华东,杭州,数码,智能穿戴,数-智-349,自然搜索,支付宝,211.12,2,0.099,380.44,285.37,0.2499,0,0.0,C965922663
O5227670861,2025-09-05,东北,沈阳,数码,配件,数-配-242,信息流广告,支付宝,210.81,4,0.092,739.68,553.01,0.2524,0,0.0,C575650575
O0384634038,2025-09-05,华南,厦门,数码,智能穿戴,数-智-749,直播,微信支付,206.5,1,0.094,202.32,153.95,0.2391,0,0.0,C887026186
O1469025340,2025-09-05,华南,深圳,数码,配件,数-配-527,自然搜索,支付宝,241.53,1,0.037,251.53,188.76,0.2496,0,0.0,C218799262
O8970520083,2025-09-05,华南,厦门,美妆,香氛,美-香-228,信息流广告,微信支付,142.41,4,0.112,547.03,307.8,0.4373,0,0.0,C176455940
O0263214443,2025-09-05,华东,上海,家居,清洁,家-清-827,直播,微信支付,67.17,1,0.106,60.05,41.66,0.3062,0,0.0,C369695637
O4522522171,2025-09-05,华中,长沙,服饰,裤装,服-裤-183,站内推荐,微信支付,130.92,2,0.083,240.11,127.94,0.4672,0,0.0,C541073943
O3165845339,2025-09-05,华南,深圳,服饰,上衣,服-上-914,站内推荐,微信支付,127.08,2,0.043,263.04,130.49,0.5039,0,0.0,C384623478
O1252397927,2025-09-05,华北,北京,美妆,护肤,美-护-866,自然搜索,支付宝,130.38,2,0.086,238.33,117.7,0.5061,0,0.0,C921090402
O7945466336,2025-09-05,华东,宁波,美妆,护肤,美-护-381,信息流广告,支付宝,172.35,4,0.071,640.45,393.49,0.3856,1,593.18,C720013958
O1296445553,2025-09-05,华东,上海,美妆,彩妆,美-彩-492,站内推荐,支付宝,150.47,2,0.053,284.99,138.37,0.5145,0,0.0,C055591703
O2412802098,2025-09-05,华东,苏州,服饰,上衣,服-上-116,信息流广告,支付宝,149.86,1,0.065,140.12,81.07,0.4214,0,0.0,C519025919
O2056924465,2025-09-05,华东,宁波,数码,配件,数-配-454,自然搜索,支付宝,282.19,1,0.091,256.51,201.94,0.2127,0,0.0,C471619668
O5346415517,2025-09-05,华中,长沙,服饰,裤装,服-裤-268,信息流广告,支付宝,178.71,1,0.075,165.31,84.45,0.4891,0,0.0,C665611571
O0879970485,2025-09-06,西南,贵阳,家居,收纳,家-收-797,站内推荐,支付宝,123.91,1,0.099,125.33,84.91,0.3225,0,0.0,C552917059
O3725016127,2025-09-06,西北,乌鲁木齐,家居,厨具,家-厨-947,信息流广告,支付宝,104.27,3,0.102,280.9,173.63,0.3819,0,0.0,C883541970
O4466557120,2025-09-06,西南,重庆,服饰,裤装,服-裤-844,站内推荐,支付宝,126.0,4,0.047,539.22,304.42,0.4354,0,0.0,C331141765
O0365336987,2025-09-06,西南,重庆,数码,智能穿戴,数-智-184,私域,银行卡,187.78,2,0.026,410.66,306.75,0.253,0,0.0,C808328703
O1336241139,2025-09-06,华东,上海,数码,耳机,数-耳-813,信息流广告,微信支付,175.23,3,0.053,497.83,352.71,0.2915,0,0.0,C035807776
O3175402690,2025-09-06,华中,武汉,服饰,裤装,服-裤-885,信息流广告,支付宝,116.92,4,0.058,440.55,213.2,0.5161,0,0.0,C008506613
O9627121574,2025-09-06,西南,重庆,数码,智能穿戴,数-智-125,自然搜索,微信支付,133.67,2,0.029,291.42,207.57,0.2877,0,0.0,C627792250
O8355068457,2025-09-06,西南,贵阳,数码,智能穿戴,数-智-578,直播,支付宝,205.38,3,0.115,612.16,452.07,0.2615,0,0.0,C635599597
O1577392727,2025-09-06,华北,石家庄,美妆,香氛,美-香-944,信息流广告,微信支付,112.0,4,0.098,404.1,230.67,0.4292,0,0.0,C370656995
O6104457792,2025-09-06,华东,,家居,清洁,家-清-347,私域,银行卡,67.83,2,0.039,130.37,84.57,0.3513,0,0.0,C562533447
O0169601117,2025-09-06,东北,沈阳,食品,饮料,食-饮-130,自然搜索,支付宝,59.83,3,0.059,163.15,107.49,0.3412,0,0.0,C291082757
O1820389435,2025-09-06,华南,佛山,服饰,鞋靴,服-鞋-419,站内推荐,微信支付,140.2,3,0.058,428.6,240.96,0.4378,0,0.0,C210967439
O1798496054,2025-09-06,华北,太原,家居,收纳,家-收-415,站内推荐,微信支付,109.39,4,0.096,395.55,239.35,0.3949,0,0.0,C663416559
O0315208064,2025-09-06,华东,上海,服饰,裤装,服-裤-819,信息流广告,支付宝,101.18,1,0.113,89.75,47.93,0.466,0,0.0,C466262299
O1987224041,2025-09-07,华南,广州,家居,清洁,家-清-858,直播,微信支付,103.97,3,0.104,302.41,166.54,0.4493,0,0.0,C710760629
O8770495013,2025-09-07,华东,南京,数码,智能穿戴,数-智-802,站内推荐,微信支付,247.5,2,0.025,482.62,342.54,0.2902,0,0.0,C787665870
O6618673404,2025-09-07,华北,北京,服饰,上衣,服-上-886,自然搜索,支付宝,139.51,1,0.084,127.79,68.8,0.4616,0,0.0,C708575675
O5603746397,2025-09-07,华南,厦门,数码,智能穿戴,数-智-794,私域,支付宝,123.31,3,0.049,380.68,288.92,0.241,0,0.0,C183364565
O4831989661,2025-09-07,华东,南京,美妆,护肤,美-护-655,私域,微信支付,143.41,3,0.065,402.27,200.35,0.502,0,0.0,C686806140
O9923430593,2025-09-07,西南,昆明,家居,厨具,家-厨-460,自然搜索,微信支付,86.37,1,0.029,94.19,52.85,0.4389,0,0.0,C981996931
O9291332772,2025-09-07,华东,宁波,数码,智能穿戴,数-智-572,站内推荐,微信支付,194.22,2,0.056,366.69,268.61,0.2675,0,0.0,C669313079
O9195942156,2025-09-07,华北,北京,服饰,上衣,服-上-824,信息流广告,微信支付,122.06,1,0.101,109.73,57.98,0.4716,0,0.0,C234143926
O6803731164,2025-09-07,西南,重庆,服饰,鞋靴,服-鞋-575,信息流广告,微信支付,91.96,2,0.082,189.63,105.95,0.4413,0,0.0,C271690437
O2282640593,2025-09-07,华北,天津,美妆,香氛,美-香-993,直播,微信支付,177.17,4,0.087,647.02,366.82,0.4331,0,0.0,C250344544
O4542233224,2025-09-07,华中,长沙,美妆,护肤,美-护-107,线下导流,微信支付,203.01,2,0.054,384.09,193.49,0.4962,0,0.0,C801572318
O9398796693,2025-09-07,西南,重庆,数码,智能穿戴,数-智-777,信息流广告,支付宝,180.88,1,0.118,179.18,113.21,0.3682,0,0.0,C157198492
O5907145579,2025-09-07,华南,佛山,美妆,香氛,美-香-414,站内推荐,微信支付,192.73,3,0.055,591.24,272.59,0.539,0,0.0,C193443470
O0627886589,2025-09-07,华南,深圳,家居,收纳,家-收-853,线下导流,支付宝,54.77,2,0.076,109.52,63.73,0.4181,0,0.0,C211654024
O7381545093,2025-09-07,西北,兰州,服饰,裤装,服-裤-169,直播,银行卡,83.39,1,0.1,75.05,42.56,0.4329,0,0.0,C233739258
O3318612689,2025-09-07,华南,佛山,数码,配件,数-配-234,站内推荐,支付宝,194.03,3,0.031,610.35,494.25,0.1902,0,0.0,C069800921
O7233822712,2025-09-08,华东,南京,数码,耳机,数-耳-369,信息流广告,银行卡,208.28,3,0.09,568.6,439.74,0.2266,1,439.97,C493722901
O4774532023,2025-09-08,华北,北京,美妆,彩妆,美-彩-445,直播,微信支付,135.75,2,0.076,250.87,126.18,0.497,0,0.0,C181361766
O4012788912,2025-09-08,东北,长春,食品,速食,食-速-886,信息流广告,支付宝,29.7,4,0.059,107.95,67.74,0.3725,0,0.0,C580512727
O8494757379,2025-09-08,华东,杭州,服饰,鞋靴,服-鞋-130,信息流广告,银行卡,125.18,3,0.058,353.76,215.73,0.3902,0,0.0,C643511527
O9129624475,2025-09-08,华东,南京,数码,智能穿戴,数-智-613,站内推荐,支付宝,242.2,2,0.069,450.98,318.58,0.2936,0,0.0,C068723053
O0089584446,2025-09-08,华东,宁波,数码,智能穿戴,数-智-270,信息流广告,银行卡,221.4,4,0.101,796.15,591.92,0.2565,0,0.0,C925474089
O3869816060,2025-09-08,华北,天津,美妆,彩妆,美-彩-602,线下导流,银行卡,156.87,1,0.111,139.46,83.25,0.4031,0,0.0,C627129697
O1936057745,2025-09-08,华南,广州,数码,耳机,数-耳-849,信息流广告,货到付款,215.2,1,0.061,218.73,149.48,0.3166,1,162.46,C644939148
O0680277445,2025-09-08,华东,苏州,食品,饮料,食-饮-446,站内推荐,支付宝,32.77,2,0.063,61.41,39.0,0.3649,1,43.79,C538647202
O0157329442,2025-09-08,华北,太原,服饰,鞋靴,服-鞋-573,自然搜索,微信支付,99.47,2,0.054,188.2,106.33,0.435,0,0.0,C724029620
O1017809323,2025-09-08,华中,郑州,服饰,鞋靴,服-鞋-971,站内推荐,微信支付,117.08,1,0.079,107.83,61.97,0.4253,0,0.0,C047679512
O0466735240,2025-09-08,华东,苏州,数码,耳机,数-耳-831,信息流广告,微信支付,204.93,2,0.059,385.68,292.63,0.2413,0,0.0,C139768296
O3064420434,2025-09-08,华北,天津,服饰,裤装,服-裤-566,直播,银行卡,68.49,1,0.059,64.45,34.49,0.4649,0,0.0,C176504319
O1078443558,2025-09-08,华南,佛山,家居,清洁,家-清-366,私域,微信支付,97.11,4,0.058,396.07,255.39,0.3552,0,0.0,C921582609
O6249702745,2025-09-08,华东,杭州,家居,清洁,家-清-225,自然搜索,银行卡,125.98,1,0.031,122.07,80.43,0.3411,0,0.0,C433843957
O1555925821,2025-09-09,华南,厦门,家居,收纳,家-收-724,自然搜索,微信支付,104.89,1,0.034,109.71,63.7,0.4194,0,0.0,C973047377
O3083960897,2025-09-09,华北,太原,服饰,裤装,服-裤-456,站内推荐,微信支付,137.29,2,0.051,260.58,133.83,0.4864,0,0.0,C976142378
O5099811388,2025-09-09,华中,长沙,家居,清洁,家-清-654,自然搜索,微信支付,63.34,1,0.038,60.93,35.79,0.4126,0,0.0,C922280518
O6858706443,2025-09-09,华北,天津,美妆,护肤,美-护-828,站内推荐,支付宝,125.94,3,0.068,352.13,203.31,0.4226,0,0.0,C082369281
O0189773741,2025-09-09,华东,宁波,食品,速食,食-速-432,私域,银行卡,31.88,1,0.108,28.44,19.93,0.2992,0,0.0,C584489982
O3603143437,2025-09-09,华中,南昌,美妆,彩妆,美-彩-252,站内推荐,支付宝,219.6,3,0.045,629.15,366.23,0.4179,0,0.0,C803436745
O9885647371,2025-09-09,东北,沈阳,数码,配件,数-配-945,站内推荐,微信支付,193.19,1,0.079,171.79,123.07,0.2836,0,0.0,C003165728
O6549603863,2025-09-09,华中,南昌,家居,厨具,家-厨-936,站内推荐,货到付款,101.64,2,0.058,191.49,132.76,0.3067,1,143.13,C225248615
O9388430817,2025-09-09,华中,武汉,食品,速食,食-速-331,自然搜索,微信支付,40.29,2,0.048,76.71,51.53,0.3282,1,64.81,C666419693
O7341991130,2025-09-09,华东,南京,美妆,彩妆,美-彩-828,自然搜索,微信支付,150.38,2,0.063,281.81,145.14,0.485,0,0.0,C455196863
O2793562620,2025-09-09,华南,厦门,美妆,护肤,美-护-632,自然搜索,微信支付,215.53,1,0.038,224.5,119.65,0.467,0,0.0,C870018799
O9037594336,2025-09-09,华南,佛山,美妆,护肤,美-护-101,私域,银行卡,179.38,2,0.061,364.75,199.98,0.4517,0,0.0,C234605413
O8046935045,2025-09-10,华中,武汉,数码,智能穿戴,数-智-467,站内推荐,银行卡,176.56,1,0.046,168.44,112.67,0.3311,0,0.0,C180768090
O7635489065,2025-09-10,西北,西安,食品,饮料,食-饮-279,站内推荐,支付宝,54.68,1,0.036,52.71,34.8,0.3398,0,0.0,C659122612
O5068761628,2025-09-10,西南,成都,食品,零食,食-零-684,自然搜索,支付宝,68.68,1,0.06,72.6,50.1,0.3099,0,0.0,C303421528
O4229502383,2025-09-10,华北,北京,家居,收纳,家-收-817,线下导流,支付宝,80.38,4,0.077,296.76,183.37,0.3821,0,0.0,C470919649
O9617102120,2025-09-10,东北,长春,美妆,护肤,美-护-236,直播,银行卡,204.18,2,0.12,346.92,163.9,0.5276,0,0.0,C395794362
O4314251225,2025-09-10,华东,宁波,美妆,彩妆,美-彩-733,自然搜索,银行卡,120.26,2,0.096,217.43,105.86,0.5131,0,0.0,C015309812
O2447875439,2025-09-10,华东,上海,美妆,护肤,美-护-656,自然搜索,微信支付,164.54,3,0.1,444.26,241.59,0.4562,0,0.0,C355810205
O7778101239,2025-09-10,华东,上海,数码,智能穿戴,数-智-173,直播,微信支付,274.17,3,0.1,740.26,511.99,0.3084,0,0.0,C901180428
O6141538886,2025-09-10,华东,南京,食品,速食,食-速-514,站内推荐,微信支付,40.49,1,0.066,37.82,26.74,0.293,1,28.92,C566528020
O9827303515,2025-09-10,华东,杭州,家居,厨具,家-厨-389,私域,微信支付,63.61,3,0.06,179.38,111.6,0.3779,0,0.0,C389182405
O1120292236,2025-09-10,华东,南京,服饰,上衣,服-上-236,自然搜索,微信支付,121.69,2,0.037,234.37,129.31,0.4483,1,164.28,C756333703
O2969104493,2025-09-10,华北,石家庄,服饰,裤装,服-裤-657,站内推荐,支付宝,135.47,2,0.067,252.79,135.84,0.4626,0,0.0,C608846659
O0022376962,2025-09-10,西南,贵阳,食品,零食,食-零-702,私域,微信支付,47.14,3,0.067,148.39,95.3,0.3578,0,0.0,C997175740
O4090358832,2025-09-11,西北,乌鲁木齐,数码,配件,数-配-706,站内推荐,银行卡,200.96,4,0.068,749.18,579.86,0.226,0,0.0,C511449397
O9680470555,2025-09-11,华北,太原,食品,速食,食-速-982,信息流广告,支付宝,36.82,3,0.091,100.41,67.71,0.3257,0,0.0,C012417582
O5549860121,2025-09-11,华北,太原,服饰,裤装,服-裤-324,直播,微信支付,136.63,1,0.118,120.51,63.02,0.4771,0,0.0,C295944680
O5401836454,2025-09-11,华东,苏州,美妆,彩妆,美-彩-432,直播,微信支付,153.79,1,0.149,130.88,75.99,0.4194,0,0.0,C893609209
O4934429181,2025-09-11,华中,武汉,美妆,彩妆,美-彩-159,线下导流,微信支付,217.13,4,0.04,833.78,430.34,0.4839,0,0.0,C108775248
O9029536467,2025-09-11,华北,北京,家居,收纳,家-收-720,自然搜索,微信支付,72.08,2,0.054,136.38,84.15,0.383,0,0.0,C120575664
O6000608977,2025-09-11,华北,天津,数码,配件,数-配-362,站内推荐,支付宝,215.75,2,0.018,423.73,325.74,0.2313,0,0.0,C552227894
O8315605929,2025-09-11,华南,广州,食品,零食,食-零-446,私域,支付宝,45.39,4,0.063,184.31,113.54,0.384,0,0.0,C489879029
O5780045221,2025-09-12,西南,重庆,食品,零食,食-零-161,信息流广告,微信支付,34.93,2,0.044,75.17,52.03,0.3078,0,0.0,C857424037
O4490440207,2025-09-12,华东,杭州,服饰,上衣,服-上-918,信息流广告,支付宝,156.55,1,0.093,141.99,77.48,0.4543,0,0.0,C907526397
O9286465576,2025-09-12,西南,贵阳,数码,智能穿戴,数-智-663,站内推荐,支付宝,89.24,4,0.038,386.53,292.43,0.2434,0,0.0,C099006885
O8213320368,2025-09-12,华南,广州,服饰,裤装,服-裤-785,站内推荐,支付宝,120.34,3,0.049,372.08,205.05,0.4489,0,0.0,C836093945
O5908364403,2025-09-12,华东,杭州,数码,耳机,数-耳-861,线下导流,微信支付,193.76,1,0.041,185.82,137.58,0.2596,0,0.0,C048102371
O2873724490,2025-09-12,华南,厦门,服饰,上衣,服-上-435,直播,支付宝,112.51,2,0.103,218.74,127.0,0.4194,0,0.0,C556350981
O6154270386,2025-09-12,华东,苏州,服饰,裤装,服-裤-514,自然搜索,支付宝,166.96,4,0.116,590.37,336.91,0.4293,0,0.0,C197080462
O3269977940,2025-09-12,华北,太原,服饰,裤装,服-裤-303,直播,支付宝,131.48,3,0.132,342.37,206.61,0.3965,0,0.0,C959874999
O5166668519,2025-09-12,华北,石家庄,美妆,护肤,美-护-486,信息流广告,微信支付,180.22,1,0.026,175.53,92.69,0.4719,0,0.0,C452196443
O1008248929,2025-09-12,华中,南昌,家居,收纳,家-收-435,自然搜索,微信支付,88.91,2,0.072,165.02,106.25,0.3561,0,0.0,C362368853
O2589203346,2025-09-12,西北,西安,食品,零食,食-零-365,站内推荐,微信支付,42.12,2,0.059,79.27,53.33,0.3272,0,0.0,C240540951
O6246205379,2025-09-12,华北,石家庄,家居,厨具,家-厨-194,信息流广告,支付宝,73.65,2,0.106,131.69,84.99,0.3546,0,0.0,C999063298
O2631935602,2025-09-12,华南,深圳,数码,耳机,数-耳-852,私域,支付宝,177.16,1,0.062,180.09,133.26,0.26,0,0.0,C812822983
O2873454252,2025-09-12,东北,哈尔滨,服饰,上衣,服-上-748,直播,微信支付,146.43,3,0.113,376.06,228.65,0.392,0,0.0,C791014163
O4190282743,2025-09-12,西南,重庆,家居,清洁,家-清-551,自然搜索,支付宝,64.43,4,0.068,270.36,187.03,0.3082,0,0.0,C076243387
O2901742218,2025-09-13,华中,武汉,数码,配件,数-配-919,直播,支付宝,191.23,1,0.043,183.01,133.19,0.2722,0,0.0,C668145434
O0576995407,2025-09-13,华东,宁波,数码,耳机,数-耳-644,自然搜索,微信支付,204.26,4,0.058,769.65,609.95,0.2075,0,0.0,C187223472
O6326747763,2025-09-13,华南,深圳,数码,配件,数-配-975,直播,支付宝,184.0,1,0.074,184.71,135.89,0.2643,0,0.0,C249038811
O9598100389,2025-09-13,华南,深圳,家居,收纳,家-收-542,站内推荐,微信支付,97.07,2,0.088,191.94,120.93,0.37,0,0.0,C906308414
O7552564394,2025-09-13,西南,昆明,数码,智能穿戴,数-智-230,私域,支付宝,122.35,2,0.054,260.68,199.31,0.2354,0,0.0,C735439046
O3511976372,2025-09-13,华东,杭州,家居,收纳,家-收-978,私域,微信支付,49.77,4,0.066,185.94,112.51,0.3949,0,0.0,C688534980
O9477709076,2025-09-13,华北,太原,美妆,护肤,美-护-479,私域,银行卡,88.43,2,0.123,155.11,90.61,0.4158,0,0.0,C799185697
O9421261519,2025-09-13,华东,宁波,食品,饮料,食-饮-387,站内推荐,支付宝,53.02,1,0.085,48.51,30.42,0.3729,0,0.0,C173408999
O5826042037,2025-09-13,西北,乌鲁木齐,服饰,上衣,服-上-297,直播,支付宝,108.33,2,0.077,199.98,109.44,0.4527,0,0.0,C054256844
O2601017863,2025-09-13,西南,重庆,服饰,鞋靴,服-鞋-345,自然搜索,支付宝,136.87,3,0.053,437.88,247.32,0.4352,0,0.0,C414679461
O2607490962,2025-09-13,东北,长春,家居,收纳,家-收-605,直播,微信支付,65.29,3,0.164,158.01,104.44,0.339,0,0.0,C210072346
O8157429342,2025-09-13,西南,贵阳,家居,清洁,家-清-653,信息流广告,微信支付,107.63,4,0.15,412.09,242.74,0.411,0,0.0,C024596377
O2919290984,2025-09-13,华北,北京,服饰,上衣,服-上-429,信息流广告,银行卡,144.75,1,0.1,130.28,71.93,0.4479,0,0.0,C209998279
O5852478077,2025-09-13,华南,厦门,食品,零食,食-零-144,直播,支付宝,42.47,3,0.118,121.82,82.66,0.3215,0,0.0,C774173060
O6212046313,2025-09-13,华东,苏州,数码,耳机,数-耳-531,信息流广告,支付宝,144.92,2,0.075,268.1,195.55,0.2706,0,0.0,C566196480
O9320973781,2025-09-14,华北,太原,服饰,上衣,服-上-481,私域,微信支付,164.5,2,0.089,299.72,171.91,0.4264,0,0.0,C014741277
O5329758069,2025-09-14,华北,北京,家居,清洁,家-清-329,站内推荐,支付宝,94.57,4,0.048,360.12,234.13,0.3499,0,0.0,C398734361
O3215102726,2025-09-14,华中,郑州,食品,零食,食-零-403,直播,微信支付,58.93,3,0.099,159.29,116.68,0.2675,0,0.0,C929267124
O4989723361,2025-09-14,华北,石家庄,服饰,上衣,服-上-134,站内推荐,微信支付,122.25,3,0.034,354.28,211.79,0.4022,0,0.0,C592526757
O8540731904,2025-09-14,西南,成都,服饰,裤装,服-裤-611,信息流广告,支付宝,110.66,1,0.047,118.81,71.43,0.3988,0,0.0,C345563018
O5070727651,2025-09-14,华中,南昌,美妆,彩妆,美-彩-344,站内推荐,微信支付,121.3,2,0.095,219.55,117.54,0.4646,0,0.0,C661452952
O3328613000,2025-09-14,华南,深圳,数码,智能穿戴,数-智-193,自然搜索,微信支付,178.26,1,0.0,193.3,142.39,0.2634,0,0.0,C082864996
O0401916651,2025-09-14,华东,上海,服饰,裤装,服-裤-796,自然搜索,微信支付,190.77,1,0.117,168.45,96.68,0.4261,1,129.93,C350832294
O5299728564,2025-09-15,华东,宁波,美妆,彩妆,美-彩-584,站内推荐,支付宝,143.8,2,0.091,261.43,146.43,0.4399,0,0.0,C608555923
O3136184699,2025-09-15,华南,深圳,食品,饮料,食-饮-961,私域,支付宝,45.75,4,0.078,183.02,119.07,0.3494,0,0.0,C626737751
O9609110750,2025-09-15,华东,杭州,服饰,鞋靴,服-鞋-449,站内推荐,支付宝,145.76,4,0.061,547.47,312.55,0.4291,1,544.83,C517891488
O6634163600,2025-09-15,华东,宁波,食品,零食,食-零-594,站内推荐,支付宝,44.97,2,0.111,79.96,50.99,0.3623,0,0.0,C520817939
O7387590853,2025-09-15,华北,太原,服饰,鞋靴,服-鞋-664,自然搜索,微信支付,161.58,2,0.011,319.61,177.75,0.4439,0,0.0,C726852711
O2752274545,2025-09-15,华北,天津,家居,厨具,家-厨-276,站内推荐,微信支付,87.2,4,0.126,304.85,204.53,0.3291,0,0.0,C962589745
O2258486480,2025-09-15,西南,昆明,服饰,裤装,服-裤-692,信息流广告,银行卡,158.34,1,0.034,172.4,97.73,0.4331,0,0.0,C130854477
O4808278501,2025-09-15,华东,杭州,美妆,护肤,美-护-367,信息流广告,支付宝,191.31,1,0.109,170.46,96.13,0.4361,0,0.0,C653530513
O7054519953,2025-09-15,华东,宁波,家居,厨具,家-厨-374,自然搜索,支付宝,79.34,3,0.074,220.41,128.22,0.4183,0,0.0,C271315468
O8809209167,2025-09-15,华中,郑州,数码,智能穿戴,数-智-538,自然搜索,支付宝,239.76,4,0.051,910.13,631.33,0.3063,0,0.0,C388056186
O5927882088,2025-09-15,东北,长春,食品,零食,食-零-586,自然搜索,银行卡,24.73,2,0.065,44.61,29.84,0.3311,0,0.0,C685527870
O1069460006,2025-09-15,华东,上海,食品,饮料,食-饮-370,信息流广告,货到付款,42.14,4,0.075,155.92,101.77,0.3473,0,0.0,C757121533
O6706619574,2025-09-15,西南,昆明,数码,配件,数-配-299,直播,支付宝,298.36,3,0.144,863.56,700.29,0.1891,0,0.0,C690675838
O0290140158,2025-09-15,华东,杭州,美妆,护肤,美-护-584,站内推荐,微信支付,144.24,2,0.062,270.59,143.14,0.471,0,0.0,C120160119
O7199617637,2025-09-15,华中,武汉,服饰,鞋靴,服-鞋-723,站内推荐,支付宝,141.18,3,0.038,407.45,251.84,0.3819,0,0.0,C020679492
O1212425527,2025-09-15,华东,上海,数码,耳机,数-耳-153,自然搜索,微信支付,205.14,2,0.072,380.74,267.94,0.2963,0,0.0,C594760445
O9668627821,2025-09-15,华东,苏州,服饰,上衣,服-上-907,自然搜索,支付宝,119.52,3,0.086,327.72,205.98,0.3715,1,264.85,C567126425
O6420785586,2025-09-15,西南,重庆,服饰,上衣,服-上-179,站内推荐,微信支付,164.75,3,0.094,504.7,281.28,0.4427,0,0.0,C241453795
O6957924972,2025-09-16,华南,深圳,服饰,裤装,服-裤-751,线下导流,微信支付,132.4,3,0.002,430.12,227.05,0.4721,0,0.0,C223001908
O7967340053,2025-09-16,华中,南昌,美妆,香氛,美-香-448,线下导流,支付宝,224.45,2,0.082,412.09,225.48,0.4528,0,0.0,C550980714
O7086558480,2025-09-16,华东,南京,服饰,裤装,服-裤-281,私域,微信支付,187.25,4,0.058,705.56,417.23,0.4087,0,0.0,C287919260
O5824824324,2025-09-16,华北,北京,美妆,护肤,美-护-993,直播,银行卡,109.27,4,0.086,399.49,237.48,0.4055,0,0.0,C151234009
O3201857306,2025-09-16,华北,北京,数码,配件,数-配-197,信息流广告,支付宝,176.38,4,0.068,657.54,468.24,0.2879,1,427.02,C441254675
O7192251061,2025-09-16,华南,厦门,数码,智能穿戴,数-智-722,直播,银行卡,195.21,4,0.157,714.24,584.72,0.1813,0,0.0,C469345621
O4775151677,2025-09-16,华南,广州,家居,厨具,家-厨-445,信息流广告,微信支付,103.15,3,0.054,317.64,195.79,0.3836,0,0.0,C571014965
O7556546662,2025-09-16,华南,深圳,家居,清洁,家-清-384,站内推荐,微信支付,92.09,2,0.055,188.85,126.25,0.3315,0,0.0,C042185538
O7473399221,2025-09-16,华东,南京,服饰,鞋靴,服-鞋-770,私域,支付宝,105.83,2,0.036,204.04,103.09,0.4948,0,0.0,C358761187
O5731052574,2025-09-16,华北,太原,食品,零食,食-零-223,直播,支付宝,50.79,4,0.072,188.53,124.37,0.3403,0,0.0,C786806766
O6361175711,2025-09-16,华东,南京,数码,智能穿戴,数-智-468,站内推荐,银行卡,168.36,3,0.044,482.86,337.12,0.3018,0,0.0,C391376588
O4828507745,2025-09-16,东北,长春,美妆,香氛,美-香-436,私域,微信支付,148.86,3,0.037,414.82,236.38,0.4302,0,0.0,C131050911
O9153765732,2025-09-16,华北,太原,美妆,护肤,美-护-518,站内推荐,微信支付,190.25,4,0.049,723.71,422.87,0.4157,0,0.0,C437479031
O0477001363,2025-09-16,华中,武汉,数码,智能穿戴,数-智-875,线下导流,支付宝,254.16,4,0.075,940.39,677.97,0.2791,0,0.0,C870128662
O5277023591,2025-09-16,西南,成都,服饰,裤装,服-裤-541,自然搜索,支付宝,111.1,4,0.061,470.53,304.05,0.3538,0,0.0,C085973207
O2686379424,2025-09-16,华东,杭州,食品,速食,食-速-967,站内推荐,微信支付,46.95,3,0.086,128.74,92.08,0.2848,0,0.0,C150022477
O4709795035,2025-09-16,华东,上海,服饰,上衣,服-上-147,站内推荐,支付宝,96.19,4,0.072,357.06,216.52,0.3936,0,0.0,C771690265
O3235767872,2025-09-16,华北,天津,美妆,彩妆,美-彩-251,站内推荐,微信支付,139.12,2,0.121,244.57,134.1,0.4517,0,0.0,C546663523
O8831689169,2025-09-17,华东,苏州,服饰,鞋靴,服-鞋-911,站内推荐,支付宝,146.69,4,0.076,542.17,331.15,0.3892,0,0.0,C810069691
O8792285051,2025-09-17,华北,天津,家居,厨具,家-厨-959,私域,货到付款,76.49,4,0.022,299.23,165.64,0.4464,0,0.0,C292374396
O7077427666,2025-09-17,华北,北京,数码,耳机,数-耳-816,自然搜索,支付宝,204.79,2,0.056,386.64,300.52,0.2227,0,0.0,C027208729
O4392085121,2025-09-17,西南,成都,家居,收纳,家-收-750,自然搜索,微信支付,90.41,4,0.078,376.14,232.49,0.3819,0,0.0,C411134678
O3351465698,2025-09-17,华北,太原,数码,耳机,数-耳-458,私域,银行卡,250.61,3,0.022,735.29,550.07,0.2519,0,0.0,C230566072
O5885262192,2025-09-17,西南,贵阳,数码,智能穿戴,数-智-552,直播,微信支付,102.75,3,0.09,316.43,236.96,0.2511,0,0.0,C251885440
O0316813315,2025-09-17,华北,石家庄,数码,智能穿戴,数-智-547,自然搜索,支付宝,85.45,3,0.032,248.15,191.15,0.2297,0,0.0,C193369129
O0001441641,2025-09-17,华中,武汉,美妆,彩妆,美-彩-203,自然搜索,微信支付,123.15,1,0.104,110.34,52.66,0.5227,0,0.0,C778912394
O6231558078,2025-09-17,华东,杭州,美妆,护肤,美-护-388,线下导流,微信支付,175.75,4,0.074,650.98,347.34,0.4664,0,0.0,C767625268
O3400956377,2025-09-17,华北,太原,数码,耳机,数-耳-749,直播,支付宝,281.19,2,0.11,500.52,382.98,0.2348,0,0.0,C054832634
O8050764494,2025-09-17,华东,宁波,美妆,香氛,美-香-578,自然搜索,微信支付,159.23,2,0.056,300.63,154.83,0.485,0,0.0,C939115933
O7669958067,2025-09-17,东北,沈阳,服饰,裤装,服-裤-324,信息流广告,支付宝,171.68,1,0.099,149.18,98.67,0.3386,0,0.0,C632070899
O6529661352,2025-09-17,华东,苏州,食品,饮料,食-饮-519,自然搜索,微信支付,62.77,3,0.041,180.59,121.82,0.3254,0,0.0,C506073953
O0798139577,2025-09-17,西北,银川,家居,厨具,家-厨-357,站内推荐,支付宝,110.85,3,0.082,305.28,209.47,0.3138,0,0.0,C344911665
O8662284698,2025-09-17,华东,杭州,食品,饮料,食-饮-973,自然搜索,支付宝,56.23,4,0.082,206.48,126.55,0.3871,0,0.0,C667968996
O0252403271,2025-09-17,华北,太原,食品,零食,食-零-431,自然搜索,支付宝,53.47,4,0.123,187.57,128.09,0.3171,1,134.55,C277329083
O2132796882,2025-09-17,华中,南昌,美妆,香氛,美-香-866,站内推荐,银行卡,172.76,1,0.025,168.44,90.53,0.4625,0,0.0,C989695778
O0348609490,2025-09-18,华南,深圳,数码,智能穿戴,数-智-457,自然搜索,微信支付,152.0,3,0.06,465.38,347.93,0.2524,0,0.0,C704720120
O5631892695,2025-09-18,华南,厦门,美妆,护肤,美-护-577,信息流广告,支付宝,113.6,1,0.146,105.33,57.26,0.4564,0,0.0,C074670882
O1783728320,2025-09-18,华北,太原,服饰,鞋靴,服-鞋-823,线下导流,微信支付,168.65,3,0.085,462.94,244.96,0.4709,0,0.0,C418669724
O9442696691,2025-09-18,华北,石家庄,服饰,上衣,服-上-440,直播,银行卡,98.61,3,0.147,252.34,143.46,0.4315,0,0.0,C319576832
O9131581038,2025-09-18,华北,北京,家居,清洁,家-清-582,自然搜索,微信支付,46.1,4,,171.68,114.31,0.3342,0,0.0,C336852158
O4597781481,2025-09-18,华东,上海,数码,配件,数-配-668,站内推荐,支付宝,130.33,3,0.051,371.05,278.74,0.2488,0,0.0,C209315870
O7117210084,2025-09-18,华东,苏州,服饰,鞋靴,服-鞋-791,自然搜索,微信支付,154.44,2,0.037,297.45,172.5,0.4201,0,0.0,C093863839
O5625099238,2025-09-18,华南,佛山,美妆,护肤,美-护-385,站内推荐,微信支付,172.75,3,0.1,506.4,325.21,0.3578,0,0.0,C369967863
O3261572357,2025-09-18,华北,北京,数码,耳机,数-耳-404,自然搜索,微信支付,189.56,1,0.067,176.86,131.59,0.256,0,0.0,C393517568
O4255256886,2025-09-18,华南,广州,数码,智能穿戴,数-智-364,信息流广告,支付宝,272.29,2,,561.7,404.88,0.2792,0,0.0,C827768755
O6066061007,2025-09-18,西南,昆明,服饰,鞋靴,服-鞋-617,自然搜索,银行卡,119.31,3,0.078,372.44,211.9,0.431,0,0.0,C436190271
O4212592445,2025-09-18,华南,深圳,家居,清洁,家-清-382,站内推荐,微信支付,107.46,4,0.03,452.68,290.45,0.3584,0,0.0,C822104161
O7532462197,2025-09-18,华南,佛山,数码,配件,数-配-882,私域,货到付款,205.16,3,0.05,634.82,473.84,0.2536,1,521.25,C110810045
O8795035254,2025-09-18,华东,宁波,美妆,香氛,美-香-602,线下导流,支付宝,144.36,3,0.046,413.16,233.51,0.4348,0,0.0,C194346205
O7969213703,2025-09-19,华东,上海,食品,饮料,食-饮-655,自然搜索,微信支付,76.29,4,0.025,297.53,196.5,0.3396,0,0.0,C662233038
O8723646320,2025-09-19,华东,宁波,数码,智能穿戴,数-智-854,信息流广告,支付宝,155.13,1,0.124,135.89,104.93,0.2278,0,0.0,C769360994
O2369012408,2025-09-19,华东,南京,数码,智能穿戴,数-智-762,线下导流,微信支付,181.38,1,0.014,178.84,127.12,0.2892,0,0.0,C248536039
O0155664481,2025-09-19,华南,佛山,数码,耳机,数-耳-434,信息流广告,微信支付,176.08,1,0.119,168.47,123.34,0.2679,0,0.0,C222002958
O2247571906,2025-09-19,西南,贵阳,食品,零食,食-零-993,站内推荐,微信支付,53.99,2,0.037,117.41,79.38,0.3239,0,0.0,C044440959
O6309081453,2025-09-19,华南,广州,家居,厨具,家-厨-531,信息流广告,微信支付,75.07,1,0.101,73.29,45.24,0.3827,0,0.0,C274701538
O6362033423,2025-09-19,华北,天津,家居,清洁,家-清-667,站内推荐,微信支付,88.39,2,0.069,164.58,90.88,0.4478,0,0.0,C511934857
O2456604584,2025-09-19,华南,厦门,家居,清洁,家-清-107,信息流广告,微信支付,94.94,4,0.052,390.99,226.69,0.4202,0,0.0,C774800622
O8812720697,2025-09-19,西北,乌鲁木齐,食品,速食,食-速-995,私域,微信支付,31.24,3,0.052,88.85,59.74,0.3276,0,0.0,C563415927
O9916859494,2025-09-19,华北,天津,食品,速食,食-速-271,信息流广告,货到付款,41.1,2,0.106,73.49,49.57,0.3255,0,0.0,C679192540
O5298592877,2025-09-19,华东,宁波,家居,清洁,家-清-869,自然搜索,支付宝,72.73,2,0.118,128.3,81.6,0.364,0,0.0,C171773803
O0240811645,2025-09-19,华北,太原,美妆,彩妆,美-彩-936,站内推荐,微信支付,120.41,1,0.097,108.73,56.51,0.4803,0,0.0,C096182000
O5419658355,2025-09-19,华南,深圳,数码,配件,数-配-143,自然搜索,银行卡,187.02,4,0.074,752.33,593.03,0.2117,0,0.0,C556869966
O1442293070,2025-09-19,华东,南京,数码,配件,数-配-403,私域,微信支付,142.28,1,0.064,133.17,100.26,0.2471,0,0.0,C464399186
O6116644520,2025-09-20,华北,天津,美妆,香氛,美-香-782,私域,支付宝,183.15,3,0.041,526.92,318.32,0.3959,0,0.0,C815330894
O7674458768,2025-09-20,华南,佛山,食品,速食,食-速-618,线下导流,微信支付,45.6,3,0.017,146.09,94.47,0.3533,0,0.0,C828649389
O9956212464,2025-09-20,华中,武汉,食品,饮料,食-饮-344,站内推荐,支付宝,60.14,3,0.041,173.02,115.06,0.335,0,0.0,C512625373
O3537731311,2025-09-20,东北,沈阳,数码,配件,数-配-787,私域,微信支付,236.11,4,0.135,787.54,568.73,0.2778,0,0.0,C871655834
O0904476407,2025-09-20,华东,南京,家居,清洁,家-清-366,信息流广告,微信支付,84.01,4,0.093,304.79,187.82,0.3838,0,0.0,C191072056
O1219252944,2025-09-20,华南,深圳,家居,清洁,家-清-941,私域,微信支付,93.51,3,0.052,288.91,170.07,0.4113,0,0.0,C945363436
O9482459463,2025-09-20,华南,佛山,数码,智能穿戴,数-智-888,自然搜索,微信支付,190.49,3,0.041,595.38,464.26,0.2202,0,0.0,C766305862
O5721163088,2025-09-20,华东,杭州,数码,配件,数-配-475,站内推荐,微信支付,270.53,4,0.053,1024.77,730.51,0.2871,0,0.0,C472149891
O1079477149,2025-09-20,华东,南京,食品,零食,食-零-909,线下导流,微信支付,65.85,3,0.126,172.66,107.95,0.3748,0,0.0,C846039247
O6107947312,2025-09-20,华中,武汉,食品,速食,食-速-141,站内推荐,微信支付,40.25,1,0.098,36.31,25.05,0.3101,0,0.0,C886007023
O7010088390,2025-09-20,西南,重庆,服饰,裤装,服-裤-151,信息流广告,银行卡,146.19,2,0.073,306.15,167.63,0.4525,1,266.27,C364053648
O7404418405,2025-09-20,华南,深圳,家居,清洁,家-清-948,站内推荐,支付宝,86.31,4,0.03,363.81,248.34,0.3174,0,0.0,C718117294
O1504281053,2025-09-20,华北,北京,家居,厨具,家-厨-153,直播,支付宝,54.79,4,0.108,195.49,111.29,0.4307,0,0.0,C452019649
O1550253771,2025-09-20,华东,上海,家居,清洁,家-清-988,直播,银行卡,63.95,1,0.114,56.66,35.8,0.3682,0,0.0,C035428400
O5385567918,2025-09-20,华东,杭州,服饰,上衣,服-上-561,信息流广告,微信支付,102.71,4,0.058,387.01,183.91,0.5248,0,0.0,C194931213
O1292174683,2025-09-20,西南,贵阳,家居,清洁,家-清-506,信息流广告,支付宝,93.31,4,0.172,349.08,218.47,0.3742,0,0.0,C033956370
O9940950620,2025-09-21,西北,兰州,美妆,护肤,美-护-316,自然搜索,支付宝,169.04,4,0.06,635.59,334.74,0.4733,0,0.0,C790539870
O9971263774,2025-09-21,华东,宁波,美妆,护肤,美-护-765,自然搜索,支付宝,108.44,2,0.079,199.75,104.37,0.4775,0,0.0,C527015012
O7827587758,2025-09-21,华南,深圳,服饰,鞋靴,服-鞋-896,自然搜索,微信支付,117.26,2,0.085,233.19,136.96,0.4127,0,0.0,C931164050
O5758807533,2025-09-21,华东,上海,家居,收纳,家-收-304,站内推荐,支付宝,78.78,4,0.1,283.61,177.14,0.3754,0,0.0,C896649738
O1159793150,2025-09-21,西南,成都,美妆,护肤,美-护-478,站内推荐,微信支付,126.57,3,0.04,411.93,212.75,0.4835,0,0.0,C962318395
O6172427866,2025-09-21,华中,武汉,服饰,裤装,服-裤-849,私域,银行卡,51.11,3,0.073,142.14,82.47,0.4198,0,0.0,C952740630
O9192638246,2025-09-21,东北,大连,数码,配件,数-配-370,站内推荐,支付宝,134.35,1,0.044,123.8,96.69,0.219,0,0.0,C137989872
O1102733514,2025-09-21,西北,西安,服饰,裤装,服-裤-396,直播,银行卡,70.09,2,0.135,121.26,69.3,0.4285,0,0.0,C308077385
O9914156068,2025-09-21,华东,苏州,服饰,上衣,服-上-940,私域,银行卡,100.13,2,0.063,187.64,108.84,0.42,0,0.0,C491028910
O1197067387,2025-09-21,华中,长沙,家居,清洁,家-清-889,站内推荐,微信支付,67.51,2,0.037,130.02,77.79,0.4017,0,0.0,C343787379
O9599087856,2025-09-21,华东,杭州,美妆,彩妆,美-彩-457,线下导流,支付宝,232.94,3,0.004,696.02,395.57,0.4317,0,0.0,C052215707
O4983422207,2025-09-21,西北,乌鲁木齐,美妆,香氛,美-香-655,直播,支付宝,143.13,2,0.072,265.65,154.96,0.4167,0,0.0,C124376047
O4958599381,2025-09-21,华北,北京,数码,智能穿戴,数-智-688,信息流广告,支付宝,222.05,2,0.089,404.58,306.38,0.2427,0,0.0,C341023450
O5536149516,2025-09-21,华南,佛山,服饰,鞋靴,服-鞋-434,信息流广告,支付宝,127.56,1,0.074,128.36,71.8,0.4406,0,0.0,C831276620
O4819971512,2025-09-21,华东,上海,数码,智能穿戴,数-智-978,站内推荐,货到付款,232.62,2,0.067,434.07,293.69,0.3234,0,0.0,C737424689
O5801586694,2025-09-21,华中,长沙,数码,耳机,数-耳-733,私域,支付宝,290.76,4,0.078,1072.32,819.64,0.2356,0,0.0,C258593674
O0760487191,2025-09-21,华东,上海,服饰,上衣,服-上-387,私域,微信支付,115.59,3,0.056,327.35,181.73,0.4448,0,0.0,C785011000
O0597785670,2025-09-21,华北,天津,家居,收纳,家-收-511,信息流广告,支付宝,64.27,2,0.08,118.26,64.37,0.4557,0,0.0,C225511818
O9060408868,2025-09-22,西南,贵阳,家居,清洁,家-清-543,站内推荐,微信支付,68.7,4,0.066,290.17,185.17,0.3619,0,0.0,C297832741
O2499063889,2025-09-22,华南,深圳,家居,清洁,家-清-478,自然搜索,支付宝,77.5,3,0.089,230.24,148.6,0.3546,0,0.0,C750041575
O5122560683,2025-09-22,华东,苏州,美妆,彩妆,美-彩-316,站内推荐,支付宝,195.73,2,0.053,370.71,190.15,0.4871,0,0.0,C383841396
O6100584464,2025-09-22,东北,大连,美妆,彩妆,美-彩-465,私域,微信支付,171.7,2,0.073,306.79,169.28,0.4482,0,0.0,C818414777
O7017860060,2025-09-22,华北,北京,食品,零食,食-零-360,直播,银行卡,25.2,4,0.073,93.44,68.63,0.2655,0,0.0,C088381652
O0614148662,2025-09-22,华东,苏州,数码,耳机,数-耳-452,私域,微信支付,239.56,3,0.012,710.06,517.96,0.2705,0,0.0,C207491804
O9523065464,2025-09-22,华北,石家庄,家居,收纳,家-收-542,直播,支付宝,61.54,3,0.079,170.04,92.64,0.4552,0,0.0,C055623250
O2549116956,2025-09-22,华东,宁波,家居,清洁,家-清-803,自然搜索,支付宝,73.94,4,0.08,272.1,160.38,0.4106,0,0.0,C000440965
O2891539709,2025-09-22,华南,深圳,家居,收纳,家-收-963,信息流广告,微信支付,16.92,3,0.124,48.34,33.45,0.308,0,0.0,C365359890
O8539609080,2025-09-22,西南,重庆,食品,饮料,食-饮-334,自然搜索,银行卡,38.22,4,0.045,165.06,109.25,0.3381,0,0.0,C600226059
O2036857672,2025-09-22,华南,深圳,数码,耳机,数-耳-669,自然搜索,支付宝,195.48,1,0.1,191.24,138.18,0.2775,0,0.0,C695996044
O8564040417,2025-09-22,西南,成都,食品,饮料,食-饮-905,信息流广告,微信支付,29.66,4,0.076,123.93,87.75,0.2919,0,0.0,C758594040
O2375354285,2025-09-22,华北,太原,服饰,鞋靴,服-鞋-220,私域,微信支付,145.52,2,0.119,256.41,154.02,0.3993,0,0.0,C160494506
O5679568747,2025-09-22,华东,苏州,服饰,鞋靴,服-鞋-484,私域,支付宝,103.3,2,0.088,188.42,103.46,0.4509,0,0.0,C140346360
O0121321032,2025-09-22,华南,广州,家居,清洁,家-清-185,直播,微信支付,91.32,3,0.043,285.0,198.81,0.3024,0,0.0,C323192871
O6578068205,2025-09-22,华南,广州,食品,零食,食-零-381,直播,支付宝,53.57,3,0.043,167.19,110.75,0.3376,0,0.0,C503601244
O1478861378,2025-09-22,西南,成都,美妆,彩妆,美-彩-231,线下导流,微信支付,196.93,1,0.055,210.39,103.44,0.5083,1,136.04,C033876407
O4998150809,2025-09-23,华南,广州,美妆,香氛,美-香-631,自然搜索,微信支付,133.48,1,0.057,136.87,75.07,0.4515,0,0.0,C168328620
O5753083514,2025-09-23,西南,重庆,家居,清洁,家-清-205,私域,支付宝,84.17,1,0.097,85.97,53.72,0.3751,0,0.0,C598982040
O5815333447,2025-09-23,西南,昆明,服饰,上衣,服-上-475,直播,支付宝,134.64,3,0.07,424.87,264.05,0.3785,0,0.0,C845146705
O7602416314,2025-09-23,华南,佛山,家居,清洁,家-清-635,信息流广告,微信支付,67.6,2,0.113,130.4,83.72,0.358,0,0.0,C911114012
O3470406154,2025-09-23,华中,长沙,家居,厨具,家-厨-229,直播,微信支付,80.74,4,0.1,290.66,177.54,0.3892,0,0.0,C581636303
O2557192097,2025-09-23,华南,深圳,食品,零食,食-零-663,自然搜索,支付宝,48.25,1,0.088,47.85,32.11,0.3289,0,0.0,C898902944
O9168681504,2025-09-23,华东,南京,家居,收纳,家-收-796,信息流广告,支付宝,78.47,2,0.047,149.56,92.47,0.3817,0,0.0,C146919079
O4788432851,2025-09-23,华中,南昌,美妆,香氛,美-香-316,站内推荐,支付宝,206.72,2,0.079,380.78,220.29,0.4215,0,0.0,C100707987
O9972613310,2025-09-23,华中,武汉,服饰,裤装,服-裤-440,站内推荐,微信支付,97.41,1,0.032,94.29,58.36,0.3811,0,0.0,C285491146
O2985678113,2025-09-23,华南,厦门,数码,耳机,数-耳-497,站内推荐,货到付款,199.86,3,0.068,607.63,469.21,0.2278,0,0.0,C120922635
O9978549570,2025-09-23,西南,贵阳,家居,厨具,家-厨-312,站内推荐,微信支付,107.95,1,0.045,116.6,76.62,0.3429,1,113.43,C184066204
O2394414929,2025-09-23,华北,太原,家居,清洁,家-清-160,自然搜索,微信支付,98.45,2,0.041,188.83,115.47,0.3885,0,0.0,C729838707
O6055769425,2025-09-23,华中,长沙,数码,智能穿戴,数-智-455,线下导流,微信支付,227.01,3,0.076,629.27,488.63,0.2235,0,0.0,C116859566
O4569211793,2025-09-23,西南,昆明,食品,零食,食-零-265,自然搜索,支付宝,56.46,3,0.046,182.76,122.1,0.3319,0,0.0,C492055052
O8880694008,2025-09-24,华北,太原,食品,零食,食-零-825,站内推荐,微信支付,41.36,1,0.12,36.4,27.07,0.2563,0,0.0,C819633231
O1247390621,2025-09-24,西南,重庆,数码,配件,数-配-939,自然搜索,微信支付,195.74,4,0.036,854.06,627.88,0.2648,0,0.0,C450680598
O8233851226,2025-09-24,西南,重庆,美妆,彩妆,美-彩-518,站内推荐,微信支付,170.99,3,0.128,506.15,277.75,0.4512,0,0.0,C574036308
O5451640609,2025-09-24,华东,上海,数码,智能穿戴,数-智-876,线下导流,微信支付,222.34,1,0.089,202.55,151.8,0.2506,0,0.0,C245684199
O7025423086,2025-09-24,华南,厦门,数码,配件,数-配-356,私域,货到付款,78.25,2,0.033,164.61,120.1,0.2704,0,0.0,C838339316
O8642853842,2025-09-24,西南,重庆,服饰,上衣,服-上-676,直播,支付宝,153.21,3,0.083,476.92,274.37,0.4247,0,0.0,C472148882
O5091331144,2025-09-24,华北,天津,美妆,彩妆,美-彩-805,信息流广告,支付宝,218.6,3,0.081,602.68,315.62,0.4763,0,0.0,C429831478
O0257320580,2025-09-24,西北,西安,美妆,香氛,美-香-875,自然搜索,支付宝,217.26,4,0.012,858.61,409.56,0.523,0,0.0,C619169154
O2890576641,2025-09-24,华南,厦门,家居,厨具,家-厨-630,自然搜索,支付宝,67.13,2,0.027,142.09,86.61,0.3905,0,0.0,C156643881
O9751976798,2025-09-24,西南,贵阳,家居,清洁,家-清-407,自然搜索,支付宝,105.7,1,0.069,111.35,67.14,0.397,0,0.0,C258624249
O7790471964,2025-09-24,华北,太原,服饰,裤装,服-裤-125,私域,银行卡,166.31,4,0.064,622.66,337.0,0.4588,0,0.0,C049672317
O0763533675,2025-09-24,华东,宁波,美妆,彩妆,美-彩-371,私域,微信支付,236.99,2,0.067,442.22,217.1,0.5091,0,0.0,C250270978
O6599559859,2025-09-24,华南,深圳,家居,厨具,家-厨-210,站内推荐,支付宝,69.12,1,0.05,71.42,48.19,0.3253,0,0.0,C048383737
O0275563477,2025-09-24,东北,大连,服饰,上衣,服-上-644,自然搜索,支付宝,127.56,2,0.063,230.31,113.39,0.5077,0,0.0,C911808049
O7939507402,2025-09-24,华北,石家庄,家居,清洁,家-清-697,自然搜索,微信支付,55.98,2,0.06,105.24,64.17,0.3903,0,0.0,C554577568
O0364306311,2025-09-24,华北,北京,食品,饮料,食-饮-129,站内推荐,支付宝,28.7,1,0.024,28.01,18.38,0.3438,0,0.0,C731558414
O4723152466,2025-09-24,华北,天津,服饰,鞋靴,服-鞋-823,信息流广告,支付宝,145.08,1,0.0,145.08,88.18,0.3922,0,0.0,C498705915
O5149663931,2025-09-24,华北,北京,家居,收纳,家-收-981,信息流广告,支付宝,63.65,4,0.127,222.27,135.91,0.3885,0,0.0,C077052184
O1651674062,2025-09-25,华南,厦门,服饰,上衣,服-上-270,直播,微信支付,100.63,2,0.107,195.54,107.92,0.4481,0,0.0,C693684479
O4754939616,2025-09-25,华南,广州,美妆,护肤,美-护-520,私域,支付宝,206.54,3,0.005,670.79,349.79,0.4785,0,0.0,C814845705
O8483217122,2025-09-25,西南,昆明,美妆,彩妆,美-彩-825,站内推荐,微信支付,126.3,2,0.074,264.79,158.03,0.4032,0,0.0,C634044189
O2342927507,2025-09-25,华北,天津,服饰,上衣,服-上-976,站内推荐,银行卡,84.09,3,0.081,231.84,144.75,0.3756,0,0.0,C013460800
O9399057296,2025-09-25,华南,深圳,数码,配件,数-配-383,自然搜索,支付宝,209.35,3,0.082,627.3,484.2,0.2281,0,0.0,C771819669
O2287852561,2025-09-25,西南,重庆,家居,厨具,家-厨-763,直播,银行卡,87.25,3,0.099,266.97,167.82,0.3714,0,0.0,C941760313
O1869925975,2025-09-25,华东,宁波,食品,零食,食-零-715,线下导流,货到付款,53.47,1,0.069,49.78,33.6,0.325,0,0.0,C717841015
O8438210388,2025-09-25,华南,深圳,数码,配件,数-配-332,信息流广告,支付宝,196.64,4,0.08,787.33,555.25,0.2948,0,0.0,C093102361
O8427076455,2025-09-25,华东,苏州,数码,智能穿戴,数-智-479,线下导流,银行卡,145.83,2,0.025,284.37,223.37,0.2145,0,0.0,C295467424
O6488246242,2025-09-25,华东,苏州,数码,配件,数-配-503,自然搜索,支付宝,250.1,2,0.07,465.19,343.26,0.2621,0,0.0,C206470893
O3386072943,2025-09-25,华东,南京,食品,速食,食-速-282,站内推荐,支付宝,67.33,2,0.019,132.1,89.14,0.3252,0,0.0,C117935996
O6325157391,2025-09-25,华北,太原,家居,清洁,家-清-369,信息流广告,支付宝,50.86,3,0.094,138.24,89.72,0.351,0,0.0,C953089025
O0226728005,2025-09-25,华北,石家庄,家居,清洁,家-清-666,私域,微信支付,80.44,2,0.029,156.21,102.69,0.3426,0,0.0,C925819615
O6319519919,2025-09-25,华东,上海,服饰,裤装,服-裤-385,自然搜索,微信支付,102.93,4,0.105,368.49,238.34,0.3532,0,0.0,C612148748
O3529918581,2025-09-25,东北,沈阳,食品,速食,食-速-368,站内推荐,支付宝,60.77,1,0.088,53.39,39.5,0.2602,0,0.0,C683392824
O5638474032,2025-09-25,华东,上海,数码,耳机,数-耳-130,直播,微信支付,260.2,1,0.097,234.96,174.88,0.2557,0,0.0,C236825403
O3691185252,2025-09-26,西南,贵阳,家居,厨具,家-厨-431,自然搜索,银行卡,102.77,3,0.008,346.38,219.6,0.366,0,0.0,C483696394
O8115716110,2025-09-26,华南,广州,数码,耳机,数-耳-278,自然搜索,微信支付,207.88,3,0.053,642.77,462.28,0.2808,0,0.0,C935156352
O6313596118,2025-09-26,华北,北京,家居,清洁,家-清-182,线下导流,微信支付,74.66,1,0.084,68.39,40.77,0.4039,0,0.0,C832087691
O2722171696,2025-09-26,华北,太原,美妆,彩妆,美-彩-351,站内推荐,支付宝,126.84,3,0.033,367.96,201.96,0.4511,0,0.0,C329105088
O0271885670,2025-09-26,华南,佛山,服饰,鞋靴,服-鞋-587,站内推荐,微信支付,122.54,3,0.074,370.49,222.66,0.399,0,0.0,C489240103
O4560139628,2025-09-26,华东,南京,服饰,鞋靴,服-鞋-869,自然搜索,微信支付,76.44,4,0.063,286.5,168.59,0.4116,0,0.0,C700347536
O9426025193,2025-09-26,西南,昆明,数码,耳机,数-耳-831,自然搜索,支付宝,101.16,3,0.0,343.7,251.89,0.2671,0,0.0,C790202574
O2072610915,2025-09-26,华南,佛山,美妆,护肤,美-护-772,信息流广告,微信支付,67.11,3,0.084,200.71,118.83,0.408,0,0.0,C629800914
O7947894193,2025-09-26,华南,佛山,食品,速食,食-速-214,自然搜索,微信支付,36.07,1,0.104,35.17,21.31,0.3941,0,0.0,C028369653
O3446564100,2025-09-26,华东,宁波,服饰,裤装,服-裤-959,信息流广告,微信支付,156.1,4,0.075,577.57,337.42,0.4158,0,0.0,C542643011
O8656258953,2025-09-26,华北,石家庄,食品,速食,食-速-756,私域,支付宝,32.13,1,0.076,29.69,20.57,0.3072,0,0.0,C222549699
O6077586501,2025-09-26,华东,上海,美妆,香氛,美-香-678,自然搜索,微信支付,95.65,1,0.051,90.77,53.62,0.4093,0,0.0,C695941670
O0349401333,2025-09-26,华中,郑州,家居,厨具,家-厨-693,自然搜索,支付宝,51.86,2,0.029,100.71,60.71,0.3972,0,0.0,C490239640
O8381274674,2025-09-26,西南,重庆,服饰,上衣,服-上-294,私域,支付宝,124.96,3,0.013,419.04,246.78,0.4111,0,0.0,C044966534
O9149903167,2025-09-26,华南,厦门,服饰,上衣,服-上-230,自然搜索,支付宝,138.58,1,0.047,143.74,89.55,0.377,0,0.0,C590090956
O1709939538,2025-09-26,华东,南京,家居,收纳,家-收-866,私域,微信支付,64.1,2,0.069,119.35,71.25,0.403,0,0.0,C345288982
O8195515149,2025-09-26,华北,太原,家居,清洁,家-清-571,信息流广告,货到付款,70.87,1,0.078,65.34,41.07,0.3714,0,0.0,C210479161
O8542638889,2025-09-26,华南,广州,家居,厨具,家-厨-872,私域,银行卡,92.33,2,0.009,199.17,116.05,0.4173,0,0.0,C371743832
O9568487593,2025-09-26,华北,太原,美妆,护肤,美-护-402,信息流广告,支付宝,180.93,3,0.075,502.08,287.77,0.4268,0,0.0,C975725719
O7250073496,2025-09-26,华北,天津,食品,零食,食-零-795,自然搜索,微信支付,58.85,3,0.097,159.42,104.69,0.3433,0,0.0,C559319086
O0879810984,2025-09-27,华南,,数码,智能穿戴,数-智-591,直播,支付宝,212.18,1,0.081,212.29,166.22,0.217,0,0.0,C512325322
O9357906559,2025-09-27,华东,苏州,食品,零食,食-零-475,自然搜索,支付宝,25.32,1,0.067,23.62,15.52,0.3429,0,0.0,C286477050
O9665934436,2025-09-27,华东,杭州,服饰,裤装,服-裤-858,自然搜索,微信支付,203.85,2,0.051,386.91,242.73,0.3726,0,0.0,C068228286
O0007181185,2025-09-27,东北,哈尔滨,家居,收纳,家-收-491,私域,微信支付,85.47,2,0.111,146.35,87.46,0.4024,0,0.0,C012223402
O7770289457,2025-09-27,华东,上海,服饰,鞋靴,服-鞋-155,信息流广告,支付宝,147.33,2,0.081,270.79,168.09,0.3793,0,0.0,C439796063
O3529814634,2025-09-27,华中,南昌,服饰,上衣,服-上-694,信息流广告,微信支付,139.6,3,0.066,391.16,219.26,0.4395,0,0.0,C040810440
O8628871592,2025-09-27,华北,石家庄,服饰,上衣,服-上-966,直播,微信支付,145.51,3,0.069,406.41,234.21,0.4237,0,0.0,C845929870
O4230887796,2025-09-27,华东,上海,食品,速食,食-速-828,自然搜索,支付宝,39.29,3,0.053,111.62,75.54,0.3232,0,0.0,C301483495
O4755820775,2025-09-27,西南,昆明,美妆,彩妆,美-彩-732,信息流广告,微信支付,146.85,1,0.083,152.57,84.03,0.4492,0,0.0,C154820623
O9801490284,2025-09-27,华东,苏州,家居,收纳,家-收-954,自然搜索,支付宝,61.4,2,0.042,117.64,75.2,0.3608,0,0.0,C381118161
O4735258388,2025-09-27,华北,天津,美妆,护肤,美-护-621,私域,微信支付,225.87,3,0.101,609.17,346.93,0.4305,0,0.0,C698699374
O4906739514,2025-09-27,华北,太原,服饰,鞋靴,服-鞋-429,直播,微信支付,177.63,3,0.071,495.05,303.7,0.3865,0,0.0,C882301758
O1654255348,2025-09-27,华中,郑州,家居,收纳,家-收-952,自然搜索,微信支付,80.45,4,0.028,312.79,185.52,0.4069,0,0.0,C554859249
O3707660189,2025-09-27,东北,沈阳,数码,配件,数-配-330,站内推荐,支付宝,291.51,3,0.0,842.22,615.15,0.2696,0,0.0,C605547463
O5124985776,2025-09-27,西南,贵阳,数码,智能穿戴,数-智-201,站内推荐,银行卡,205.52,4,0.07,866.23,711.05,0.1791,0,0.0,C980308092
O8385127524,2025-09-27,东北,沈阳,食品,速食,食-速-447,站内推荐,银行卡,61.04,2,0.045,112.28,67.64,0.3976,0,0.0,C188953155
O9449626237,2025-09-27,西南,重庆,家居,厨具,家-厨-131,直播,微信支付,59.55,1,0.158,56.81,32.8,0.4226,0,0.0,C620505489
O4122965855,2025-09-27,东北,沈阳,美妆,护肤,美-护-871,私域,支付宝,168.14,1,0.075,149.78,83.61,0.4418,0,0.0,C078697017
O8950814369,2025-09-27,西北,兰州,服饰,鞋靴,服-鞋-680,直播,支付宝,167.3,3,0.068,467.77,264.27,0.435,0,0.0,C601039046
O0093964709,2025-09-27,华南,厦门,服饰,上衣,服-上-577,自然搜索,银行卡,178.81,3,0.003,582.25,322.13,0.4467,0,0.0,C937234268
O5052260479,2025-09-27,华中,南昌,家居,收纳,家-收-303,直播,微信支付,127.31,4,0.08,468.5,336.42,0.2819,0,0.0,C910984494
O1173242550,2025-09-27,华南,深圳,数码,耳机,数-耳-211,直播,微信支付,214.64,1,0.073,216.62,159.63,0.2631,0,0.0,C071098408
O5039363629,2025-09-28,华中,南昌,服饰,上衣,服-上-386,线下导流,支付宝,114.86,3,0.05,327.35,203.08,0.3796,0,0.0,C320774145
O5284466936,2025-09-28,华南,佛山,食品,饮料,食-饮-538,自然搜索,支付宝,48.02,2,0.046,99.78,64.37,0.3549,0,0.0,C005027733
O4334455650,2025-09-28,华北,天津,美妆,彩妆,美-彩-483,自然搜索,支付宝,74.53,4,0.047,284.11,160.85,0.4338,0,0.0,C740836821
O8931593376,2025-09-28,西北,银川,服饰,裤装,服-裤-412,站内推荐,支付宝,112.1,3,0.017,330.58,190.88,0.4226,0,0.0,C206924444
O1950884881,2025-09-28,华北,太原,数码,配件,数-配-852,信息流广告,微信支付,195.16,3,0.083,536.89,376.24,0.2992,0,0.0,C569010952
O6719782626,2025-09-28,华南,厦门,食品,饮料,食-饮-644,直播,微信支付,63.46,2,0.074,127.99,88.6,0.3078,0,0.0,C009176308
O8077847960,2025-09-28,华东,南京,家居,清洁,家-清-316,线下导流,支付宝,78.68,2,0.084,144.14,87.03,0.3962,0,0.0,C346904839
O9446543897,2025-09-28,华北,北京,数码,配件,数-配-614,自然搜索,微信支付,249.49,2,0.109,444.59,343.29,0.2279,0,0.0,C907593923
O8695461038,2025-09-28,华南,广州,家居,收纳,家-收-358,自然搜索,微信支付,71.55,1,0.038,74.96,45.46,0.3935,0,0.0,C333713991
O4360871827,2025-09-28,东北,长春,数码,配件,数-配-366,信息流广告,支付宝,204.32,4,0.091,715.35,476.15,0.3344,0,0.0,C756480179
O4817794135,2025-09-28,华南,厦门,数码,耳机,数-耳-198,站内推荐,微信支付,158.56,4,0.013,681.72,478.83,0.2976,0,0.0,C634631706
O5026341659,2025-09-28,西南,重庆,服饰,裤装,服-裤-367,信息流广告,支付宝,118.07,3,,363.76,210.4,0.4216,0,0.0,C184966975
O9703834325,2025-09-28,华东,杭州,数码,配件,数-配-724,自然搜索,支付宝,188.71,2,0.064,353.27,285.54,0.1917,0,0.0,C070170373
O7996519310,2025-09-28,华北,天津,服饰,裤装,服-裤-992,自然搜索,支付宝,150.7,2,0.052,285.73,165.73,0.42,0,0.0,C510276299
O1507747000,2025-09-28,华东,宁波,美妆,彩妆,美-彩-867,信息流广告,微信支付,121.67,2,0.098,219.49,127.67,0.4183,0,0.0,C502919737
O4217334122,2025-09-29,华东,,美妆,彩妆,美-彩-510,信息流广告,支付宝,88.37,3,0.098,239.13,132.18,0.4472,0,0.0,C969820436
O9444229688,2025-09-29,华东,杭州,数码,智能穿戴,数-智-334,自然搜索,支付宝,205.82,1,0.037,198.2,134.47,0.3215,0,0.0,C842182831
O8612209877,2025-09-29,华北,太原,食品,零食,食-零-389,线下导流,微信支付,47.33,4,0.115,167.55,122.45,0.2692,0,0.0,C872241572
O0224583787,2025-09-29,华东,南京,数码,耳机,数-耳-812,直播,支付宝,213.3,2,0.081,392.05,293.71,0.2508,0,0.0,C983990998
O8699255981,2025-09-29,华东,宁波,数码,耳机,数-耳-692,直播,微信支付,174.68,4,0.05,663.78,510.31,0.2312,0,0.0,C682393098
O7369223633,2025-09-29,华北,太原,数码,耳机,数-耳-214,私域,支付宝,156.14,1,0.025,152.24,105.56,0.3066,0,0.0,C815543680
O8929525782,2025-09-29,华北,太原,数码,配件,数-配-578,自然搜索,微信支付,174.04,1,0.036,167.77,126.3,0.2472,0,0.0,C457600584
O5195443109,2025-09-29,东北,大连,美妆,香氛,美-香-512,站内推荐,支付宝,206.55,4,0.014,784.31,498.15,0.3649,0,0.0,C797991500
O5905302152,2025-09-29,华南,厦门,服饰,鞋靴,服-鞋-579,自然搜索,支付宝,107.52,2,0.067,218.56,121.11,0.4459,0,0.0,C610772046
O4354054142,2025-09-29,华东,南京,家居,清洁,家-清-765,直播,支付宝,85.5,3,0.085,234.7,140.38,0.4019,0,0.0,C017246653
O0254822479,2025-09-29,西北,兰州,服饰,上衣,服-上-342,直播,货到付款,71.62,3,0.127,187.57,104.74,0.4416,0,0.0,C808267820
O5206429284,2025-09-29,华南,佛山,数码,配件,数-配-196,站内推荐,支付宝,211.11,1,0.066,214.79,163.3,0.2397,0,0.0,C178250648
O1848525050,2025-09-29,西南,昆明,数码,智能穿戴,数-智-448,信息流广告,支付宝,216.83,1,0.092,223.27,152.19,0.3184,0,0.0,C373918463
O1370359083,2025-09-29,西北,西安,服饰,上衣,服-上-890,站内推荐,银行卡,103.53,4,0.056,390.93,258.82,0.3379,0,0.0,C264222254
O0330210606,2025-09-29,东北,沈阳,食品,速食,食-速-989,自然搜索,支付宝,49.3,3,0.078,131.29,75.37,0.4259,0,0.0,C685432214
O1471285687,2025-09-29,华北,石家庄,家居,收纳,家-收-736,私域,支付宝,69.68,4,0.081,256.14,149.75,0.4154,0,0.0,C326323412
O9627985075,2025-09-29,华南,佛山,数码,智能穿戴,数-智-527,线下导流,微信支付,306.58,2,0.044,638.55,509.28,0.2024,0,0.0,C662555867
O6178014416,2025-09-29,华南,厦门,服饰,裤装,服-裤-616,直播,支付宝,116.49,2,0.047,241.87,133.85,0.4466,0,0.0,C282362212
O6962792261,2025-09-30,华东,上海,美妆,彩妆,美-彩-162,直播,微信支付,115.94,4,0.136,400.69,243.8,0.3915,0,0.0,C469905324
O9938093727,2025-09-30,华北,石家庄,数码,耳机,数-耳-307,自然搜索,微信支付,154.53,2,0.051,293.3,216.35,0.2624,0,0.0,C750793903
O5780483357,2025-09-30,华中,长沙,家居,厨具,家-厨-901,直播,微信支付,72.3,2,0.074,133.9,90.11,0.327,0,0.0,C264910397
O9884618203,2025-09-30,华东,苏州,家居,厨具,家-厨-872,私域,微信支付,48.45,2,0.006,96.32,70.0,0.2733,0,0.0,C331712779
O3217973863,2025-09-30,华北,石家庄,美妆,彩妆,美-彩-809,自然搜索,货到付款,132.85,2,0.055,251.09,139.0,0.4464,0,0.0,C956527143
O1561934222,2025-09-30,西南,重庆,家居,厨具,家-厨-657,私域,支付宝,87.83,2,0.001,199.09,119.39,0.4003,0,0.0,C172620491
O8251524287,2025-09-30,西南,昆明,服饰,上衣,服-上-164,信息流广告,银行卡,149.42,1,0.109,151.04,92.01,0.3908,0,0.0,C770331769
O8855795257,2025-09-30,西南,贵阳,美妆,彩妆,美-彩-456,线下导流,微信支付,169.38,3,0.098,519.99,282.16,0.4574,1,327.07,C741063914
O9465274237,2025-09-30,华中,郑州,食品,零食,食-零-595,自然搜索,微信支付,71.06,4,0.064,266.05,154.81,0.4181,0,0.0,C690445267
O7879437912,2025-09-30,华北,太原,美妆,香氛,美-香-860,自然搜索,微信支付,136.18,4,0.093,494.06,293.53,0.4059,0,0.0,C013663378
O0161803953,2025-09-30,华北,太原,食品,速食,食-速-383,线下导流,银行卡,41.01,2,0.095,74.23,47.44,0.3609,0,0.0,C814786713
O4384426409,2025-09-30,西南,贵阳,数码,智能穿戴,数-智-259,站内推荐,微信支付,188.47,3,0.067,598.48,486.63,0.1869,0,0.0,C480031006
O3613916964,2025-09-30,华中,长沙,服饰,上衣,服-上-311,信息流广告,支付宝,70.43,4,0.14,242.28,116.36,0.5197,0,0.0,C331444392
O6750246812,2025-09-30,西南,贵阳,美妆,护肤,美-护-100,站内推荐,微信支付,215.85,1,0.088,223.33,116.02,0.4805,0,0.0,C550149088
O9025252530,2025-09-30,华东,,服饰,鞋靴,服-鞋-292,站内推荐,支付宝,154.12,4,0.046,588.12,302.1,0.4863,0,0.0,C372211709
O0066542173,2025-09-30,华东,苏州,数码,智能穿戴,数-智-170,站内推荐,支付宝,196.69,2,0.089,358.37,263.68,0.2642,0,0.0,C624676658
O4456641422,2025-09-30,华东,苏州,服饰,上衣,服-上-687,自然搜索,支付宝,86.8,1,0.065,81.16,53.15,0.3451,1,56.64,C128587298
O0062249435,2025-09-30,华东,苏州,美妆,彩妆,美-彩-109,站内推荐,支付宝,186.63,2,0.05,354.6,175.08,0.5063,0,0.0,C520359284
O7858465506,2025-09-30,华中,武汉,服饰,鞋靴,服-鞋-130,信息流广告,微信支付,139.04,1,0.129,121.1,70.99,0.4138,0,0.0,C798300974
O7114616139,2025-09-30,华东,杭州,食品,零食,食-零-920,自然搜索,支付宝,23.23,3,0.074,64.53,46.45,0.2802,0,0.0,C023062338
O8602562098,2025-09-30,华北,北京,服饰,上衣,服-上-406,自然搜索,支付宝,65.26,2,0.0,130.52,72.84,0.4419,0,0.0,C422109421
O6627064029,2025-10-01,华东,宁波,服饰,上衣,服-上-493,直播,支付宝,140.23,1,0.083,128.59,69.52,0.4594,0,0.0,C487871659
O4831730356,2025-10-01,东北,哈尔滨,数码,耳机,数-耳-866,线下导流,银行卡,182.33,3,0.078,485.41,368.31,0.2412,0,0.0,C235834716
O7895347186,2025-10-01,西南,贵阳,美妆,香氛,美-香-614,站内推荐,微信支付,216.03,4,0.016,965.08,567.67,0.4118,0,0.0,C450893651
O0657429820,2025-10-01,华东,南京,服饰,裤装,服-裤-960,直播,支付宝,114.56,2,0.137,197.73,109.72,0.4451,0,0.0,C997550330
O8523821687,2025-10-01,东北,沈阳,服饰,裤装,服-裤-311,信息流广告,银行卡,138.14,3,0.099,359.39,200.12,0.4432,0,0.0,C343951054
O4220451890,2025-10-01,东北,长春,数码,配件,数-配-319,信息流广告,银行卡,262.86,3,0.093,688.42,510.77,0.2581,0,0.0,C676720371
O1809813089,2025-10-01,华东,上海,数码,智能穿戴,数-智-306,线下导流,支付宝,237.19,3,0.012,703.03,547.3,0.2215,0,0.0,C546649908
O9428061627,2025-10-01,华中,武汉,美妆,护肤,美-护-501,自然搜索,银行卡,142.04,2,0.095,257.09,140.3,0.4543,0,0.0,C921408991
O8850183210,2025-10-01,华东,上海,数码,智能穿戴,数-智-705,站内推荐,支付宝,249.42,2,0.052,472.9,370.68,0.2162,0,0.0,C402853537
O0875834255,2025-10-01,西北,银川,食品,饮料,食-饮-965,信息流广告,银行卡,44.29,3,0.147,113.34,88.35,0.2205,0,0.0,C803235828
O9113143800,2025-10-01,华中,,数码,智能穿戴,数-智-904,信息流广告,微信支付,221.84,1,0.065,207.42,153.56,0.2597,0,0.0,C426813129
O1157305875,2025-10-01,西北,乌鲁木齐,食品,饮料,食-饮-572,信息流广告,货到付款,52.95,1,0.047,50.46,33.51,0.3359,0,0.0,C028869383
O6899866388,2025-10-01,西北,乌鲁木齐,服饰,上衣,服-上-896,直播,支付宝,102.16,2,0.132,177.35,111.54,0.3711,0,0.0,C599274858
O1760673765,2025-10-01,华北,天津,食品,饮料,食-饮-922,自然搜索,银行卡,38.84,1,0.081,35.69,23.72,0.3354,0,0.0,C563140240
O0150433764,2025-10-01,华南,广州,数码,配件,数-配-338,直播,微信支付,240.82,4,0.118,926.08,670.12,0.2764,0,0.0,C099269582
O2160703751,2025-10-01,西南,贵阳,家居,收纳,家-收-792,信息流广告,微信支付,98.14,4,0.079,410.36,232.77,0.4328,0,0.0,C695050014
O3353545185,2025-10-01,华北,北京,家居,收纳,家-收-249,直播,微信支付,63.66,3,0.056,180.29,115.52,0.3593,0,0.0,C796792731
O7346496491,2025-10-02,西南,成都,数码,配件,数-配-887,信息流广告,银行卡,108.92,1,0.085,113.17,87.17,0.2297,0,0.0,C306997506
O4511910838,2025-10-02,华中,南昌,家居,清洁,家-清-775,私域,支付宝,76.93,2,0.065,143.86,90.11,0.3736,0,0.0,C363279082
O8028970548,2025-10-02,华中,郑州,家居,清洁,家-清-779,线下导流,货到付款,60.57,1,0.028,58.87,36.03,0.388,0,0.0,C199896118
O9196511275,2025-10-02,华东,南京,食品,速食,食-速-347,信息流广告,支付宝,53.49,4,0.074,198.13,148.69,0.2495,0,0.0,C667283970
O4886910405,2025-10-02,华南,厦门,服饰,鞋靴,服-鞋-217,私域,支付宝,110.35,2,0.061,225.96,120.7,0.4658,0,0.0,C332948117
O4389119376,2025-10-02,西南,重庆,美妆,彩妆,美-彩-904,直播,支付宝,151.45,2,0.134,297.85,174.32,0.4147,0,0.0,C927557792
O4535514209,2025-10-02,西南,昆明,美妆,香氛,美-香-412,站内推荐,支付宝,181.72,2,0.053,390.81,221.79,0.4325,0,0.0,C382152927
O5936831204,2025-10-02,东北,长春,家居,清洁,家-清-566,信息流广告,支付宝,65.18,1,0.107,56.02,38.77,0.3079,0,0.0,C882942188
O7817058313,2025-10-02,西南,成都,美妆,彩妆,美-彩-374,站内推荐,支付宝,181.1,4,0.044,786.36,390.14,0.5039,0,0.0,C899143227
O1539702408,2025-10-02,西北,银川,数码,耳机,数-耳-299,信息流广告,支付宝,194.97,4,0.137,673.04,467.22,0.3058,0,0.0,C953912641
O8893250639,2025-10-02,华南,佛山,数码,配件,数-配-199,自然搜索,微信支付,186.4,2,0.056,383.71,292.98,0.2365,0,0.0,C628765517
O8104166641,2025-10-02,华东,宁波,服饰,鞋靴,服-鞋-407,自然搜索,微信支付,126.81,3,0.056,359.13,226.29,0.3699,0,0.0,C438067688
O2298790101,2025-10-02,西北,乌鲁木齐,家居,清洁,家-清-674,自然搜索,微信支付,55.16,1,0.055,52.13,34.69,0.3345,0,0.0,C985693049
O3943360493,2025-10-02,西南,昆明,数码,智能穿戴,数-智-574,信息流广告,微信支付,224.15,3,0.124,668.88,538.66,0.1947,0,0.0,C098276328
O4968385879,2025-10-02,西南,昆明,数码,配件,数-配-490,直播,微信支付,243.74,2,0.119,487.66,396.2,0.1875,0,0.0,C144443647
O4216186018,2025-10-02,华东,宁波,家居,收纳,家-收-529,自然搜索,支付宝,86.14,3,0.101,232.32,139.7,0.3987,0,0.0,C949868862
O7596510970,2025-10-02,华东,杭州,家居,清洁,家-清-388,直播,银行卡,89.93,4,0.124,315.11,173.77,0.4485,0,0.0,C955307617
O4422915042,2025-10-02,华中,南昌,食品,速食,食-速-354,站内推荐,支付宝,25.64,2,0.063,48.05,31.87,0.3367,0,0.0,C979447295
O7635165848,2025-10-02,华南,深圳,家居,厨具,家-厨-626,私域,微信支付,60.22,1,0.065,61.39,38.85,0.3672,0,0.0,C695010019
O3611113171,2025-10-02,华南,佛山,家居,清洁,家-清-251,直播,银行卡,38.42,1,0.143,35.9,21.5,0.4011,0,0.0,C041252028
O1204306276,2025-10-02,东北,长春,数码,耳机,数-耳-319,私域,微信支付,229.67,4,0.082,811.61,610.38,0.2479,0,0.0,C214872919
O1444535486,2025-10-02,华南,厦门,食品,饮料,食-饮-503,站内推荐,银行卡,51.25,3,0.1,150.87,100.15,0.3362,0,0.0,C602838110
O8967398771,2025-10-02,西南,成都,食品,零食,食-零-233,私域,支付宝,57.35,3,0.046,186.38,126.86,0.3193,0,0.0,C792859386
O7394869402,2025-10-02,西南,重庆,食品,饮料,食-饮-592,直播,支付宝,46.39,1,0.049,50.09,30.75,0.3861,0,0.0,C118731825
O2730570721,2025-10-03,华东,,食品,零食,食-零-164,私域,微信支付,41.55,3,0.071,115.8,81.53,0.2959,0,0.0,C593515098
O3645193454,2025-10-03,西南,昆明,美妆,香氛,美-香-934,直播,支付宝,95.01,1,0.096,97.57,55.82,0.4279,0,0.0,C448342605
O2102217942,2025-10-03,华东,杭州,家居,厨具,家-厨-622,直播,支付宝,67.16,4,0.105,240.43,156.32,0.3498,0,0.0,C648782831
O4741923834,2025-10-03,西南,贵阳,服饰,上衣,服-上-960,信息流广告,支付宝,147.22,2,0.063,313.41,198.83,0.3656,0,0.0,C457141574
O4360762470,2025-10-03,西南,重庆,家居,清洁,家-清-112,线下导流,微信支付,71.9,4,0.046,311.68,154.19,0.5053,0,0.0,C943213990
O7317133566,2025-10-03,华东,苏州,美妆,彩妆,美-彩-974,私域,支付宝,182.23,4,0.072,676.44,399.35,0.4096,0,0.0,C823262746
O2524264377,2025-10-03,西北,西安,数码,智能穿戴,数-智-492,私域,微信支付,204.6,1,0.086,187.0,130.6,0.3016,0,0.0,C063012642
O4473355795,2025-10-03,华南,佛山,数码,智能穿戴,数-智-422,私域,支付宝,155.66,3,0.042,487.92,364.3,0.2534,1,411.61,C041945522
O5488941637,2025-10-03,华北,北京,家居,收纳,家-收-125,私域,微信支付,69.21,1,0.064,64.78,42.86,0.3384,0,0.0,C908089509
O2718441189,2025-10-03,华南,佛山,食品,饮料,食-饮-877,信息流广告,微信支付,46.55,2,0.032,98.29,60.61,0.3834,0,0.0,C593278057
O2925516215,2025-10-03,华东,杭州,美妆,香氛,美-香-984,信息流广告,支付宝,155.25,2,0.072,288.14,177.31,0.3846,0,0.0,C190999343
O3077846390,2025-10-03,华南,厦门,家居,厨具,家-厨-412,直播,微信支付,99.32,4,0.144,370.9,235.27,0.3657,0,0.0,C560699014
O4266174924,2025-10-03,华北,太原,家居,厨具,家-厨-779,自然搜索,银行卡,64.84,4,0.044,247.95,148.01,0.4031,0,0.0,C104938980
O9401783128,2025-10-03,华东,杭州,家居,清洁,家-清-958,自然搜索,微信支付,43.16,3,0.029,125.73,87.88,0.301,0,0.0,C820142450
O0149387807,2025-10-03,华东,宁波,家居,厨具,家-厨-597,信息流广告,支付宝,117.72,1,0.036,113.48,77.46,0.3174,0,0.0,C161855030
O0862766144,2025-10-03,华中,郑州,家居,厨具,家-厨-890,私域,微信支付,77.95,1,0.058,73.43,45.43,0.3813,0,0.0,C286795375
O1239487329,2025-10-04,华中,武汉,美妆,香氛,美-香-766,自然搜索,支付宝,121.47,2,0.077,224.23,117.77,0.4748,0,0.0,C917180435
O8333505538,2025-10-04,华中,长沙,数码,耳机,数-耳-940,线下导流,支付宝,232.24,1,0.074,215.05,166.83,0.2242,0,0.0,C033874367
O0070531333,2025-10-04,华北,北京,数码,智能穿戴,数-智-820,私域,支付宝,281.17,4,0.08,1034.71,756.04,0.2693,0,0.0,C311939177
O4525648890,2025-10-04,华东,杭州,家居,收纳,家-收-262,自然搜索,银行卡,66.34,4,0.072,246.25,156.23,0.3656,0,0.0,C188291969
O5941154126,2025-10-04,华北,太原,食品,速食,食-速-652,自然搜索,货到付款,37.28,2,0.059,70.16,44.82,0.3612,0,0.0,C840545778
O5178042485,2025-10-04,西北,兰州,家居,收纳,家-收-197,线下导流,微信支付,90.75,1,0.032,87.85,48.92,0.4431,0,0.0,C146812213
O4452084721,2025-10-04,西南,昆明,服饰,鞋靴,服-鞋-685,站内推荐,微信支付,103.33,2,0.013,231.81,128.58,0.4453,0,0.0,C918643133
O4175261573,2025-10-04,西北,银川,食品,零食,食-零-171,私域,货到付款,46.9,1,0.018,46.06,29.72,0.3548,0,0.0,C181203051
O5811352581,2025-10-04,华东,上海,食品,饮料,食-饮-490,线下导流,支付宝,29.82,3,0.066,83.56,61.23,0.2672,0,0.0,C966563501
O6591944680,2025-10-04,华中,武汉,美妆,护肤,美-护-850,站内推荐,微信支付,150.04,1,0.0,150.04,84.25,0.4385,0,0.0,C736417731
O3034893614,2025-10-04,华中,南昌,服饰,鞋靴,服-鞋-740,站内推荐,微信支付,154.37,3,0.045,442.27,234.74,0.4692,0,0.0,C048034669
O5965330830,2025-10-04,华南,佛山,服饰,裤装,服-裤-536,自然搜索,支付宝,107.22,1,0.083,107.27,69.04,0.3564,1,102.41,C669178175
O6700773695,2025-10-04,西北,银川,美妆,彩妆,美-彩-340,自然搜索,微信支付,190.98,3,0.085,524.24,262.06,0.5001,0,0.0,C587210699
O0029284635,2025-10-04,华东,宁波,数码,配件,数-配-252,直播,支付宝,216.41,1,0.078,199.53,151.45,0.241,0,0.0,C278714110
O7883474526,2025-10-04,西南,贵阳,数码,智能穿戴,数-智-489,私域,支付宝,209.99,1,0.051,226.48,167.91,0.2586,0,0.0,C734832656
O3623160293,2025-10-04,西北,兰州,食品,零食,食-零-705,站内推荐,支付宝,45.99,3,0.058,129.97,86.78,0.3323,0,0.0,C751549959
O3127622367,2025-10-04,华中,郑州,家居,收纳,家-收-946,站内推荐,微信支付,88.09,2,0.115,155.92,97.06,0.3775,0,0.0,C966375806
O5955736295,2025-10-04,华东,上海,食品,饮料,食-饮-545,私域,支付宝,51.03,3,0.043,146.51,107.55,0.2659,0,0.0,C494429678
O1877095300,2025-10-05,华东,苏州,家居,收纳,家-收-764,直播,支付宝,57.87,3,0.042,166.32,106.6,0.3591,0,0.0,C130273575
O1185454448,2025-10-05,华东,杭州,数码,耳机,数-耳-163,自然搜索,微信支付,260.0,2,0.046,496.08,363.63,0.267,0,0.0,C858073178
O2545797728,2025-10-05,华中,武汉,服饰,上衣,服-上-396,自然搜索,银行卡,146.44,4,0.08,538.9,311.2,0.4225,0,0.0,C919346443
O1580781652,2025-10-05,华南,厦门,服饰,鞋靴,服-鞋-543,站内推荐,银行卡,147.88,4,0.114,571.95,369.75,0.3535,0,0.0,C035308788
O2912046211,2025-10-05,华中,郑州,服饰,上衣,服-上-233,信息流广告,支付宝,148.65,4,0.087,542.87,296.53,0.4538,0,0.0,C373690070
O9052976079,2025-10-05,华中,南昌,服饰,上衣,服-上-439,站内推荐,支付宝,88.09,1,0.076,81.4,49.11,0.3967,0,0.0,C956101324
O0902976015,2025-10-05,华北,北京,美妆,护肤,美-护-246,自然搜索,微信支付,177.02,3,0.095,480.61,257.49,0.4642,1,342.73,C172470982
O1858432067,2025-10-05,华中,郑州,美妆,香氛,美-香-980,站内推荐,微信支付,134.87,3,0.062,379.52,228.99,0.3966,0,0.0,C788517575
O4396199214,2025-10-05,华东,杭州,食品,零食,食-零-325,信息流广告,支付宝,49.02,1,0.107,43.77,30.12,0.3119,0,0.0,C868806392
O9549089733,2025-10-05,西北,银川,服饰,上衣,服-上-836,站内推荐,支付宝,142.3,2,0.092,258.42,152.04,0.4117,0,0.0,C322951208
O8339110709,2025-10-05,华中,南昌,食品,速食,食-速-768,站内推荐,银行卡,49.82,1,0.049,47.38,32.03,0.324,0,0.0,C155307123
O0882175587,2025-10-05,西南,贵阳,数码,配件,数-配-929,站内推荐,支付宝,209.05,2,0.087,434.01,318.19,0.2669,0,0.0,C302264080
O0099405532,2025-10-05,华北,北京,美妆,护肤,美-护-114,自然搜索,微信支付,148.32,2,0.015,292.19,150.7,0.4842,0,0.0,C144549998
O8374707691,2025-10-05,华东,宁波,服饰,上衣,服-上-587,站内推荐,支付宝,170.6,3,0.026,498.49,253.07,0.4923,1,337.74,C429365570
O1901380547,2025-10-05,华中,长沙,数码,智能穿戴,数-智-825,站内推荐,支付宝,158.46,2,0.057,298.86,227.56,0.2386,0,0.0,C954251502
O8621171546,2025-10-06,华东,上海,服饰,裤装,服-裤-472,直播,微信支付,132.58,3,0.14,342.06,196.8,0.4247,0,0.0,C061445033
O6864022575,2025-10-06,华北,石家庄,数码,耳机,数-耳-307,自然搜索,微信支付,152.59,2,0.076,281.99,211.7,0.2493,0,0.0,C780679268
O6591296829,2025-10-06,华南,广州,数码,耳机,数-耳-991,站内推荐,微信支付,162.34,3,0.026,517.83,361.09,0.3027,0,0.0,C474780945
O5616377888,2025-10-06,东北,沈阳,服饰,裤装,服-裤-154,线下导流,微信支付,123.0,3,0.075,328.29,181.63,0.4467,0,0.0,C150386285
O3627023960,2025-10-06,西北,兰州,家居,厨具,家-厨-704,私域,支付宝,48.86,4,0.054,184.89,111.31,0.398,0,0.0,C237083391
O5338186908,2025-10-06,华南,广州,数码,耳机,数-耳-842,信息流广告,微信支付,161.53,4,0.079,649.61,428.55,0.3403,0,0.0,C410005347
O7467747017,2025-10-06,西南,重庆,数码,配件,数-配-799,信息流广告,微信支付,176.05,1,0.091,182.03,131.98,0.275,0,0.0,C067551358
O5438540085,2025-10-06,西北,兰州,服饰,鞋靴,服-鞋-805,直播,银行卡,146.22,3,0.121,385.58,187.71,0.5132,0,0.0,C842691625
O6260791585,2025-10-06,华南,广州,数码,智能穿戴,数-智-381,线下导流,支付宝,168.75,1,0.084,168.74,134.6,0.2023,0,0.0,C850073891
O8080803904,2025-10-06,华南,厦门,家居,收纳,家-收-322,信息流广告,微信支付,75.76,1,0.098,74.6,45.24,0.3936,0,0.0,C808219553
O7583852410,2025-10-06,西南,昆明,服饰,鞋靴,服-鞋-194,信息流广告,支付宝,107.73,4,0.042,469.57,271.48,0.4219,0,0.0,C457528926
O4875334504,2025-10-06,华中,郑州,美妆,护肤,美-护-200,信息流广告,支付宝,143.75,3,0.049,410.12,216.5,0.4721,0,0.0,C740456711
O9795066521,2025-10-06,华南,佛山,数码,配件,数-配-559,私域,支付宝,48.42,3,0.082,145.57,113.35,0.2213,0,0.0,C044140242
O5671758798,2025-10-06,华南,广州,服饰,上衣,服-上-518,站内推荐,微信支付,112.61,4,0.019,482.38,292.88,0.3928,0,0.0,C535239702
O2158599141,2025-10-06,华北,北京,数码,智能穿戴,数-智-514,站内推荐,银行卡,169.58,2,0.105,303.55,211.96,0.3017,0,0.0,C620054879
O7179634717,2025-10-06,华南,深圳,数码,配件,数-配-946,自然搜索,微信支付,289.39,1,0.083,289.69,218.27,0.2465,0,0.0,C155945385
O3915188654,2025-10-06,华中,南昌,家居,收纳,家-收-558,自然搜索,支付宝,62.52,1,0.049,59.46,38.61,0.3507,0,0.0,C986760525
O7874251944,2025-10-06,华中,南昌,数码,配件,数-配-631,自然搜索,支付宝,217.78,1,0.029,211.46,139.25,0.3415,0,0.0,C162232786
O9020003172,2025-10-06,华南,佛山,数码,配件,数-配-565,信息流广告,支付宝,423.21,3,0.09,1261.25,1003.46,0.2044,0,0.0,C463867635
O9535641205,2025-10-06,华东,上海,美妆,护肤,美-护-883,私域,微信支付,222.04,4,0.018,872.17,505.75,0.4201,0,0.0,C379969893
O4927639547,2025-10-06,华东,南京,数码,智能穿戴,数-智-275,信息流广告,支付宝,282.63,3,0.092,769.88,566.8,0.2638,0,0.0,C981759881
O4670726947,2025-10-06,西北,西安,美妆,彩妆,美-彩-920,线下导流,支付宝,165.58,1,0.072,153.66,82.48,0.4632,0,0.0,C005657790
O6312034949,2025-10-06,华南,厦门,服饰,裤装,服-裤-442,自然搜索,微信支付,65.32,1,0.067,66.53,38.26,0.4249,0,0.0,C194721572
O2174057358,2025-10-06,华南,广州,服饰,鞋靴,服-鞋-330,直播,支付宝,78.34,3,0.121,225.52,131.17,0.4184,1,202.38,C336932404
O8029674968,2025-10-06,华南,广州,食品,零食,食-零-232,直播,微信支付,43.41,2,0.104,84.92,61.37,0.2773,0,0.0,C586902392
O2059033034,2025-10-07,西北,兰州,美妆,香氛,美-香-758,自然搜索,微信支付,200.91,2,0.066,375.3,218.02,0.4191,0,0.0,C456429499
O4139997376,2025-10-07,华南,佛山,服饰,裤装,服-裤-739,信息流广告,微信支付,63.25,1,0.071,64.16,36.04,0.4383,0,0.0,C728365224
O9652167886,2025-10-07,西南,成都,家居,收纳,家-收-370,信息流广告,微信支付,56.14,4,0.102,229.48,131.68,0.4262,0,0.0,C542266339
O7026998509,2025-10-07,华中,长沙,家居,清洁,家-清-399,直播,支付宝,49.43,4,0.098,178.34,118.61,0.3349,0,0.0,C778578891
O2869504235,2025-10-07,东北,哈尔滨,家居,厨具,家-厨-291,私域,支付宝,60.54,4,0.069,216.81,138.97,0.359,0,0.0,C164893105
O1784539748,2025-10-07,华北,天津,数码,智能穿戴,数-智-602,直播,支付宝,144.67,1,0.11,128.76,96.35,0.2517,1,111.7,C839608268
O2407371034,2025-10-07,华东,上海,美妆,彩妆,美-彩-528,自然搜索,支付宝,174.98,3,0.053,497.12,257.08,0.4829,0,0.0,C055951891
O7716239277,2025-10-07,华北,北京,食品,速食,食-速-780,自然搜索,微信支付,48.53,1,0.087,44.31,24.95,0.4369,0,0.0,C286084521
O9795588910,2025-10-07,华东,上海,美妆,护肤,美-护-713,私域,支付宝,203.36,3,0.074,564.93,327.42,0.4204,0,0.0,C872999477
O9568011762,2025-10-07,西南,重庆,家居,收纳,家-收-519,私域,微信支付,61.95,3,0.007,210.01,132.86,0.3674,0,0.0,C626449768
O3428460807,2025-10-07,西南,贵阳,美妆,香氛,美-香-870,私域,支付宝,180.67,3,0.096,557.58,288.01,0.4835,0,0.0,C196522830
O8919920895,2025-10-07,华东,宁波,家居,收纳,家-收-128,私域,微信支付,57.12,1,0.043,54.66,32.78,0.4003,0,0.0,C297644953
O2002372541,2025-10-07,华北,北京,数码,配件,数-配-497,私域,微信支付,158.35,3,0.094,430.4,303.99,0.2937,0,0.0,C378532102
O6555687518,2025-10-07,华东,南京,食品,零食,食-零-393,私域,支付宝,33.82,3,0.034,98.01,71.05,0.2751,0,0.0,C599436178
O1701736761,2025-10-07,华南,广州,食品,速食,食-速-633,信息流广告,微信支付,59.33,2,0.064,121.28,85.17,0.2977,0,0.0,C310952703
O8008537576,2025-10-07,西南,昆明,美妆,护肤,美-护-898,自然搜索,支付宝,167.99,4,0.0,764.67,489.16,0.3603,0,0.0,C228771393
O4257226125,2025-10-07,华北,天津,服饰,鞋靴,服-鞋-361,私域,支付宝,147.4,4,0.08,542.43,323.68,0.4033,0,0.0,C858446533
O2933969812,2025-10-08,华中,南昌,服饰,鞋靴,服-鞋-151,站内推荐,微信支付,138.93,1,0.115,122.95,65.21,0.4696,1,93.89,C515958042
O8462596046,2025-10-08,华北,太原,家居,收纳,家-收-417,自然搜索,支付宝,96.38,4,0.067,359.69,220.58,0.3867,0,0.0,C056479596
O8745343774,2025-10-08,华东,宁波,服饰,上衣,服-上-982,私域,微信支付,146.74,2,0.082,269.41,170.65,0.3666,0,0.0,C161517476
O6625998462,2025-10-08,东北,长春,食品,速食,食-速-197,自然搜索,支付宝,32.92,2,0.062,59.38,40.12,0.3244,0,0.0,C960932211
O7470960045,2025-10-08,华中,郑州,食品,饮料,食-饮-833,站内推荐,银行卡,58.35,2,0.0,116.7,76.08,0.3481,0,0.0,C110137613
O5360333630,2025-10-08,华南,深圳,数码,耳机,数-耳-415,信息流广告,支付宝,275.11,4,0.093,1090.23,788.82,0.2765,0,0.0,C869738622
O3143119862,2025-10-08,西南,成都,家居,厨具,家-厨-891,直播,支付宝,66.53,1,0.14,65.14,40.01,0.3858,0,0.0,C050969564
O7779021721,2025-10-08,华北,天津,服饰,鞋靴,服-鞋-888,自然搜索,银行卡,135.06,2,0.028,262.56,148.03,0.4362,0,0.0,C417425976
O3708596548,2025-10-08,西南,昆明,服饰,鞋靴,服-鞋-749,直播,支付宝,121.53,1,0.143,118.57,72.69,0.3869,0,0.0,C193115941
O3474520242,2025-10-08,华东,苏州,食品,速食,食-速-501,信息流广告,支付宝,38.2,4,0.095,138.28,92.55,0.3307,0,0.0,C042815848
O0304279504,2025-10-08,华中,长沙,美妆,护肤,美-护-921,自然搜索,支付宝,177.82,3,0.036,514.26,310.34,0.3965,0,0.0,C995636819
O8731770391,2025-10-08,华北,石家庄,食品,速食,食-速-765,信息流广告,支付宝,56.13,1,0.069,52.26,36.44,0.3027,0,0.0,C736616530
O7009066500,2025-10-08,华北,天津,服饰,上衣,服-上-944,直播,微信支付,102.43,2,0.06,192.57,119.28,0.3806,0,0.0,C097145331
O0766394897,2025-10-09,华南,广州,数码,配件,数-配-333,直播,支付宝,213.53,4,0.062,875.38,606.82,0.3068,0,0.0,C494055084
O6004959367,2025-10-09,华东,杭州,美妆,护肤,美-护-141,站内推荐,银行卡,215.97,1,0.112,191.78,103.14,0.4622,0,0.0,C058588916
O1890683557,2025-10-09,华中,长沙,服饰,裤装,服-裤-897,站内推荐,微信支付,189.56,1,0.059,178.38,104.81,0.4124,0,0.0,C137482595
O5298648455,2025-10-09,华东,杭州,食品,零食,食-零-995,私域,支付宝,46.7,2,0.136,80.7,54.69,0.3223,0,0.0,C584259488
O8148612010,2025-10-09,华东,杭州,家居,收纳,家-收-600,信息流广告,支付宝,64.57,3,0.076,178.99,117.25,0.3449,0,0.0,C179980866
O1117458758,2025-10-09,华南,广州,服饰,上衣,服-上-204,信息流广告,货到付款,149.16,2,0.087,297.6,193.64,0.3493,0,0.0,C628204808
O6350115593,2025-10-09,华北,北京,数码,配件,数-配-459,线下导流,支付宝,208.61,3,0.049,595.16,445.76,0.251,0,0.0,C257523774
O4459699407,2025-10-09,西南,成都,家居,厨具,家-厨-878,线下导流,微信支付,61.8,3,0.052,200.18,131.46,0.3433,0,0.0,C400338515
O9101373242,2025-10-09,西南,成都,数码,配件,数-配-897,线下导流,微信支付,136.68,3,0.102,419.38,328.66,0.2163,0,0.0,C641659944
O4696328070,2025-10-09,华南,厦门,美妆,护肤,美-护-965,线下导流,银行卡,138.55,3,0.064,425.09,243.07,0.4282,0,0.0,C063478602
O3388847090,2025-10-09,华东,苏州,数码,配件,数-配-861,私域,微信支付,209.76,2,0.053,397.29,295.7,0.2557,0,0.0,C591833896
O0933914997,2025-10-09,华北,石家庄,美妆,护肤,美-护-402,站内推荐,支付宝,126.39,3,0.064,354.9,218.17,0.3853,0,0.0,C330000643
O7845658685,2025-10-09,西南,贵阳,家居,清洁,家-清-242,站内推荐,微信支付,57.7,2,0.054,124.34,78.71,0.367,0,0.0,C313821875
O9989302271,2025-10-09,华北,天津,数码,耳机,数-耳-315,线下导流,微信支付,173.44,1,0.023,169.45,119.53,0.2946,0,0.0,C894749300
O6023686736,2025-10-09,华东,苏州,家居,厨具,家-厨-836,自然搜索,支付宝,84.57,3,0.05,241.02,140.38,0.4176,0,0.0,C308924013
O4089422631,2025-10-09,华东,苏州,数码,耳机,数-耳-577,站内推荐,支付宝,179.65,1,0.076,166.0,116.39,0.2989,0,0.0,C939061113
O6608079329,2025-10-09,华东,苏州,数码,耳机,数-耳-266,站内推荐,微信支付,232.35,4,0.024,907.09,710.01,0.2173,0,0.0,C815487842
O8813887727,2025-10-09,华北,太原,数码,耳机,数-耳-943,自然搜索,支付宝,212.48,4,0.072,788.73,549.91,0.3028,0,0.0,C681664389
O7908621805,2025-10-09,华南,厦门,数码,耳机,数-耳-423,站内推荐,微信支付,256.34,4,0.074,1037.44,738.94,0.2877,0,0.0,C191622628
O1636182484,2025-10-09,华东,南京,家居,收纳,家-收-209,私域,微信支付,108.17,2,0.06,203.36,117.85,0.4205,0,0.0,C517979968
O7287965938,2025-10-09,华北,石家庄,家居,清洁,家-清-721,自然搜索,微信支付,61.87,3,0.036,178.93,109.83,0.3862,0,0.0,C573437093
O1004430605,2025-10-09,西北,西安,食品,速食,食-速-353,自然搜索,货到付款,24.92,2,0.038,47.95,30.84,0.3568,0,0.0,C152918548
O3670197798,2025-10-09,华中,武汉,家居,清洁,家-清-429,信息流广告,支付宝,82.83,1,0.076,76.53,48.16,0.3707,0,0.0,C034189178
O5774517093,2025-10-09,华东,宁波,服饰,上衣,服-上-584,站内推荐,支付宝,116.17,1,0.047,110.71,64.55,0.4169,0,0.0,C413132757
O8674509199,2025-10-10,华东,苏州,数码,智能穿戴,数-智-750,私域,微信支付,219.09,1,0.047,208.79,156.73,0.2493,0,0.0,C391018296
O6765527110,2025-10-10,华东,苏州,美妆,彩妆,美-彩-890,自然搜索,支付宝,189.27,1,0.01,187.38,94.66,0.4948,0,0.0,C668254956
O1610369282,2025-10-10,华东,杭州,服饰,裤装,服-裤-944,信息流广告,支付宝,128.3,1,0.107,114.57,65.89,0.4249,0,0.0,C016342659
O2614659305,2025-10-10,华东,宁波,家居,清洁,家-清-367,自然搜索,支付宝,95.74,2,0.09,174.25,111.44,0.3605,0,0.0,C938910329
O2516206283,2025-10-10,华中,长沙,数码,配件,数-配-599,站内推荐,微信支付,186.26,2,0.109,331.92,242.13,0.2705,0,0.0,C885240009
O9140567991,2025-10-10,西南,贵阳,服饰,上衣,服-上-639,直播,微信支付,147.5,1,0.039,161.51,105.72,0.3454,0,0.0,C727369984
O6522665547,2025-10-10,华中,南昌,数码,配件,数-配-147,直播,支付宝,215.46,1,0.094,195.21,135.24,0.3072,0,0.0,C366297320
O9325830889,2025-10-10,华中,长沙,家居,收纳,家-收-813,自然搜索,微信支付,132.16,1,0.109,117.75,72.4,0.3851,0,0.0,C354163882
O4816774247,2025-10-10,华东,杭州,食品,饮料,食-饮-595,直播,微信支付,53.35,2,0.048,101.58,65.64,0.3538,0,0.0,C951045476
O9799671969,2025-10-10,华东,苏州,家居,收纳,家-收-256,站内推荐,支付宝,110.44,4,0.076,408.19,259.83,0.3635,0,0.0,C927304434
O3083780215,2025-10-10,华南,厦门,食品,速食,食-速-602,站内推荐,支付宝,39.16,4,0.028,166.41,109.05,0.3447,0,0.0,C820657028
O7113866835,2025-10-10,华东,宁波,食品,饮料,食-饮-242,信息流广告,货到付款,43.98,3,0.048,125.61,95.0,0.2437,1,116.11,C513038025
O7326618730,2025-10-10,华中,郑州,美妆,彩妆,美-彩-190,私域,微信支付,152.51,2,0.056,287.94,169.58,0.4111,0,0.0,C597378625
O0528805562,2025-10-10,西南,成都,食品,速食,食-速-960,直播,微信支付,52.95,2,0.121,106.07,66.51,0.373,0,0.0,C062476800
O6688662193,2025-10-10,华北,太原,数码,配件,数-配-816,信息流广告,支付宝,224.64,2,0.067,419.18,321.42,0.2332,0,0.0,C246137148
O3191772602,2025-10-10,华北,太原,数码,智能穿戴,数-智-831,私域,支付宝,143.3,4,0.083,525.62,371.32,0.2936,0,0.0,C984614009
O3069909709,2025-10-10,华中,郑州,数码,配件,数-配-206,线下导流,微信支付,162.4,3,0.056,459.92,324.87,0.2936,0,0.0,C543089499
O9558258633,2025-10-11,东北,哈尔滨,服饰,裤装,服-裤-556,站内推荐,银行卡,77.36,1,0.117,65.65,39.63,0.3963,0,0.0,C633205259
O0215741499,2025-10-11,华中,武汉,家居,清洁,家-清-715,自然搜索,微信支付,62.36,3,0.02,183.34,128.74,0.2978,0,0.0,C495775897
O5199804630,2025-10-11,华南,深圳,家居,厨具,家-厨-710,自然搜索,支付宝,66.62,3,0.052,207.14,128.04,0.3819,0,0.0,C363981863
O2624819228,2025-10-11,华南,厦门,食品,饮料,食-饮-726,私域,支付宝,50.85,4,0.048,211.7,153.68,0.2741,0,0.0,C837078328
O4756603060,2025-10-11,东北,沈阳,美妆,护肤,美-护-187,信息流广告,货到付款,104.25,1,0.129,87.27,44.72,0.4876,0,0.0,C844540826
O0088937261,2025-10-11,华东,苏州,美妆,香氛,美-香-507,私域,支付宝,117.32,4,0.074,434.55,249.46,0.4259,0,0.0,C849897097
O0224713816,2025-10-11,华南,佛山,家居,厨具,家-厨-703,站内推荐,支付宝,104.19,3,,317.13,218.28,0.3117,0,0.0,C313859490
O9447346110,2025-10-11,华中,武汉,食品,饮料,食-饮-994,私域,微信支付,48.76,1,0.033,47.15,32.76,0.3052,0,0.0,C367471486
O7881482160,2025-10-11,西南,贵阳,服饰,裤装,服-裤-348,自然搜索,支付宝,156.33,1,0.085,163.06,92.32,0.4338,0,0.0,C224374481
O7314444768,2025-10-11,华南,佛山,家居,收纳,家-收-452,信息流广告,支付宝,60.3,2,,121.04,74.92,0.381,0,0.0,C684390932
O8633456546,2025-10-11,华南,佛山,数码,智能穿戴,数-智-262,信息流广告,微信支付,148.61,1,0.082,149.15,116.28,0.2204,1,138.85,C854490134
O2034377575,2025-10-11,华东,杭州,数码,耳机,数-耳-970,私域,支付宝,154.56,4,0.052,586.09,417.13,0.2883,0,0.0,C460096095
O5834363507,2025-10-11,华东,苏州,家居,清洁,家-清-770,自然搜索,微信支付,23.81,1,0.064,22.29,13.92,0.3755,0,0.0,C136162955
O0826761108,2025-10-12,华东,杭州,食品,饮料,食-饮-389,站内推荐,支付宝,51.47,4,0.077,190.03,144.34,0.2404,0,0.0,C319256557
O0821754313,2025-10-12,华北,太原,家居,厨具,家-厨-461,信息流广告,支付宝,93.78,2,0.087,171.24,100.84,0.4111,0,0.0,C736135043
O4698950129,2025-10-12,华东,宁波,美妆,彩妆,美-彩-134,自然搜索,银行卡,124.1,1,0.034,119.88,64.93,0.4584,0,0.0,C923249298
O8653903573,2025-10-12,华南,,服饰,裤装,服-裤-721,自然搜索,微信支付,143.73,3,0.0,471.56,249.42,0.4711,0,0.0,C388846913
O2496534888,2025-10-12,华南,厦门,食品,零食,食-零-564,直播,微信支付,61.73,2,0.064,126.38,79.45,0.3713,0,0.0,C761950386
O3052330074,2025-10-12,华南,佛山,服饰,裤装,服-裤-816,私域,微信支付,190.24,2,0.012,411.11,230.47,0.4394,0,0.0,C341698292
O8683197380,2025-10-12,东北,长春,数码,智能穿戴,数-智-593,线下导流,微信支付,259.0,1,0.065,232.72,168.34,0.2766,0,0.0,C120774583
O6971404490,2025-10-12,华南,深圳,美妆,护肤,美-护-860,直播,银行卡,140.48,4,0.098,554.31,331.28,0.4024,0,0.0,C973770805
O3772279633,2025-10-12,西北,兰州,美妆,香氛,美-香-422,站内推荐,支付宝,149.58,1,0.047,142.55,88.28,0.3807,0,0.0,C578894969
O8622954030,2025-10-12,西南,贵阳,数码,耳机,数-耳-523,站内推荐,微信支付,205.61,3,0.06,661.25,486.0,0.265,0,0.0,C331094534
O4671066450,2025-10-12,华东,南京,数码,配件,数-配-251,站内推荐,货到付款,239.07,1,0.046,228.07,166.08,0.2718,0,0.0,C916320172
O1320180234,2025-10-12,华北,北京,食品,饮料,食-饮-868,线下导流,银行卡,71.95,4,0.063,269.67,181.85,0.3257,0,0.0,C899705738
O1490142470,2025-10-12,华北,石家庄,数码,耳机,数-耳-820,自然搜索,银行卡,178.3,4,0.014,703.22,527.79,0.2495,0,0.0,C882872893
O2127290793,2025-10-12,华南,厦门,美妆,彩妆,美-彩-103,直播,支付宝,196.19,2,0.117,378.91,213.93,0.4354,0,0.0,C256887305
O7893295794,2025-10-12,华东,上海,数码,智能穿戴,数-智-262,自然搜索,支付宝,186.04,3,0.036,538.03,409.14,0.2396,0,0.0,C673637240
O1050382700,2025-10-12,华东,上海,服饰,鞋靴,服-鞋-993,信息流广告,支付宝,142.57,1,0.048,135.73,87.72,0.3537,0,0.0,C307810571
O1470184044,2025-10-12,华中,郑州,数码,智能穿戴,数-智-619,信息流广告,微信支付,201.84,2,0.072,374.62,288.05,0.2311,1,317.32,C125766721
O6044517092,2025-10-12,西南,重庆,家居,清洁,家-清-208,站内推荐,微信支付,59.4,1,0.075,62.66,39.04,0.377,0,0.0,C563709370
O0096130596,2025-10-12,西南,成都,家居,厨具,家-厨-846,私域,微信支付,89.8,4,0.022,400.63,256.46,0.3599,0,0.0,C438863723
O9356160338,2025-10-12,东北,哈尔滨,服饰,上衣,服-上-853,私域,支付宝,101.77,3,0.02,287.53,165.65,0.4239,0,0.0,C690908010
O6860105122,2025-10-13,华北,太原,家居,收纳,家-收-634,自然搜索,支付宝,98.73,2,0.045,188.57,113.84,0.3963,0,0.0,C753310338
O9485836579,2025-10-13,华东,南京,食品,速食,食-速-241,线下导流,支付宝,44.25,2,0.068,82.48,53.16,0.3555,0,0.0,C182554881
O6772066027,2025-10-13,东北,大连,家居,厨具,家-厨-342,私域,支付宝,51.79,4,0.034,192.28,115.82,0.3976,0,0.0,C780742859
O2735640313,2025-10-13,西南,成都,服饰,上衣,服-上-236,直播,微信支付,155.16,3,0.092,482.22,267.69,0.4449,0,0.0,C256354768
O2433144337,2025-10-13,华南,厦门,食品,饮料,食-饮-408,站内推荐,支付宝,39.18,3,0.062,120.61,88.63,0.2652,0,0.0,C986147967
O4878611499,2025-10-13,华东,宁波,服饰,裤装,服-裤-863,站内推荐,支付宝,95.59,4,0.079,352.15,207.37,0.4111,0,0.0,C114100453
O0256955032,2025-10-13,东北,哈尔滨,数码,配件,数-配-825,私域,微信支付,147.85,4,0.123,498.35,371.79,0.254,0,0.0,C808961130
O3975105600,2025-10-13,华东,苏州,数码,耳机,数-耳-420,自然搜索,支付宝,159.86,3,0.053,454.16,333.52,0.2656,0,0.0,C890556386
O0093854909,2025-10-13,华北,太原,数码,智能穿戴,数-智-930,直播,微信支付,174.21,2,0.07,324.03,246.78,0.2384,0,0.0,C832371500
O7637069687,2025-10-13,华东,苏州,数码,耳机,数-耳-886,私域,支付宝,142.65,2,0.039,274.17,212.74,0.2241,0,0.0,C107601210
O7102551206,2025-10-13,西北,银川,数码,智能穿戴,数-智-564,站内推荐,支付宝,154.27,1,0.0,154.27,116.2,0.2468,0,0.0,C184569145
O8528637469,2025-10-13,西北,兰州,家居,清洁,家-清-958,站内推荐,支付宝,62.93,1,0.059,59.22,37.69,0.3636,0,0.0,C032189197
O3304045010,2025-10-13,华东,上海,食品,饮料,食-饮-297,信息流广告,支付宝,67.21,2,0.157,113.32,79.73,0.2964,0,0.0,C180071255
O5949002242,2025-10-13,华北,太原,美妆,护肤,美-护-444,线下导流,微信支付,144.79,4,0.04,555.99,302.63,0.4557,0,0.0,C245548397
O1409946199,2025-10-13,华南,广州,美妆,彩妆,美-彩-733,私域,支付宝,153.91,1,0.033,162.81,86.84,0.4666,0,0.0,C824452732
O0278177265,2025-10-13,华东,上海,服饰,鞋靴,服-鞋-265,信息流广告,支付宝,164.02,4,0.086,599.66,341.7,0.4302,0,0.0,C986177528
O9047331866,2025-10-14,华北,天津,美妆,彩妆,美-彩-274,信息流广告,支付宝,131.16,4,0.107,468.5,273.05,0.4172,0,0.0,C318212530
O2299162534,2025-10-14,华东,宁波,美妆,香氛,美-香-837,自然搜索,支付宝,94.92,3,0.063,266.82,161.71,0.3939,0,0.0,C310336384
O1451557928,2025-10-14,西南,贵阳,美妆,香氛,美-香-562,站内推荐,微信支付,129.41,3,0.0,443.14,240.22,0.4579,0,0.0,C743754649
O0057788784,2025-10-14,华东,苏州,家居,清洁,家-清-438,信息流广告,微信支付,128.81,2,0.087,235.21,131.37,0.4415,0,0.0,C333124635
O7925455576,2025-10-14,华东,苏州,家居,收纳,家-收-792,站内推荐,微信支付,61.93,4,0.074,229.39,132.09,0.4242,0,0.0,C374091901
O1131069498,2025-10-14,西南,昆明,服饰,裤装,服-裤-236,私域,微信支付,111.16,3,0.057,358.95,221.43,0.3831,0,0.0,C103017192
O7352310987,2025-10-14,华南,佛山,食品,零食,食-零-132,信息流广告,微信支付,55.89,4,0.102,219.69,151.18,0.3118,0,0.0,C877164477
O4372195208,2025-10-14,华中,武汉,数码,配件,数-配-432,信息流广告,微信支付,268.18,1,0.04,257.45,193.84,0.2471,0,0.0,C210784643
O0888667882,2025-10-14,华东,宁波,家居,收纳,家-收-194,自然搜索,支付宝,91.98,2,0.088,167.77,104.65,0.3762,0,0.0,C056008974
O1131185649,2025-10-14,华南,佛山,美妆,护肤,美-护-942,线下导流,支付宝,229.54,4,0.081,923.35,488.03,0.4715,0,0.0,C721151287
O6731441601,2025-10-14,华北,天津,数码,智能穿戴,数-智-585,私域,微信支付,116.33,2,0.032,225.21,162.53,0.2783,0,0.0,C129989729
O9211018352,2025-10-14,华北,天津,数码,智能穿戴,数-智-257,直播,支付宝,171.8,4,0.167,572.44,427.81,0.2527,0,0.0,C502341479
O2358304392,2025-10-14,华东,南京,家居,收纳,家-收-120,自然搜索,支付宝,96.61,4,0.07,359.39,237.83,0.3382,0,0.0,C228000352
O9390722893,2025-10-15,西南,成都,服饰,鞋靴,服-鞋-302,自然搜索,银行卡,71.57,3,0.055,231.7,149.55,0.3546,0,0.0,C244652667
O4313834829,2025-10-15,西北,兰州,食品,饮料,食-饮-558,信息流广告,支付宝,50.3,1,0.059,47.33,31.51,0.3342,0,0.0,C708695749
O5555174946,2025-10-15,华南,深圳,服饰,鞋靴,服-鞋-736,自然搜索,微信支付,112.64,1,0.022,120.58,66.09,0.4519,0,0.0,C129076030
O6792767055,2025-10-15,华南,广州,数码,耳机,数-耳-537,直播,银行卡,182.33,4,0.065,746.43,582.07,0.2202,0,0.0,C348213785
O2414538018,2025-10-15,华北,北京,服饰,裤装,服-裤-826,私域,银行卡,59.39,4,0.054,224.73,126.71,0.4362,0,0.0,C527187212
O3306399386,2025-10-15,华中,南昌,数码,耳机,数-耳-190,站内推荐,支付宝,192.9,4,0.052,731.48,532.06,0.2726,0,0.0,C796779655
O0429772401,2025-10-15,华东,南京,数码,耳机,数-耳-849,直播,微信支付,238.18,3,0.023,698.11,559.06,0.1992,0,0.0,C578462365
O3483477323,2025-10-15,华中,长沙,数码,耳机,数-耳-521,直播,银行卡,164.69,2,0.134,285.24,194.81,0.317,0,0.0,C145942090
O8970543649,2025-10-15,华北,石家庄,家居,清洁,家-清-650,自然搜索,微信支付,127.5,2,0.055,240.97,164.63,0.3168,0,0.0,C539672262
O1515116699,2025-10-15,华南,深圳,数码,智能穿戴,数-智-154,线下导流,微信支付,268.95,3,0.065,825.78,670.27,0.1883,0,0.0,C463582311
O4368158010,2025-10-15,华东,南京,食品,速食,食-速-901,自然搜索,货到付款,34.86,4,0.029,135.4,88.74,0.3446,0,0.0,C795996863
O5457146663,2025-10-15,华中,郑州,数码,耳机,数-耳-324,直播,微信支付,159.88,1,0.069,148.85,104.99,0.2947,0,0.0,C396075827
O3858440214,2025-10-15,华北,太原,家居,厨具,家-厨-423,直播,支付宝,78.87,3,0.082,217.21,143.94,0.3373,0,0.0,C592341473
O2935666693,2025-10-15,华东,南京,家居,清洁,家-清-825,线下导流,支付宝,76.52,1,0.136,66.11,41.72,0.3689,0,0.0,C090907936
O1714240499,2025-10-15,西南,贵阳,数码,智能穿戴,数-智-174,私域,支付宝,213.11,3,0.004,727.15,536.18,0.2626,0,0.0,C460254313
O6589836368,2025-10-15,华南,广州,家居,收纳,家-收-885,自然搜索,微信支付,82.82,3,0.12,239.33,137.23,0.4266,0,0.0,C470767384
O3523749578,2025-10-15,西南,成都,美妆,彩妆,美-彩-258,线下导流,支付宝,88.55,3,0.059,285.45,156.35,0.4523,0,0.0,C703685837
O2657810221,2025-10-15,西北,银川,服饰,裤装,服-裤-703,自然搜索,微信支付,82.06,4,0.082,301.32,169.41,0.4378,0,0.0,C296416278
O8883785993,2025-10-15,华北,太原,家居,清洁,家-清-342,自然搜索,支付宝,40.85,1,0.018,40.11,25.6,0.3618,1,37.29,C067847128
O0258047657,2025-10-16,华南,厦门,数码,耳机,数-耳-666,自然搜索,微信支付,234.22,3,0.159,647.04,471.13,0.2719,0,0.0,C665632936
O9567324126,2025-10-16,西南,重庆,家居,清洁,家-清-487,直播,微信支付,48.43,3,0.144,142.08,77.5,0.4545,0,0.0,C593639747
O0190192734,2025-10-16,华中,长沙,服饰,上衣,服-上-313,自然搜索,支付宝,125.01,3,0.117,331.15,193.84,0.4146,0,0.0,C440108089
O5760878129,2025-10-16,西南,昆明,美妆,香氛,美-香-886,私域,微信支付,144.94,4,0.102,594.77,322.4,0.4579,0,0.0,C884326299
O9277679723,2025-10-16,西南,重庆,数码,耳机,数-耳-558,自然搜索,微信支付,288.4,4,0.058,1241.46,908.03,0.2686,0,0.0,C066269390
O0015705418,2025-10-16,华南,厦门,家居,收纳,家-收-200,直播,支付宝,78.27,4,0.102,307.84,198.81,0.3542,0,0.0,C303302119
O8049190645,2025-10-16,东北,大连,服饰,上衣,服-上-654,信息流广告,支付宝,229.51,1,0.065,206.1,109.11,0.4706,0,0.0,C041201501
O5871053928,2025-10-16,华南,厦门,食品,零食,食-零-691,私域,微信支付,57.42,3,0.029,183.15,129.51,0.2929,0,0.0,C748711394
O3063359011,2025-10-17,华中,郑州,服饰,裤装,服-裤-651,直播,支付宝,143.65,2,0.16,241.33,142.54,0.4094,0,0.0,C479617166
O0789281448,2025-10-17,华东,杭州,数码,智能穿戴,数-智-892,私域,微信支付,256.98,2,0.02,503.68,367.14,0.2711,0,0.0,C293886499
O3806008589,2025-10-17,华东,南京,家居,清洁,家-清-728,自然搜索,支付宝,48.68,4,0.061,182.84,115.31,0.3693,0,0.0,C502806377
O3782651912,2025-10-17,华北,天津,美妆,香氛,美-香-214,自然搜索,支付宝,153.99,4,0.041,590.71,300.54,0.4912,0,0.0,C169538995
O5688766337,2025-10-17,华东,宁波,食品,速食,食-速-863,自然搜索,微信支付,63.6,2,0.095,115.12,65.14,0.4342,0,0.0,C852487244
O4073120741,2025-10-17,华南,厦门,服饰,鞋靴,服-鞋-813,站内推荐,银行卡,145.33,1,0.108,141.99,84.12,0.4076,1,128.78,C824750428
O7892023918,2025-10-17,华中,南昌,服饰,上衣,服-上-487,自然搜索,微信支付,116.43,1,0.061,109.33,61.74,0.4353,0,0.0,C373702177
O6821692699,2025-10-17,华南,厦门,食品,速食,食-速-780,直播,支付宝,51.97,4,,211.29,140.05,0.3372,0,0.0,C674064218
O4664502325,2025-10-17,华北,北京,数码,耳机,数-耳-506,自然搜索,支付宝,144.97,3,0.086,397.51,266.92,0.3285,0,0.0,C663368213
O3777369672,2025-10-17,华中,南昌,数码,智能穿戴,数-智-337,直播,微信支付,130.02,1,0.137,112.21,84.46,0.2473,0,0.0,C638888580
O9358594351,2025-10-17,华中,南昌,服饰,鞋靴,服-鞋-414,自然搜索,微信支付,132.57,2,0.066,247.64,152.44,0.3844,0,0.0,C024318645
O3343932325,2025-10-17,华东,宁波,数码,配件,数-配-853,站内推荐,微信支付,108.12,1,0.115,95.69,66.25,0.3077,0,0.0,C057327199
O5872610406,2025-10-17,华南,厦门,美妆,护肤,美-护-269,自然搜索,微信支付,163.22,3,0.048,510.57,251.22,0.508,0,0.0,C827111449
O4537716088,2025-10-17,华中,武汉,数码,智能穿戴,数-智-514,站内推荐,支付宝,222.41,2,0.021,435.48,328.04,0.2467,0,0.0,C110189515
O9952802408,2025-10-17,东北,大连,数码,配件,数-配-502,站内推荐,支付宝,163.0,3,0.056,443.29,320.28,0.2775,0,0.0,C327754551
O5824804894,2025-10-18,华东,杭州,数码,耳机,数-耳-954,信息流广告,微信支付,160.55,3,0.056,454.68,353.7,0.2221,0,0.0,C700214590
O1629845453,2025-10-18,华中,武汉,家居,收纳,家-收-688,私域,支付宝,94.22,2,0.002,188.06,111.54,0.4069,0,0.0,C211955150
O3034402992,2025-10-18,西南,昆明,家居,厨具,家-厨-702,私域,微信支付,65.67,4,0.103,269.41,165.51,0.3857,0,0.0,C391752843
O0332511826,2025-10-18,华东,南京,服饰,鞋靴,服-鞋-413,直播,支付宝,106.46,4,0.089,387.94,226.54,0.416,0,0.0,C802032882
O6849004490,2025-10-18,华北,石家庄,家居,收纳,家-收-913,自然搜索,支付宝,89.15,1,0.032,86.3,51.66,0.4014,1,77.68,C857665526
O5374695862,2025-10-18,华南,广州,食品,饮料,食-饮-322,信息流广告,微信支付,48.94,2,0.084,98.23,70.17,0.2857,0,0.0,C092931860
O0381807592,2025-10-18,华南,厦门,服饰,鞋靴,服-鞋-940,信息流广告,支付宝,135.6,4,0.111,528.29,284.81,0.4609,0,0.0,C870608434
O1267814969,2025-10-18,西北,乌鲁木齐,数码,配件,数-配-952,站内推荐,支付宝,213.35,1,0.018,209.51,144.0,0.3127,0,0.0,C444881885
O3059484658,2025-10-18,华东,杭州,美妆,彩妆,美-彩-274,站内推荐,支付宝,203.68,1,0.095,184.33,98.77,0.4642,0,0.0,C346294984
O8067293985,2025-10-18,华中,郑州,美妆,彩妆,美-彩-272,线下导流,支付宝,163.8,4,0.056,618.51,322.29,0.4789,0,0.0,C037673306
O6680170794,2025-10-18,华中,长沙,食品,零食,食-零-877,站内推荐,微信支付,52.65,1,0.03,51.07,31.24,0.3883,0,0.0,C722052036
O2676643494,2025-10-18,华东,杭州,家居,厨具,家-厨-665,自然搜索,微信支付,63.56,3,0.051,180.96,110.87,0.3873,0,0.0,C232250779
O3659366264,2025-10-18,华南,厦门,美妆,彩妆,美-彩-115,自然搜索,微信支付,149.62,4,0.063,614.39,333.15,0.4578,0,0.0,C967758548
O5168560198,2025-10-18,东北,哈尔滨,美妆,香氛,美-香-894,直播,支付宝,158.86,2,0.066,284.93,150.22,0.4728,0,0.0,C364468933
O0534076238,2025-10-18,华南,,家居,清洁,家-清-149,线下导流,支付宝,80.81,1,0.103,79.42,48.4,0.3906,0,0.0,C475089620
O9752925552,2025-10-18,华南,厦门,服饰,上衣,服-上-586,信息流广告,微信支付,109.12,4,0.127,417.48,243.59,0.4165,0,0.0,C162498634
O6705539153,2025-10-18,华中,郑州,服饰,鞋靴,服-鞋-253,自然搜索,微信支付,191.2,4,0.07,711.26,425.23,0.4021,0,0.0,C687405297
O9924479934,2025-10-18,华北,石家庄,食品,饮料,食-饮-386,直播,支付宝,35.46,3,0.088,97.02,69.05,0.2883,0,0.0,C392401152
O4593834736,2025-10-18,华中,,美妆,香氛,美-香-619,线下导流,微信支付,111.39,1,0.075,103.04,53.89,0.477,0,0.0,C452992884
O1319883696,2025-10-19,华东,苏州,服饰,上衣,服-上-237,私域,支付宝,97.7,1,0.074,90.47,56.52,0.3753,0,0.0,C120102904
O6632255936,2025-10-19,西南,昆明,家居,收纳,家-收-552,自然搜索,支付宝,61.19,2,0.067,130.61,79.07,0.3946,0,0.0,C785872626
O4518040856,2025-10-19,华南,深圳,食品,速食,食-速-878,私域,支付宝,55.77,3,0.08,168.69,112.89,0.3308,0,0.0,C468262044
O7653507662,2025-10-19,华北,天津,食品,速食,食-速-518,直播,支付宝,64.27,2,0.136,111.06,76.19,0.314,0,0.0,C916433437
O1290217020,2025-10-19,东北,哈尔滨,美妆,彩妆,美-彩-624,直播,支付宝,230.81,4,0.075,819.86,466.78,0.4307,0,0.0,C131689476
O2722459282,2025-10-19,东北,长春,家居,清洁,家-清-470,直播,支付宝,65.3,3,0.092,170.77,91.99,0.4613,0,0.0,C928450072
O9186602528,2025-10-19,华中,长沙,家居,厨具,家-厨-716,私域,货到付款,87.35,2,0.09,158.98,99.36,0.375,0,0.0,C910362387
O5061256349,2025-10-19,华中,长沙,美妆,香氛,美-香-235,站内推荐,支付宝,178.23,4,0.035,687.97,389.04,0.4345,0,0.0,C281308057
O6810447814,2025-10-19,华中,长沙,食品,零食,食-零-756,直播,银行卡,45.27,1,0.102,40.65,27.33,0.3277,0,0.0,C313961078
O0816208659,2025-10-19,华南,广州,食品,零食,食-零-160,私域,微信支付,58.06,3,0.034,184.4,131.97,0.2843,0,0.0,C357199845
O3567595718,2025-10-19,东北,大连,美妆,护肤,美-护-498,信息流广告,货到付款,156.08,3,0.079,414.01,220.4,0.4676,0,0.0,C809279273
O9158091059,2025-10-19,华中,武汉,数码,配件,数-配-850,站内推荐,微信支付,248.48,3,0.05,708.17,523.5,0.2608,1,672.19,C726440329
O3650478867,2025-10-19,华东,杭州,美妆,彩妆,美-彩-977,自然搜索,微信支付,218.92,1,0.089,199.44,117.03,0.4132,0,0.0,C261282014
O0854292621,2025-10-19,西南,昆明,家居,清洁,家-清-395,直播,微信支付,57.46,3,0.067,183.97,114.97,0.3751,0,0.0,C470621901
O8778724345,2025-10-19,华北,太原,美妆,香氛,美-香-550,自然搜索,微信支付,180.3,1,0.053,170.74,94.94,0.4439,0,0.0,C719335244
O0628213188,2025-10-19,华东,上海,食品,零食,食-零-544,自然搜索,支付宝,51.0,2,0.157,85.99,48.95,0.4307,0,0.0,C672971561
O5389454332,2025-10-19,华南,深圳,服饰,上衣,服-上-443,站内推荐,微信支付,125.98,1,0.0,138.07,74.66,0.4593,0,0.0,C490167728
O3510057975,2025-10-19,西南,贵阳,食品,零食,食-零-358,自然搜索,微信支付,51.94,2,0.071,110.39,74.15,0.3283,0,0.0,C748480343
O5993099910,2025-10-19,东北,哈尔滨,家居,厨具,家-厨-726,直播,微信支付,87.26,3,0.066,234.73,140.29,0.4023,0,0.0,C565003623
O6360245247,2025-10-19,华中,郑州,家居,清洁,家-清-723,私域,微信支付,44.96,3,0.041,129.35,78.53,0.3929,0,0.0,C005009184
O7559178619,2025-10-19,华东,杭州,数码,耳机,数-耳-326,直播,支付宝,280.49,2,0.098,506.0,365.13,0.2784,0,0.0,C763098532
O8317664272,2025-10-19,华南,广州,食品,饮料,食-饮-417,自然搜索,支付宝,58.5,2,0.021,125.53,77.37,0.3837,0,0.0,C424305566
O5123329114,2025-10-20,华南,厦门,服饰,上衣,服-上-884,直播,支付宝,151.45,4,0.123,582.43,353.44,0.3932,0,0.0,C389386007
O5686130344,2025-10-20,华东,苏州,美妆,彩妆,美-彩-188,直播,微信支付,47.9,2,0.097,86.51,46.78,0.4593,0,0.0,C140270480
O0369863584,2025-10-20,西南,贵阳,数码,配件,数-配-564,信息流广告,微信支付,125.54,2,0.101,258.31,189.84,0.2651,0,0.0,C393483745
O8296199854,2025-10-20,华东,南京,美妆,护肤,美-护-615,自然搜索,微信支付,192.04,2,0.054,363.34,198.49,0.4537,0,0.0,C572147823
O7512480555,2025-10-20,华北,天津,服饰,上衣,服-上-606,私域,货到付款,143.47,4,0.05,545.19,303.36,0.4436,0,0.0,C966369825
O9697116192,2025-10-20,西南,昆明,服饰,上衣,服-上-941,直播,银行卡,123.02,3,0.144,361.53,239.85,0.3366,0,0.0,C254182537
O9919309184,2025-10-20,华东,上海,家居,清洁,家-清-895,自然搜索,微信支付,87.11,2,0.071,161.85,100.59,0.3785,0,0.0,C773412402
O7636274170,2025-10-20,华南,佛山,家居,厨具,家-厨-814,私域,银行卡,77.69,2,0.091,154.84,90.12,0.418,0,0.0,C401437647
O9934251271,2025-10-20,西南,成都,数码,智能穿戴,数-智-822,直播,微信支付,121.87,3,0.09,380.75,274.85,0.2781,0,0.0,C407331614
O8754531043,2025-10-20,东北,哈尔滨,美妆,彩妆,美-彩-346,站内推荐,支付宝,93.16,3,0.069,249.76,136.06,0.4552,0,0.0,C465936805
O2437968368,2025-10-20,华中,长沙,美妆,护肤,美-护-184,私域,微信支付,177.96,4,,699.03,393.79,0.4367,0,0.0,C310409868
O8549604721,2025-10-20,华东,苏州,美妆,护肤,美-护-365,信息流广告,支付宝,208.5,3,0.185,509.78,309.39,0.3931,0,0.0,C353180212
O2337670137,2025-10-20,华南,深圳,家居,厨具,家-厨-370,站内推荐,支付宝,64.31,2,0.029,136.91,83.25,0.3919,0,0.0,C749518323
O8041197961,2025-10-20,华北,天津,美妆,彩妆,美-彩-209,站内推荐,支付宝,112.09,3,0.118,296.59,146.73,0.5053,0,0.0,C830990291
O9269139375,2025-10-20,东北,哈尔滨,美妆,护肤,美-护-613,自然搜索,微信支付,110.78,4,0.082,390.47,216.53,0.4455,0,0.0,C295637754
O4888562495,2025-10-20,华南,厦门,数码,配件,数-配-887,直播,货到付款,186.33,4,0.12,719.02,514.25,0.2848,0,0.0,C167983898
O1566016525,2025-10-20,华南,广州,数码,耳机,数-耳-256,线下导流,支付宝,251.69,3,0.046,789.68,565.17,0.2843,0,0.0,C721092130
O5012117379,2025-10-20,华东,苏州,美妆,护肤,美-护-586,站内推荐,支付宝,123.27,2,0.038,237.17,158.22,0.3329,0,0.0,C232906205
O0290182516,2025-10-20,西南,贵阳,美妆,护肤,美-护-224,站内推荐,微信支付,185.67,1,0.003,211.84,114.98,0.4572,0,0.0,C278473502
O6207319266,2025-10-20,华北,天津,家居,清洁,家-清-896,私域,支付宝,65.55,1,0.052,62.14,39.39,0.3661,0,0.0,C865808986
O4147302798,2025-10-20,华东,苏州,服饰,鞋靴,服-鞋-203,直播,支付宝,135.7,1,0.138,116.97,71.32,0.3903,0,0.0,C355604425
O5269875137,2025-10-20,华南,厦门,服饰,上衣,服-上-572,线下导流,微信支付,170.74,1,0.085,171.27,94.59,0.4477,0,0.0,C277633770
O9060665376,2025-10-20,华东,宁波,数码,配件,数-配-583,信息流广告,微信支付,156.25,3,0.104,420.0,284.44,0.3228,0,0.0,C542436788
O1421240547,2025-10-20,华北,太原,家居,厨具,家-厨-677,信息流广告,支付宝,99.58,4,,360.48,215.16,0.4031,1,352.98,C654661386
O2192926138,2025-10-20,华东,宁波,数码,智能穿戴,数-智-848,自然搜索,微信支付,83.47,1,0.086,76.29,51.57,0.324,1,62.75,C325382231
O6614881380,2025-10-20,华东,杭州,数码,智能穿戴,数-智-288,站内推荐,支付宝,222.38,4,0.0,889.52,627.43,0.2946,0,0.0,C509684079
O5954885732,2025-10-21,华北,太原,服饰,裤装,服-裤-264,站内推荐,微信支付,131.38,3,0.022,385.47,238.05,0.3824,0,0.0,C367448745
O8070242749,2025-10-21,华东,南京,服饰,裤装,服-裤-102,自然搜索,微信支付,134.24,3,,399.9,218.64,0.4533,0,0.0,C630607006
O7366108724,2025-10-21,华东,南京,服饰,鞋靴,服-鞋-887,私域,支付宝,138.77,4,0.089,505.68,290.53,0.4255,0,0.0,C203239656
O3948044816,2025-10-21,西南,昆明,数码,智能穿戴,数-智-749,自然搜索,微信支付,116.72,1,0.038,128.55,102.45,0.203,0,0.0,C984280852
O0428199990,2025-10-21,华北,天津,食品,速食,食-速-851,站内推荐,支付宝,45.21,2,0.074,83.73,57.43,0.3141,0,0.0,C126576585
O4545647155,2025-10-21,华南,佛山,家居,厨具,家-厨-107,私域,支付宝,81.65,3,0.031,260.28,174.99,0.3277,0,0.0,C139477263
O1088779092,2025-10-21,华南,佛山,数码,配件,数-配-439,私域,支付宝,194.51,2,0.071,396.31,291.38,0.2648,0,0.0,C342915508
O9968854747,2025-10-21,西南,贵阳,数码,耳机,数-耳-416,信息流广告,支付宝,278.36,4,0.097,1151.11,803.1,0.3023,0,0.0,C143379646
O1997016036,2025-10-21,华东,上海,数码,智能穿戴,数-智-472,自然搜索,支付宝,224.12,2,0.053,424.48,313.81,0.2607,0,0.0,C695305681
O5865522282,2025-10-21,华中,郑州,数码,耳机,数-耳-972,站内推荐,银行卡,148.96,4,0.065,557.11,448.04,0.1958,1,389.8,C837324739
O5719365514,2025-10-21,华中,南昌,服饰,裤装,服-裤-126,自然搜索,支付宝,92.83,4,0.061,348.67,179.4,0.4855,0,0.0,C749697510
O1204993013,2025-10-21,华中,长沙,数码,配件,数-配-836,站内推荐,支付宝,165.57,3,0.063,465.42,353.66,0.2401,0,0.0,C647452471
O5127769782,2025-10-21,华东,杭州,食品,零食,食-零-820,线下导流,微信支付,70.06,2,0.051,132.97,89.39,0.3277,0,0.0,C469707317
O3866555443,2025-10-21,西北,乌鲁木齐,服饰,鞋靴,服-鞋-962,站内推荐,支付宝,97.4,4,0.035,375.96,222.04,0.4094,0,0.0,C694075018
O7112236092,2025-10-22,华南,厦门,家居,清洁,家-清-152,线下导流,支付宝,66.71,4,0.08,269.29,183.36,0.3191,0,0.0,C907583977
O8027231292,2025-10-22,华南,深圳,服饰,上衣,服-上-775,线下导流,支付宝,135.32,4,0.087,542.09,258.3,0.5235,0,0.0,C784940910
O3668869631,2025-10-22,东北,,食品,零食,食-零-887,自然搜索,支付宝,48.22,4,0.061,173.8,116.03,0.3324,0,0.0,C190889095
O1569506296,2025-10-22,华北,太原,食品,饮料,食-饮-319,自然搜索,支付宝,74.71,1,0.022,73.07,57.25,0.2165,0,0.0,C987533019
O5863661140,2025-10-22,东北,沈阳,家居,清洁,家-清-694,自然搜索,微信支付,75.76,2,0.036,140.17,84.12,0.3999,0,0.0,C799322087
O7691909469,2025-10-22,华东,上海,数码,智能穿戴,数-智-359,站内推荐,支付宝,138.29,4,0.0,553.16,439.17,0.2061,0,0.0,C377541522
O4519755250,2025-10-22,华东,宁波,服饰,鞋靴,服-鞋-914,站内推荐,支付宝,111.98,2,0.094,202.91,113.24,0.4419,0,0.0,C372773271
O6489842044,2025-10-22,华北,天津,家居,厨具,家-厨-253,直播,支付宝,64.18,2,0.099,115.65,75.11,0.3505,0,0.0,C436101054
O5589209432,2025-10-22,东北,哈尔滨,美妆,彩妆,美-彩-319,站内推荐,微信支付,160.25,3,0.083,423.04,207.72,0.509,0,0.0,C498885773
O0120349252,2025-10-22,东北,大连,数码,配件,数-配-155,私域,微信支付,206.36,2,0.017,389.32,278.13,0.2856,0,0.0,C366422483
O4219840583,2025-10-22,华东,南京,家居,收纳,家-收-972,线下导流,微信支付,67.21,4,0.109,239.54,154.06,0.3569,1,181.36,C464902747
O3058557358,2025-10-22,西南,昆明,数码,耳机,数-耳-491,站内推荐,微信支付,203.45,4,0.059,877.12,660.27,0.2472,0,0.0,C575066088
O8593369204,2025-10-22,华东,杭州,食品,饮料,食-饮-740,私域,支付宝,23.43,1,0.0,23.43,15.24,0.3496,1,19.0,C242332518
O4082578505,2025-10-22,华北,北京,家居,收纳,家-收-356,自然搜索,微信支付,60.03,3,0.097,162.62,101.75,0.3743,0,0.0,C474742693
O8674935039,2025-10-22,华东,苏州,服饰,鞋靴,服-鞋-480,自然搜索,银行卡,150.87,1,0.096,136.39,75.63,0.4455,0,0.0,C660051331
O2701402992,2025-10-23,东北,哈尔滨,食品,饮料,食-饮-921,线下导流,微信支付,61.56,2,0.032,114.35,76.7,0.3293,0,0.0,C480581950
O6201505920,2025-10-23,华东,上海,数码,耳机,数-耳-535,信息流广告,微信支付,244.87,3,0.126,642.05,446.0,0.3054,0,0.0,C288423637
O4295389873,2025-10-23,华北,石家庄,美妆,彩妆,美-彩-234,自然搜索,银行卡,256.19,2,0.071,476.0,238.58,0.4988,0,0.0,C784381917
O2608341270,2025-10-23,华东,南京,服饰,裤装,服-裤-118,私域,银行卡,124.51,3,0.077,344.77,187.63,0.4558,0,0.0,C395991493
O2946398823,2025-10-23,华北,天津,服饰,裤装,服-裤-192,私域,微信支付,133.38,1,0.027,129.78,71.79,0.4468,0,0.0,C167402554
O0703797315,2025-10-23,华东,宁波,食品,速食,食-速-328,自然搜索,微信支付,26.77,3,0.0,80.31,56.37,0.2981,0,0.0,C073602038
O7939712414,2025-10-23,华中,郑州,数码,智能穿戴,数-智-613,站内推荐,支付宝,182.27,2,0.109,324.81,246.04,0.2425,0,0.0,C133217037
O3123829267,2025-10-23,华东,苏州,食品,零食,食-零-781,站内推荐,微信支付,63.4,3,0.054,179.93,129.15,0.2822,0,0.0,C647723210
O0005684387,2025-10-23,华东,南京,家居,收纳,家-收-350,私域,支付宝,95.96,2,0.016,188.85,116.31,0.3841,0,0.0,C797025321
O7907757202,2025-10-23,华东,苏州,家居,厨具,家-厨-176,私域,银行卡,107.34,2,0.03,208.24,137.88,0.3379,0,0.0,C196120007
O1035817073,2025-10-23,西南,成都,家居,收纳,家-收-164,信息流广告,支付宝,98.93,1,0.068,105.65,66.96,0.3662,0,0.0,C087261959
O1799831544,2025-10-24,华北,石家庄,服饰,上衣,服-上-620,自然搜索,微信支付,126.56,1,0.026,123.27,71.61,0.4191,0,0.0,C083559722
O5970623785,2025-10-24,华南,厦门,服饰,鞋靴,服-鞋-444,直播,微信支付,101.25,3,0.132,289.38,149.0,0.4851,0,0.0,C486325099
O1792008858,2025-10-24,华东,苏州,美妆,彩妆,美-彩-231,直播,微信支付,195.08,4,0.12,686.68,398.24,0.4201,0,0.0,C331398666
O6265402832,2025-10-24,华东,上海,服饰,鞋靴,服-鞋-388,线下导流,支付宝,166.58,1,0.054,157.58,102.08,0.3522,0,0.0,C979804195
O7023664364,2025-10-24,华东,苏州,数码,配件,数-配-359,自然搜索,微信支付,254.56,2,0.094,461.26,354.36,0.2318,0,0.0,C851868584
O6743649101,2025-10-24,华南,佛山,家居,厨具,家-厨-145,私域,支付宝,97.89,3,0.089,293.64,178.09,0.3935,0,0.0,C772236233
O1026729040,2025-10-24,华北,天津,美妆,彩妆,美-彩-378,站内推荐,支付宝,166.04,4,0.066,620.33,327.91,0.4714,0,0.0,C335697267
O7738439660,2025-10-24,华南,佛山,家居,清洁,家-清-139,站内推荐,微信支付,70.51,3,0.063,217.54,137.48,0.368,0,0.0,C956440784
O4562842852,2025-10-24,华中,长沙,数码,配件,数-配-392,自然搜索,支付宝,157.46,1,0.072,146.12,113.32,0.2245,0,0.0,C930432176
O2957228815,2025-10-25,西北,银川,食品,饮料,食-饮-864,信息流广告,支付宝,48.7,3,0.126,127.69,78.49,0.3853,0,0.0,C417641828
O1519928857,2025-10-25,西北,乌鲁木齐,数码,配件,数-配-275,自然搜索,微信支付,161.98,3,0.0,485.94,340.66,0.299,0,0.0,C179634842
O1184965949,2025-10-25,华南,深圳,数码,智能穿戴,数-智-945,自然搜索,微信支付,161.26,4,0.1,637.38,469.76,0.263,0,0.0,C485801548
O5840759636,2025-10-25,华北,石家庄,数码,耳机,数-耳-284,信息流广告,支付宝,112.63,1,0.08,103.62,80.35,0.2246,0,0.0,C073456216
O9698897027,2025-10-25,华东,杭州,家居,厨具,家-厨-654,直播,支付宝,75.64,3,0.1,204.23,129.39,0.3664,0,0.0,C268953994
O3717423245,2025-10-25,华南,深圳,数码,耳机,数-耳-153,私域,支付宝,241.82,1,0.034,256.47,180.36,0.2968,0,0.0,C402019656
O4411627492,2025-10-25,华东,南京,美妆,护肤,美-护-541,直播,支付宝,139.39,4,0.103,500.13,266.65,0.4668,0,0.0,C323477141
O1257349600,2025-10-25,华东,宁波,服饰,裤装,服-裤-461,自然搜索,微信支付,136.12,3,0.025,398.15,217.03,0.4549,0,0.0,C979895823
O5506983481,2025-10-25,东北,沈阳,数码,耳机,数-耳-709,信息流广告,支付宝,219.9,4,0.084,772.84,588.98,0.2379,0,0.0,C182569969
O8010333492,2025-10-25,华南,深圳,美妆,彩妆,美-彩-361,直播,支付宝,184.98,4,0.08,747.38,503.88,0.3258,0,0.0,C473837312
O0539657816,2025-10-25,华南,深圳,美妆,彩妆,美-彩-849,站内推荐,微信支付,197.28,1,0.021,212.05,107.97,0.4908,0,0.0,C071039212
O3878667555,2025-10-25,西南,重庆,数码,智能穿戴,数-智-505,信息流广告,支付宝,224.52,1,0.077,237.67,172.67,0.2735,0,0.0,C862562800
O0776086873,2025-10-25,华东,南京,家居,厨具,家-厨-799,站内推荐,微信支付,97.36,4,0.072,361.4,231.37,0.3598,0,0.0,C450743494
O7759593631,2025-10-26,华中,郑州,服饰,鞋靴,服-鞋-154,私域,支付宝,186.33,1,0.074,172.54,97.2,0.4367,1,166.12,C110457615
O2226901365,2025-10-26,西北,西安,食品,速食,食-速-405,自然搜索,支付宝,57.31,1,0.073,53.13,34.08,0.3586,0,0.0,C954334106
O9887159867,2025-10-26,华南,广州,家居,厨具,家-厨-591,自然搜索,微信支付,87.82,1,0.088,87.96,54.14,0.3845,0,0.0,C995384502
O6782103434,2025-10-26,东北,长春,数码,智能穿戴,数-智-712,信息流广告,支付宝,217.39,4,0.08,767.25,522.81,0.3186,0,0.0,C223922213
O6812444349,2025-10-26,华东,上海,数码,智能穿戴,数-智-251,自然搜索,支付宝,211.81,3,0.027,618.27,455.51,0.2633,0,0.0,C181583168
O5525415675,2025-10-26,华北,太原,数码,配件,数-配-664,站内推荐,支付宝,235.86,1,0.1,212.27,157.93,0.256,0,0.0,C491655312
O8412504130,2025-10-26,华北,北京,美妆,香氛,美-香-208,自然搜索,微信支付,96.27,3,0.073,267.73,136.12,0.4916,0,0.0,C480827321
O2829881934,2025-10-26,华东,南京,食品,饮料,食-饮-996,信息流广告,银行卡,61.59,3,0.122,162.23,121.61,0.2504,0,0.0,C123634108
O3774514382,2025-10-26,华东,宁波,数码,配件,数-配-126,站内推荐,支付宝,266.94,4,0.032,1033.59,772.83,0.2523,0,0.0,C232376036
O7744018188,2025-10-26,华北,北京,家居,清洁,家-清-939,站内推荐,微信支付,112.53,1,0.018,110.5,69.63,0.3699,0,0.0,C096407474
O2471107363,2025-10-26,华东,南京,家居,收纳,家-收-287,站内推荐,货到付款,80.93,2,0.062,151.82,90.33,0.405,0,0.0,C419129886
O6270199740,2025-10-27,华南,厦门,数码,配件,数-配-113,信息流广告,支付宝,223.31,1,0.037,236.25,179.29,0.2411,0,0.0,C599895050
O0369148905,2025-10-27,西南,重庆,家居,收纳,家-收-928,私域,支付宝,68.44,1,0.019,77.07,48.86,0.366,0,0.0,C886320306
O0542782234,2025-10-27,华东,南京,美妆,护肤,美-护-504,信息流广告,银行卡,185.67,1,0.09,168.96,91.4,0.459,0,0.0,C847636062
O9183251500,2025-10-27,华南,佛山,美妆,彩妆,美-彩-640,私域,支付宝,122.73,4,0.036,519.9,294.04,0.4344,0,0.0,C166138110
O3693115603,2025-10-27,东北,哈尔滨,服饰,上衣,服-上-938,站内推荐,支付宝,103.47,3,0.088,271.47,147.12,0.4581,0,0.0,C125482532
O8815064121,2025-10-27,华北,天津,美妆,彩妆,美-彩-605,站内推荐,支付宝,139.01,4,0.036,536.02,305.7,0.4297,0,0.0,C948166071
O5900907419,2025-10-27,华东,苏州,服饰,裤装,服-裤-801,自然搜索,支付宝,158.92,1,0.091,144.46,78.51,0.4565,0,0.0,C561293307
O2740381317,2025-10-27,华中,武汉,食品,速食,食-速-929,自然搜索,微信支付,63.5,2,0.034,122.68,81.93,0.3322,0,0.0,C122531552
O3023931265,2025-10-27,西南,成都,家居,收纳,家-收-159,信息流广告,微信支付,45.58,4,0.032,202.58,127.05,0.3728,0,0.0,C498077611
O7631504706,2025-10-27,华中,南昌,服饰,鞋靴,服-鞋-880,站内推荐,支付宝,120.8,2,0.065,225.9,143.38,0.3653,0,0.0,C251243412
O4583635604,2025-10-27,东北,长春,数码,耳机,数-耳-822,信息流广告,支付宝,252.53,1,0.132,210.19,165.82,0.2111,0,0.0,C564202858
O0235889361,2025-10-27,华中,长沙,食品,零食,食-零-397,自然搜索,支付宝,47.86,2,0.039,91.99,61.85,0.3276,0,0.0,C101552669
O0687746468,2025-10-27,华南,厦门,服饰,上衣,服-上-896,站内推荐,支付宝,123.92,3,0.049,388.39,219.67,0.4344,0,0.0,C099121702
O4912489960,2025-10-27,华中,武汉,服饰,鞋靴,服-鞋-480,私域,支付宝,164.62,1,0.09,149.8,91.24,0.3909,0,0.0,C098663484
O9250894798,2025-10-27,华中,长沙,数码,耳机,数-耳-747,私域,微信支付,200.83,4,0.117,709.33,543.46,0.2338,0,0.0,C062364079
O8789002182,2025-10-28,华东,苏州,服饰,鞋靴,服-鞋-486,站内推荐,银行卡,93.61,1,0.053,88.65,50.26,0.4331,0,0.0,C020221595
O1425816885,2025-10-28,华南,佛山,家居,厨具,家-厨-744,自然搜索,微信支付,77.24,4,0.008,336.8,218.33,0.3518,0,0.0,C549459878
O9408827812,2025-10-28,华中,郑州,食品,饮料,食-饮-256,私域,微信支付,46.78,4,0.017,183.94,122.83,0.3322,0,0.0,C326901684
O1756489821,2025-10-28,西南,成都,食品,速食,食-速-678,信息流广告,银行卡,35.67,3,0.051,116.62,82.04,0.2965,0,0.0,C956422726
O3194059292,2025-10-28,华中,南昌,数码,耳机,数-耳-283,私域,银行卡,250.17,3,0.035,724.24,485.26,0.33,0,0.0,C518494916
O3178354340,2025-10-28,东北,大连,服饰,上衣,服-上-455,自然搜索,银行卡,70.19,4,0.11,239.58,141.6,0.409,0,0.0,C917110640
O3567270557,2025-10-28,华南,深圳,美妆,彩妆,美-彩-256,站内推荐,支付宝,114.05,4,0.005,498.81,266.51,0.4657,0,0.0,C800135325
O0807535829,2025-10-28,华南,广州,数码,配件,数-配-270,直播,微信支付,142.77,4,0.128,547.23,389.84,0.2876,0,0.0,C738687779
O9896776766,2025-10-28,华南,厦门,服饰,上衣,服-上-425,自然搜索,微信支付,65.1,4,0.023,279.57,163.35,0.4157,0,0.0,C905552802
O7159557531,2025-10-28,华北,石家庄,美妆,香氛,美-香-844,自然搜索,支付宝,189.46,4,0.054,716.92,360.94,0.4965,0,0.0,C248808070
O1647805484,2025-10-28,华中,郑州,美妆,彩妆,美-彩-689,自然搜索,微信支付,168.35,3,0.085,462.12,257.63,0.4425,0,0.0,C753063272
O4420412496,2025-10-28,华东,宁波,美妆,护肤,美-护-949,信息流广告,微信支付,166.51,1,0.025,162.35,82.05,0.4946,0,0.0,C958748527
O1875831384,2025-10-28,华南,广州,家居,清洁,家-清-597,自然搜索,银行卡,97.36,1,0.059,100.68,63.24,0.3719,0,0.0,C628926740
O8361422033,2025-10-28,西南,成都,食品,零食,食-零-769,线下导流,微信支付,42.21,4,0.062,181.87,134.98,0.2578,0,0.0,C379451333
O1449543959,2025-10-28,华北,天津,家居,收纳,家-收-757,私域,微信支付,39.4,1,0.124,34.51,20.58,0.4037,0,0.0,C974009557
O1354990496,2025-10-28,东北,哈尔滨,美妆,香氛,美-香-787,自然搜索,微信支付,221.95,2,0.07,395.81,225.24,0.4309,0,0.0,C796665951
O9434319157,2025-10-29,华北,石家庄,美妆,彩妆,美-彩-633,自然搜索,支付宝,213.98,3,0.025,625.89,332.87,0.4682,0,0.0,C355853962
O2397195479,2025-10-29,华中,长沙,数码,耳机,数-耳-254,自然搜索,支付宝,228.13,2,0.029,443.03,331.0,0.2529,0,0.0,C603033731
O0555403987,2025-10-29,东北,大连,服饰,鞋靴,服-鞋-437,自然搜索,支付宝,116.65,2,0.059,210.46,125.52,0.4036,1,201.03,C334402832
O3576408289,2025-10-29,西南,昆明,数码,耳机,数-耳-418,自然搜索,支付宝,260.68,1,0.09,272.53,196.43,0.2792,0,0.0,C706568685
O6572903034,2025-10-29,华东,杭州,数码,配件,数-配-630,信息流广告,银行卡,183.62,1,0.085,168.01,115.27,0.3139,1,122.69,C778052818
O0352539457,2025-10-29,华南,厦门,家居,收纳,家-收-869,自然搜索,微信支付,90.5,1,0.089,90.63,61.28,0.3238,0,0.0,C930165738
O9623674313,2025-10-29,华南,广州,服饰,裤装,服-裤-512,信息流广告,支付宝,117.6,4,0.063,484.5,303.52,0.3735,1,462.83,C855459075
O7942089801,2025-10-29,华东,宁波,数码,配件,数-配-431,直播,微信支付,131.17,4,0.106,469.06,351.07,0.2515,1,460.22,C086883969
O9481872159,2025-10-29,华北,天津,服饰,裤装,服-裤-208,线下导流,微信支付,163.33,4,0.077,603.01,349.97,0.4196,0,0.0,C429644084
O3018896971,2025-10-29,华东,上海,食品,零食,食-零-757,信息流广告,微信支付,54.6,3,0.079,150.86,105.8,0.2987,0,0.0,C430199943
O9758602395,2025-10-29,华南,佛山,家居,收纳,家-收-421,直播,支付宝,78.77,4,0.128,302.01,192.48,0.3627,0,0.0,C495754739
O1638446558,2025-10-29,华中,武汉,食品,饮料,食-饮-435,自然搜索,银行卡,65.25,2,0.101,117.32,83.38,0.2893,0,0.0,C709503056
O5125384417,2025-10-29,华中,南昌,服饰,裤装,服-裤-712,直播,支付宝,175.44,1,0.14,150.88,80.44,0.4669,0,0.0,C746940167
O0469395875,2025-10-29,西南,成都,食品,饮料,食-饮-453,站内推荐,银行卡,52.52,4,0.12,212.39,143.41,0.3248,0,0.0,C868402514
O4033135181,2025-10-29,华东,上海,服饰,鞋靴,服-鞋-910,直播,支付宝,136.58,2,0.103,245.02,138.4,0.4351,0,0.0,C812326211
O9642348638,2025-10-29,华北,太原,数码,耳机,数-耳-881,线下导流,微信支付,148.51,3,0.028,433.06,315.53,0.2714,0,0.0,C695978414
O7050100909,2025-10-29,华北,太原,数码,耳机,数-耳-372,私域,微信支付,160.81,4,0.109,573.13,419.83,0.2675,0,0.0,C058816872
O6637717845,2025-10-29,西北,西安,家居,清洁,家-清-495,自然搜索,微信支付,107.92,1,0.075,99.83,61.7,0.3819,0,0.0,C906826500
O8341989413,2025-10-29,西北,银川,服饰,裤装,服-裤-861,信息流广告,微信支付,187.12,1,0.124,163.92,93.13,0.4319,0,0.0,C410853836
O1277639319,2025-10-29,华南,厦门,食品,速食,食-速-355,自然搜索,银行卡,58.04,4,0.106,228.15,144.83,0.3652,0,0.0,C500174246
O0380339873,2025-10-29,华北,太原,服饰,鞋靴,服-鞋-744,站内推荐,支付宝,120.66,2,0.084,221.05,126.64,0.4271,0,0.0,C828611095
O9313531378,2025-10-29,华东,上海,数码,智能穿戴,数-智-956,站内推荐,微信支付,151.29,4,0.042,579.74,425.36,0.2663,0,0.0,C944652995
O0799978599,2025-10-30,华北,太原,食品,饮料,食-饮-849,信息流广告,支付宝,71.3,3,0.066,199.78,115.31,0.4228,0,0.0,C429812272
O7873131391,2025-10-30,西南,重庆,数码,耳机,数-耳-910,自然搜索,微信支付,268.71,2,0.067,576.29,471.43,0.182,0,0.0,C123945198
O9679208558,2025-10-30,华南,厦门,食品,饮料,食-饮-160,私域,支付宝,55.45,1,0.079,56.15,39.17,0.3024,0,0.0,C764409086
O3394712729,2025-10-30,西北,兰州,服饰,鞋靴,服-鞋-924,直播,微信支付,54.38,4,0.078,200.55,110.79,0.4476,0,0.0,C096415325
O6241166494,2025-10-30,华东,宁波,美妆,香氛,美-香-603,直播,银行卡,150.35,1,0.09,136.82,82.06,0.4002,0,0.0,C522542422
O3859170013,2025-10-30,华北,石家庄,数码,智能穿戴,数-智-549,私域,支付宝,212.64,2,0.048,404.87,304.17,0.2487,0,0.0,C310503391
O2093015525,2025-10-30,华中,武汉,数码,智能穿戴,数-智-883,信息流广告,银行卡,224.58,1,0.092,203.92,143.13,0.2981,0,0.0,C417046827
O6885946870,2025-10-30,华北,石家庄,美妆,香氛,美-香-778,线下导流,微信支付,185.11,4,0.065,692.31,406.82,0.4124,1,639.85,C987716055
O2519854775,2025-10-30,华东,杭州,服饰,上衣,服-上-416,直播,支付宝,153.85,2,0.054,291.08,167.63,0.4241,0,0.0,C665582129
O3003080740,2025-10-30,华中,南昌,食品,速食,食-速-106,站内推荐,支付宝,56.65,1,0.046,54.04,35.52,0.3427,0,0.0,C189512242
O7425428654,2025-10-30,华南,深圳,数码,耳机,数-耳-651,站内推荐,支付宝,224.2,4,0.112,875.64,670.77,0.234,0,0.0,C846372329
O7281282948,2025-10-30,华北,太原,数码,智能穿戴,数-智-298,自然搜索,微信支付,138.91,1,0.065,129.88,93.59,0.2794,0,0.0,C236522251
O9001799850,2025-10-30,华中,长沙,食品,速食,食-速-402,私域,货到付款,27.71,3,0.104,74.48,50.79,0.3181,0,0.0,C793899083
O0091713726,2025-10-30,华南,厦门,家居,厨具,家-厨-286,信息流广告,银行卡,40.97,1,0.101,40.5,23.93,0.4091,0,0.0,C023526130
O7462928161,2025-10-30,华东,苏州,服饰,上衣,服-上-776,信息流广告,支付宝,167.26,3,0.135,434.04,260.34,0.4002,0,0.0,C550146262
O9540738485,2025-10-30,华南,深圳,数码,配件,数-配-784,私域,微信支付,200.17,2,0.047,419.51,308.79,0.2639,0,0.0,C567897002
O3972672526,2025-10-30,东北,大连,美妆,彩妆,美-彩-938,站内推荐,微信支付,99.01,3,0.071,264.49,161.72,0.3886,0,0.0,C014656315
O8685132040,2025-10-30,华东,南京,服饰,裤装,服-裤-183,信息流广告,货到付款,186.07,3,0.086,510.2,272.83,0.4652,1,318.52,C279475529
O3214693632,2025-10-30,西南,成都,家居,清洁,家-清-956,直播,微信支付,111.24,2,0.051,242.66,160.79,0.3374,0,0.0,C237286069
O7737782749,2025-10-31,西南,贵阳,美妆,护肤,美-护-417,站内推荐,微信支付,147.55,3,0.074,471.31,250.41,0.4687,0,0.0,C944745514
O0940768839,2025-10-31,华南,广州,数码,智能穿戴,数-智-178,自然搜索,微信支付,207.12,2,0.098,410.97,279.51,0.3199,0,0.0,C327521977
O7378009563,2025-10-31,华南,深圳,美妆,护肤,美-护-198,自然搜索,支付宝,157.04,2,0.073,320.24,194.83,0.3916,0,0.0,C435489479
O1432321291,2025-10-31,西北,乌鲁木齐,数码,配件,数-配-768,直播,支付宝,171.0,4,0.097,617.65,452.13,0.268,0,0.0,C017723302
O4299522263,2025-10-31,华南,深圳,美妆,彩妆,美-彩-848,自然搜索,微信支付,205.8,4,0.049,861.06,466.11,0.4587,0,0.0,C665537569
O4211705670,2025-10-31,华中,郑州,服饰,鞋靴,服-鞋-325,线下导流,银行卡,115.5,3,0.067,323.28,165.1,0.4893,0,0.0,C380876908
O9912192115,2025-10-31,华中,郑州,数码,耳机,数-耳-309,站内推荐,微信支付,53.25,2,0.029,103.41,72.95,0.2946,0,0.0,C288186111
O9974330735,2025-10-31,华东,杭州,数码,智能穿戴,数-智-333,信息流广告,支付宝,133.96,3,0.082,368.93,268.48,0.2723,0,0.0,C682730102
O8409707614,2025-10-31,西南,昆明,食品,速食,食-速-645,直播,支付宝,39.23,2,0.121,79.3,56.15,0.2919,0,0.0,C905454079
O6376860557,2025-10-31,西南,昆明,美妆,护肤,美-护-599,直播,银行卡,141.12,1,0.11,144.42,81.62,0.4348,0,0.0,C376533705
O6245164151,2025-10-31,华东,宁波,数码,配件,数-配-678,线下导流,支付宝,213.5,4,0.045,815.57,661.43,0.189,0,0.0,C669540579
O6036505497,2025-10-31,西南,成都,家居,清洁,家-清-573,信息流广告,微信支付,84.05,1,0.073,89.59,57.78,0.3551,0,0.0,C513490972
O8765374832,2025-10-31,西南,成都,食品,零食,食-零-396,自然搜索,微信支付,56.44,4,0.07,241.42,158.07,0.3452,0,0.0,C558466641
O1773761540,2025-10-31,东北,大连,美妆,香氛,美-香-965,私域,支付宝,130.4,3,0.061,352.05,187.01,0.4688,0,0.0,C637308691
O1741102700,2025-10-31,华南,深圳,家居,收纳,家-收-216,直播,支付宝,60.23,1,0.108,59.09,43.15,0.2698,0,0.0,C631390298
O7713847283,2025-10-31,华东,苏州,数码,耳机,数-耳-698,信息流广告,微信支付,196.51,2,0.085,359.61,234.81,0.347,0,0.0,C397363333
O3649395869,2025-11-01,华北,北京,家居,收纳,家-收-177,自然搜索,支付宝,71.58,3,0.034,228.18,150.59,0.34,0,0.0,C585238475
O7694725478,2025-11-01,华中,郑州,家居,厨具,家-厨-564,自然搜索,微信支付,103.22,4,0.057,428.28,248.77,0.4191,0,0.0,C304383886
O9443538716,2025-11-01,华南,广州,美妆,香氛,美-香-563,私域,微信支付,210.13,2,0.106,454.7,241.0,0.47,0,0.0,C730694346
O6046277605,2025-11-01,华北,太原,美妆,香氛,美-香-678,信息流广告,微信支付,69.22,2,0.064,142.54,79.01,0.4457,0,0.0,C887772079
O9139761103,2025-11-01,华东,南京,服饰,裤装,服-裤-995,信息流广告,微信支付,81.8,4,0.122,316.01,170.21,0.4614,0,0.0,C786218908
O8312987036,2025-11-01,华北,天津,数码,智能穿戴,数-智-787,信息流广告,支付宝,156.83,2,0.098,311.21,232.4,0.2532,0,0.0,C327165511
O5677743095,2025-11-01,华北,太原,数码,配件,数-配-299,私域,银行卡,183.25,3,0.031,585.98,452.99,0.227,0,0.0,C188659198
O3380940000,2025-11-01,西南,重庆,美妆,护肤,美-护-998,自然搜索,微信支付,106.92,4,0.064,506.54,268.54,0.4699,0,0.0,C923300291
O7910345972,2025-11-01,华中,武汉,美妆,香氛,美-香-530,自然搜索,微信支付,82.51,1,0.088,82.77,43.13,0.4789,0,0.0,C255281384
O8194039463,2025-11-01,华北,北京,服饰,裤装,服-裤-112,信息流广告,微信支付,152.09,4,0.067,624.36,340.49,0.4547,0,0.0,C445942249
O8051362080,2025-11-01,华东,宁波,食品,饮料,食-饮-690,直播,支付宝,52.68,2,0.123,101.64,74.11,0.2709,0,0.0,C469911992
O1206947990,2025-11-01,华中,郑州,服饰,鞋靴,服-鞋-447,线下导流,微信支付,130.93,3,0.068,402.69,208.56,0.4821,0,0.0,C959719554
O5488394832,2025-11-01,华北,石家庄,食品,速食,食-速-614,私域,支付宝,39.23,1,0.036,41.6,27.67,0.3349,0,0.0,C846844910
O2771250534,2025-11-01,西南,重庆,美妆,护肤,美-护-785,自然搜索,支付宝,136.34,1,0.012,170.45,104.74,0.3855,0,0.0,C533435005
O5457136314,2025-11-01,华北,天津,家居,厨具,家-厨-416,直播,支付宝,72.86,3,0.08,221.2,141.3,0.3612,0,0.0,C568673820
O8493539097,2025-11-02,西南,昆明,数码,耳机,数-耳-148,站内推荐,支付宝,213.37,3,0.047,772.23,667.67,0.1354,0,0.0,C845775644
O3899655571,2025-11-02,华东,南京,家居,收纳,家-收-661,自然搜索,支付宝,81.16,3,0.012,264.61,123.58,0.533,0,0.0,C400893790
O9013089877,2025-11-02,华南,厦门,家居,清洁,家-清-510,直播,支付宝,98.54,1,0.078,109.99,76.12,0.3079,0,0.0,C942352422
O1831076889,2025-11-02,华北,天津,数码,配件,数-配-299,自然搜索,微信支付,229.31,2,0.033,487.83,368.69,0.2442,1,301.97,C212872613
O8864592824,2025-11-02,华东,苏州,美妆,彩妆,美-彩-804,自然搜索,微信支付,227.59,1,0.03,242.84,128.21,0.472,0,0.0,C927022117
O5270065524,2025-11-02,华南,佛山,服饰,上衣,服-上-832,私域,货到付款,153.49,3,0.03,540.72,334.11,0.3821,0,0.0,C648520048
O9551050928,2025-11-02,华中,南昌,服饰,裤装,服-裤-931,自然搜索,微信支付,84.82,1,0.055,88.17,52.77,0.4015,0,0.0,C645003331
O0965685373,2025-11-02,华南,佛山,数码,智能穿戴,数-智-343,自然搜索,银行卡,257.36,4,0.0,1246.24,795.07,0.362,0,0.0,C872535079
O7152476387,2025-11-02,华东,苏州,家居,清洁,家-清-113,信息流广告,微信支付,67.01,4,0.043,282.17,171.7,0.3915,0,0.0,C949643766
O9702069195,2025-11-02,华北,石家庄,美妆,彩妆,美-彩-962,自然搜索,微信支付,205.78,4,0.03,878.27,438.93,0.5002,0,0.0,C510255191
O8821217642,2025-11-02,华北,天津,食品,速食,食-速-366,信息流广告,微信支付,35.93,3,0.136,102.44,71.22,0.3048,0,0.0,C649395475
O9986666020,2025-11-02,华南,深圳,美妆,彩妆,美-彩-823,直播,支付宝,195.66,1,0.099,213.42,119.71,0.4391,0,0.0,C238130336
O3917077264,2025-11-02,东北,哈尔滨,服饰,裤装,服-裤-535,信息流广告,微信支付,90.75,2,0.139,164.7,93.43,0.4327,1,114.24,C672492954
O6135646599,2025-11-02,华东,杭州,服饰,上衣,服-上-408,私域,微信支付,186.61,3,0.1,554.23,361.96,0.3469,0,0.0,C225705396
O6420141166,2025-11-02,东北,大连,家居,收纳,家-收-702,直播,微信支付,60.51,1,0.067,59.5,39.2,0.3412,0,0.0,C463117243
O2271968368,2025-11-02,华北,北京,美妆,彩妆,美-彩-648,自然搜索,货到付款,216.53,3,0.052,677.39,375.77,0.4453,1,517.76,C269351803
O8966742932,2025-11-02,华南,广州,家居,厨具,家-厨-534,自然搜索,支付宝,74.63,2,0.07,168.05,101.26,0.3974,0,0.0,C915384323
O4332819222,2025-11-02,华东,上海,服饰,上衣,服-上-681,直播,支付宝,123.07,2,0.14,232.85,147.27,0.3675,0,0.0,C755015793
O2152748553,2025-11-02,西南,贵阳,服饰,鞋靴,服-鞋-486,直播,支付宝,179.71,1,0.08,209.3,115.25,0.4494,0,0.0,C469284615
O8028710570,2025-11-02,华东,宁波,美妆,护肤,美-护-114,站内推荐,微信支付,130.84,1,0.083,131.98,70.8,0.4636,0,0.0,C367376841
O0718829415,2025-11-02,华东,宁波,数码,智能穿戴,数-智-428,自然搜索,支付宝,147.54,3,0.016,479.09,354.63,0.2598,0,0.0,C243650493
O9687144540,2025-11-02,华南,厦门,服饰,鞋靴,服-鞋-631,信息流广告,支付宝,135.73,1,0.066,153.47,94.41,0.3848,0,0.0,C805254055
O9530702508,2025-11-02,东北,沈阳,家居,厨具,家-厨-884,私域,支付宝,91.17,4,0.082,352.83,233.51,0.3382,0,0.0,C725750334
O1224155609,2025-11-03,华东,苏州,家居,厨具,家-厨-858,自然搜索,支付宝,96.29,4,0.073,392.75,242.36,0.3829,0,0.0,C156589337
O8457622052,2025-11-03,华南,佛山,美妆,香氛,美-香-741,直播,支付宝,185.39,4,0.099,809.1,482.07,0.4042,0,0.0,C766869620
O8758980176,2025-11-03,华东,宁波,服饰,鞋靴,服-鞋-179,私域,微信支付,116.67,4,0.028,498.97,261.3,0.4763,0,0.0,C218512102
O2243287165,2025-11-03,华北,北京,数码,配件,数-配-934,站内推荐,支付宝,194.51,2,0.097,386.41,293.85,0.2395,0,0.0,C329280588
O0543818963,2025-11-03,华中,郑州,食品,饮料,食-饮-110,直播,银行卡,47.57,3,0.095,142.07,86.3,0.3926,0,0.0,C425444895
O8141678329,2025-11-03,华中,武汉,家居,清洁,家-清-533,线下导流,银行卡,71.68,4,0.099,284.17,176.66,0.3783,0,0.0,C758659267
O7145679187,2025-11-03,东北,长春,家居,清洁,家-清-965,私域,支付宝,90.64,4,0.078,352.25,223.57,0.3653,0,0.0,C120311876
O6368190325,2025-11-03,华东,上海,家居,收纳,家-收-941,线下导流,支付宝,74.89,3,0.03,239.72,151.45,0.3682,0,0.0,C018281222
O0340305100,2025-11-03,西南,重庆,美妆,香氛,美-香-122,站内推荐,支付宝,109.1,3,0.07,385.49,193.56,0.4979,0,0.0,C571911564
O8057172357,2025-11-03,西南,昆明,家居,清洁,家-清-214,线下导流,支付宝,94.53,3,0.088,327.55,195.71,0.4025,0,0.0,C577798414
O5916117763,2025-11-03,华北,石家庄,数码,配件,数-配-796,直播,微信支付,138.46,3,0.104,409.4,321.39,0.215,0,0.0,C033825308
O3037709544,2025-11-03,华东,苏州,美妆,彩妆,美-彩-597,信息流广告,微信支付,154.41,1,0.094,153.89,86.12,0.4404,0,0.0,C657161747
O1213627970,2025-11-03,西北,西安,服饰,鞋靴,服-鞋-600,信息流广告,银行卡,220.4,2,0.07,450.94,252.78,0.4394,0,0.0,C806761809
O0590912606,2025-11-03,华北,石家庄,数码,耳机,数-耳-111,线下导流,银行卡,120.52,2,0.108,236.51,182.04,0.2303,0,0.0,C427636533
O1155790764,2025-11-04,华南,广州,食品,饮料,食-饮-752,信息流广告,微信支付,64.71,4,0.074,290.34,191.57,0.3402,0,0.0,C455146969
O4789355974,2025-11-04,西北,兰州,数码,耳机,数-耳-430,信息流广告,支付宝,157.66,2,0.053,328.47,251.21,0.2352,0,0.0,C592199251
O6068353447,2025-11-04,华中,武汉,服饰,上衣,服-上-290,直播,银行卡,133.23,2,0.101,263.5,145.09,0.4494,0,0.0,C674811202
O4821142904,2025-11-04,西南,昆明,美妆,彩妆,美-彩-847,直播,微信支付,98.72,3,0.144,321.2,165.8,0.4838,0,0.0,C145189992
O0300543359,2025-11-04,华南,深圳,服饰,上衣,服-上-164,信息流广告,银行卡,176.12,3,0.052,606.74,355.51,0.4141,0,0.0,C170937632
O1493123309,2025-11-04,西南,昆明,美妆,香氛,美-香-726,自然搜索,支付宝,149.51,4,0.038,728.92,397.08,0.4552,0,0.0,C813427825
O6347381228,2025-11-04,东北,大连,数码,配件,数-配-112,直播,货到付款,130.64,2,0.076,254.37,193.19,0.2405,0,0.0,C583282168
O9128602554,2025-11-04,西南,昆明,家居,厨具,家-厨-721,自然搜索,支付宝,144.44,4,,658.08,387.77,0.4108,0,0.0,C744487279
O0581637688,2025-11-04,华东,杭州,服饰,裤装,服-裤-938,自然搜索,微信支付,91.61,2,0.074,186.63,113.12,0.3939,0,0.0,C395842117
O6865936395,2025-11-04,西北,兰州,食品,饮料,食-饮-986,私域,支付宝,53.85,2,0.13,103.07,73.02,0.2915,0,0.0,C588353903
O5987463635,2025-11-04,华北,石家庄,美妆,护肤,美-护-277,自然搜索,支付宝,152.66,2,0.056,317.04,162.9,0.4862,0,0.0,C446295607
O7361238175,2025-11-04,华北,北京,数码,耳机,数-耳-817,直播,银行卡,175.35,3,0.052,548.56,394.91,0.2801,0,0.0,C651342949
O9828634483,2025-11-04,西北,兰州,美妆,香氛,美-香-340,直播,支付宝,159.38,3,0.118,463.89,276.25,0.4045,0,0.0,C974244921
O6261914534,2025-11-04,西北,银川,家居,清洁,家-清-503,信息流广告,支付宝,46.8,4,0.05,195.62,131.08,0.3299,1,159.96,C127703972
O2633602237,2025-11-04,华东,上海,服饰,裤装,服-裤-787,私域,微信支付,98.94,3,0.032,316.05,192.55,0.3908,0,0.0,C282495046
O0339577544,2025-11-04,华南,深圳,数码,耳机,数-耳-766,站内推荐,微信支付,199.53,1,0.076,223.33,169.24,0.2422,0,0.0,C096839419
O3648334721,2025-11-04,华南,广州,数码,配件,数-配-469,线下导流,微信支付,168.6,3,0.014,604.11,447.43,0.2594,0,0.0,C588550229
O7942804636,2025-11-05,华北,天津,美妆,彩妆,美-彩-596,站内推荐,支付宝,115.71,3,0.028,371.15,200.58,0.4596,0,0.0,C125024670
O0864405839,2025-11-05,华南,佛山,家居,厨具,家-厨-549,自然搜索,支付宝,98.66,1,0.058,112.61,77.65,0.3105,0,0.0,C556279847
O4993392780,2025-11-05,华东,宁波,食品,零食,食-零-775,信息流广告,支付宝,55.46,1,0.114,54.05,38.86,0.281,0,0.0,C515490467
O3599347645,2025-11-05,华中,武汉,服饰,裤装,服-裤-618,信息流广告,支付宝,199.48,2,0.094,397.6,229.62,0.4225,0,0.0,C097113979
O8004903823,2025-11-05,华东,苏州,服饰,裤装,服-裤-322,直播,支付宝,131.54,2,0.099,260.74,158.55,0.3919,0,0.0,C070792789
O7987435366,2025-11-05,华南,佛山,美妆,护肤,美-护-598,自然搜索,微信支付,199.11,3,0.02,709.3,356.9,0.4968,0,0.0,C336719966
O8848233510,2025-11-05,西南,昆明,服饰,裤装,服-裤-561,站内推荐,微信支付,84.4,1,0.095,96.82,57.78,0.4032,0,0.0,C314022048
O3217831488,2025-11-05,华中,南昌,家居,厨具,家-厨-921,自然搜索,支付宝,47.08,1,0.065,48.42,30.55,0.3691,0,0.0,C975183224
O9619185492,2025-11-05,华东,南京,家居,收纳,家-收-939,直播,支付宝,85.86,4,0.154,319.61,208.69,0.347,0,0.0,C071047593
O1819650657,2025-11-05,华东,上海,服饰,鞋靴,服-鞋-661,直播,支付宝,165.73,4,0.137,629.31,356.75,0.4331,0,0.0,C897076954
O0671753557,2025-11-05,东北,沈阳,美妆,彩妆,美-彩-440,私域,支付宝,142.82,2,0.086,275.03,162.03,0.4109,0,0.0,C710469664
O4818928351,2025-11-05,东北,沈阳,食品,速食,食-速-209,线下导流,支付宝,42.85,4,0.078,166.48,100.08,0.3988,0,0.0,C616381410
O9041830707,2025-11-05,华中,长沙,食品,零食,食-零-351,信息流广告,银行卡,49.86,2,0.118,96.75,65.96,0.3182,0,0.0,C671691531
O1955228122,2025-11-05,西北,银川,数码,耳机,数-耳-359,站内推荐,微信支付,209.28,1,0.048,219.16,163.23,0.2552,0,0.0,C801115809
O5105342118,2025-11-05,华东,上海,服饰,鞋靴,服-鞋-122,信息流广告,银行卡,193.41,3,0.105,571.24,352.41,0.3831,0,0.0,C568988203
O7588539897,2025-11-05,华中,武汉,食品,速食,食-速-599,站内推荐,银行卡,24.07,1,0.013,26.13,18.91,0.2763,0,0.0,C758328474
O1134159543,2025-11-05,华北,石家庄,家居,收纳,家-收-591,直播,微信支付,75.07,4,0.106,295.3,179.29,0.3929,0,0.0,C573359917
O4185668342,2025-11-05,西南,昆明,食品,速食,食-速-933,线下导流,支付宝,72.79,4,0.06,346.91,228.3,0.3419,0,0.0,C057332017
O4787944416,2025-11-05,华南,广州,数码,智能穿戴,数-智-379,直播,银行卡,175.28,1,0.138,183.08,149.43,0.1838,0,0.0,C331903156
O9496342113,2025-11-06,华中,南昌,数码,智能穿戴,数-智-814,信息流广告,支付宝,189.5,1,0.103,186.98,128.94,0.3104,0,0.0,C799700853
O1423963352,2025-11-06,西南,成都,数码,配件,数-配-907,自然搜索,微信支付,168.77,4,0.082,785.86,577.43,0.2652,0,0.0,C961555826
O8566000401,2025-11-06,华南,厦门,美妆,香氛,美-香-927,站内推荐,微信支付,94.14,2,0.047,217.48,108.84,0.4995,0,0.0,C589750618
O3739212443,2025-11-06,华中,郑州,服饰,上衣,服-上-874,线下导流,支付宝,169.7,1,0.058,175.84,106.33,0.3953,0,0.0,C939855127
O5916718847,2025-11-06,华南,广州,食品,零食,食-零-935,信息流广告,货到付款,41.26,1,0.058,47.11,32.71,0.3057,0,0.0,C037571405
O5097229062,2025-11-06,西南,重庆,家居,厨具,家-厨-514,站内推荐,微信支付,80.41,1,0.084,93.4,65.3,0.3009,0,0.0,C215321787
O2425901568,2025-11-06,华南,深圳,家居,厨具,家-厨-217,信息流广告,微信支付,82.97,2,0.072,186.65,111.99,0.4,0,0.0,C892677597
O3449415611,2025-11-06,华北,太原,家居,收纳,家-收-619,站内推荐,支付宝,110.11,2,0.149,206.15,126.62,0.3858,0,0.0,C478610076
O5079812085,2025-11-06,华东,杭州,家居,清洁,家-清-634,信息流广告,支付宝,73.32,4,0.09,293.57,183.39,0.3753,0,0.0,C044308209
O2754887704,2025-11-06,华东,杭州,家居,收纳,家-收-247,自然搜索,银行卡,86.4,1,0.076,87.82,56.23,0.3597,0,0.0,C417390613
O0351649661,2025-11-06,华北,天津,数码,配件,数-配-443,线下导流,银行卡,144.81,4,0.088,581.09,427.85,0.2637,1,537.62,C696849421
O0166358289,2025-11-06,华中,长沙,服饰,鞋靴,服-鞋-854,私域,微信支付,119.53,3,0.063,369.6,246.84,0.3321,0,0.0,C935454136
O6633374495,2025-11-06,西北,乌鲁木齐,数码,配件,数-配-610,私域,微信支付,125.36,2,0.083,252.9,206.35,0.1841,0,0.0,C901920116
O3641928234,2025-11-06,华东,上海,数码,配件,数-配-142,站内推荐,支付宝,207.59,1,0.084,209.17,157.16,0.2486,0,0.0,C634146446
O3593427516,2025-11-06,华南,厦门,数码,智能穿戴,数-智-809,站内推荐,支付宝,216.3,4,0.038,1008.82,754.33,0.2523,0,0.0,C941253971
O4679665402,2025-11-07,西南,贵阳,服饰,裤装,服-裤-309,线下导流,支付宝,161.94,2,0.039,394.86,243.16,0.3842,0,0.0,C025880435
O2785237439,2025-11-07,西北,兰州,服饰,上衣,服-上-521,私域,微信支付,165.97,4,0.069,679.88,402.78,0.4076,0,0.0,C850999166
O4212687052,2025-11-07,东北,沈阳,美妆,香氛,美-香-470,私域,微信支付,146.11,2,0.041,295.14,152.53,0.4832,0,0.0,C179149913
O5858473696,2025-11-07,华北,太原,家居,清洁,家-清-815,私域,支付宝,72.48,4,0.054,301.69,190.88,0.3673,0,0.0,C231873936
O5686323486,2025-11-07,华东,上海,家居,收纳,家-收-195,信息流广告,支付宝,83.89,1,0.109,82.22,49.3,0.4004,0,0.0,C337724077
O2511447987,2025-11-07,华北,北京,服饰,上衣,服-上-146,信息流广告,支付宝,205.16,4,0.113,800.7,469.32,0.4139,0,0.0,C043793910
O7289824205,2025-11-07,华东,杭州,服饰,裤装,服-裤-977,信息流广告,支付宝,71.35,3,0.084,215.68,117.5,0.4552,0,0.0,C905361911
O7915171940,2025-11-07,华中,南昌,家居,厨具,家-厨-351,信息流广告,微信支付,57.67,4,0.027,246.9,135.35,0.4518,0,0.0,C814417630
O9068284992,2025-11-07,东北,大连,家居,收纳,家-收-315,站内推荐,支付宝,112.19,2,0.086,215.99,113.05,0.4766,0,0.0,C110147918
O1472817634,2025-11-07,华南,深圳,数码,耳机,数-耳-960,私域,支付宝,202.49,4,0.09,893.63,651.87,0.2705,0,0.0,C865150012
O8181993350,2025-11-07,华东,苏州,服饰,鞋靴,服-鞋-478,站内推荐,支付宝,119.39,3,0.066,367.98,235.04,0.3613,0,0.0,C252553007
O0923011006,2025-11-07,华东,苏州,家居,收纳,家-收-463,站内推荐,支付宝,119.11,4,0.012,517.79,301.12,0.4185,0,0.0,C012806378
O3339512197,2025-11-07,西南,昆明,食品,零食,食-零-633,直播,微信支付,67.01,1,0.067,79.31,55.33,0.3024,0,0.0,C731937242
O4854851761,2025-11-07,华东,南京,数码,耳机,数-耳-861,自然搜索,微信支付,192.84,1,0.097,191.55,141.08,0.2635,0,0.0,C609633920
O5035239826,2025-11-07,华北,太原,食品,饮料,食-饮-502,直播,支付宝,75.42,3,0.069,231.71,148.17,0.3605,0,0.0,C956216851
O3629428906,2025-11-07,西南,昆明,家居,清洁,家-清-951,私域,微信支付,84.96,2,0.117,190.34,119.79,0.3707,0,0.0,C836646649
O1713696848,2025-11-07,华东,南京,数码,智能穿戴,数-智-105,信息流广告,微信支付,155.59,2,0.101,307.73,209.63,0.3188,0,0.0,C983807199
O6586287088,2025-11-07,西南,重庆,食品,速食,食-速-964,私域,支付宝,53.53,3,0.095,184.37,118.68,0.3563,0,0.0,C474835755
O2311296716,2025-11-07,华中,武汉,家居,收纳,家-收-638,信息流广告,支付宝,94.62,1,0.079,95.86,50.95,0.4685,0,0.0,C365648366
O7812418304,2025-11-07,华南,厦门,服饰,裤装,服-裤-123,线下导流,支付宝,151.86,2,0.054,348.35,238.81,0.3145,0,0.0,C142483221
O1521785609,2025-11-07,华南,广州,服饰,上衣,服-上-169,信息流广告,微信支付,155.68,2,0.122,331.44,207.8,0.373,0,0.0,C996703249
O0161332348,2025-11-07,华南,佛山,家居,收纳,家-收-549,站内推荐,微信支付,93.97,1,0.08,104.82,67.5,0.356,0,0.0,C054711412
O6340738359,2025-11-07,华东,上海,数码,配件,数-配-615,私域,支付宝,90.39,3,0.101,268.16,207.6,0.2258,0,0.0,C267651955
O4700285506,2025-11-07,东北,大连,食品,饮料,食-饮-674,直播,微信支付,38.08,2,0.106,71.71,53.76,0.2503,0,0.0,C943433976
O4040410395,2025-11-07,华东,上海,美妆,彩妆,美-彩-467,自然搜索,支付宝,87.41,3,0.078,265.95,144.53,0.4566,0,0.0,C458846207
O2179548777,2025-11-07,华中,武汉,美妆,香氛,美-香-255,自然搜索,微信支付,156.8,3,0.024,505.02,250.27,0.5044,0,0.0,C926490201
O3583362936,2025-11-07,华东,上海,美妆,护肤,美-护-543,信息流广告,支付宝,135.91,4,0.081,549.57,286.74,0.4782,0,0.0,C477821175
O4666327359,2025-11-07,华东,上海,美妆,彩妆,美-彩-869,私域,微信支付,165.04,2,,326.05,163.37,0.4989,0,0.0,C076874560
O2999011962,2025-11-07,华南,广州,食品,零食,食-零-684,线下导流,微信支付,60.49,1,0.043,70.19,40.46,0.4236,0,0.0,C067928748
O8045560257,2025-11-08,华东,上海,家居,厨具,家-厨-618,信息流广告,支付宝,83.49,2,0.057,173.21,102.82,0.4064,0,0.0,C397378028
O4450013908,2025-11-08,华北,北京,服饰,上衣,服-上-917,信息流广告,微信支付,125.33,2,0.063,258.36,163.85,0.3658,0,0.0,C206907276
O0186074204,2025-11-08,华中,武汉,服饰,鞋靴,服-鞋-819,信息流广告,支付宝,144.31,1,0.092,144.14,90.86,0.3696,0,0.0,C237756247
O3627747577,2025-11-08,华南,佛山,家居,清洁,家-清-805,直播,微信支付,81.85,2,0.195,159.82,90.21,0.4356,0,0.0,C864211581
O3682586845,2025-11-08,华东,苏州,数码,智能穿戴,数-智-294,私域,支付宝,244.73,2,0.044,514.72,377.88,0.2659,0,0.0,C012240723
O8696348795,2025-11-08,华南,佛山,美妆,香氛,美-香-874,自然搜索,支付宝,135.65,2,0.036,317.18,168.51,0.4687,0,0.0,C982908141
O1743386897,2025-11-08,华南,广州,美妆,彩妆,美-彩-769,站内推荐,支付宝,146.91,2,0.028,346.36,172.19,0.5029,0,0.0,C283387743
O2199630495,2025-11-08,西南,昆明,服饰,鞋靴,服-鞋-860,站内推荐,支付宝,112.84,1,0.039,137.63,80.32,0.4164,0,0.0,C967073155
O0319039280,2025-11-08,华南,广州,美妆,彩妆,美-彩-588,私域,微信支付,139.88,2,0.067,316.56,192.78,0.391,0,0.0,C837660309
O7277063652,2025-11-08,华北,天津,数码,智能穿戴,数-智-166,信息流广告,支付宝,252.99,4,0.084,1019.65,772.05,0.2428,0,0.0,C893400887
O1932670655,2025-11-08,华北,天津,美妆,彩妆,美-彩-284,线下导流,微信支付,131.11,3,0.021,423.58,234.6,0.4461,0,0.0,C099464455
O4767438361,2025-11-08,西北,银川,食品,速食,食-速-863,线下导流,微信支付,57.2,3,0.067,176.11,115.23,0.3457,0,0.0,C838986540
O7093705772,2025-11-08,华东,南京,服饰,上衣,服-上-572,信息流广告,微信支付,112.09,1,0.109,109.86,60.07,0.4532,1,96.73,C159090394
O1417031626,2025-11-08,华东,宁波,食品,饮料,食-饮-193,站内推荐,支付宝,36.04,1,0.095,35.88,22.55,0.3715,0,0.0,C012700282
O1595643377,2025-11-08,华东,宁波,美妆,护肤,美-护-816,站内推荐,微信支付,51.91,4,0.073,211.73,131.77,0.3777,0,0.0,C272728798
O9929637822,2025-11-08,西南,贵阳,数码,配件,数-配-731,自然搜索,支付宝,172.65,4,0.064,820.39,632.47,0.2291,0,0.0,C431701054
O7636168474,2025-11-08,华中,长沙,美妆,彩妆,美-彩-208,自然搜索,支付宝,169.37,3,0.049,531.53,299.4,0.4367,0,0.0,C463945184
O6674314043,2025-11-08,华东,杭州,服饰,鞋靴,服-鞋-435,信息流广告,银行卡,121.61,1,0.092,121.46,67.88,0.4411,0,0.0,C711544077
O5541066354,2025-11-08,华东,上海,数码,智能穿戴,数-智-726,站内推荐,银行卡,79.75,2,0.023,171.41,126.96,0.2593,0,0.0,C546280964
O0791979239,2025-11-09,华东,宁波,数码,智能穿戴,数-智-414,直播,微信支付,226.4,1,0.14,214.17,151.11,0.2944,0,0.0,C291685257
O3169114993,2025-11-09,华东,苏州,服饰,上衣,服-上-197,直播,微信支付,102.7,3,0.053,320.95,177.12,0.4481,0,0.0,C646695014
O7721064122,2025-11-09,华中,武汉,服饰,鞋靴,服-鞋-995,站内推荐,微信支付,114.22,4,0.052,476.43,286.53,0.3986,0,0.0,C424021867
O8007284355,2025-11-09,西北,西安,数码,智能穿戴,数-智-125,直播,银行卡,154.97,3,0.088,466.4,351.36,0.2467,0,0.0,C244658976
O7525162885,2025-11-09,西南,昆明,美妆,彩妆,美-彩-157,自然搜索,微信支付,175.61,1,0.059,209.82,116.69,0.4439,0,0.0,C533781956
O3537327725,2025-11-09,华东,上海,数码,智能穿戴,数-智-554,自然搜索,支付宝,93.88,1,0.051,98.0,71.12,0.2743,0,0.0,C797578734
O7623222564,2025-11-09,华东,苏州,家居,收纳,家-收-752,私域,微信支付,93.78,1,0.029,100.17,61.99,0.3812,0,0.0,C960426170
O2784504705,2025-11-09,华中,郑州,服饰,鞋靴,服-鞋-637,私域,支付宝,113.62,3,0.075,346.83,194.9,0.4381,0,0.0,C636981625
O4760534847,2025-11-09,东北,大连,食品,零食,食-零-696,私域,支付宝,50.07,4,0.049,200.53,134.79,0.3278,0,0.0,C262723072
O4921890974,2025-11-09,华东,宁波,服饰,鞋靴,服-鞋-852,私域,支付宝,127.2,2,0.059,263.33,142.66,0.4582,0,0.0,C948019340
O3044505874,2025-11-09,华南,深圳,服饰,裤装,服-裤-522,信息流广告,支付宝,137.79,1,0.087,152.62,83.13,0.4553,0,0.0,C411883638
O9116432289,2025-11-09,华南,深圳,家居,收纳,家-收-185,站内推荐,支付宝,69.76,1,0.092,76.84,43.52,0.4336,0,0.0,C180154323
O6012320673,2025-11-09,华东,南京,家居,收纳,家-收-530,自然搜索,支付宝,72.77,4,0.019,314.1,209.47,0.3331,0,0.0,C975047587
O2005000280,2025-11-10,华南,深圳,数码,配件,数-配-164,私域,银行卡,141.97,2,0.05,327.33,227.71,0.3043,0,0.0,C580503846
O6110836175,2025-11-10,华东,南京,数码,智能穿戴,数-智-512,私域,微信支付,202.85,1,0.071,207.29,161.3,0.2219,0,0.0,C854299012
O9046843738,2025-11-10,华东,杭州,美妆,护肤,美-护-637,自然搜索,支付宝,105.15,1,0.051,109.77,64.56,0.4119,0,0.0,C020311924
O8363524230,2025-11-10,华南,厦门,服饰,裤装,服-裤-590,自然搜索,支付宝,177.99,3,0.053,613.63,314.35,0.4877,0,0.0,C691255909
O5358407129,2025-11-10,华南,广州,食品,饮料,食-饮-846,信息流广告,支付宝,50.7,3,0.087,168.52,104.1,0.3823,0,0.0,C528135320
O9062322733,2025-11-10,东北,长春,食品,零食,食-零-848,自然搜索,支付宝,41.0,4,0.119,152.1,101.96,0.3297,0,0.0,C797325820
O7341053136,2025-11-10,华南,佛山,服饰,上衣,服-上-388,站内推荐,微信支付,150.74,4,0.064,684.87,404.45,0.4094,0,0.0,C071345671
O5527224609,2025-11-10,华南,厦门,美妆,香氛,美-香-873,直播,微信支付,205.96,1,0.07,232.44,118.11,0.4919,0,0.0,C862958603
O3289994486,2025-11-10,华中,武汉,美妆,护肤,美-护-574,信息流广告,微信支付,103.28,2,0.094,205.86,114.66,0.443,1,203.75,C947339988
O6443850736,2025-11-10,华南,广州,美妆,护肤,美-护-275,信息流广告,微信支付,136.71,4,0.11,590.6,344.0,0.4175,0,0.0,C800678043
O1847230882,2025-11-10,华中,长沙,家居,收纳,家-收-399,站内推荐,银行卡,79.65,2,0.091,159.28,111.58,0.2995,0,0.0,C787827978
O4875571036,2025-11-10,华中,南昌,服饰,裤装,服-裤-968,站内推荐,支付宝,111.66,1,0.069,114.35,70.26,0.3856,0,0.0,C896462164
O7509472040,2025-11-10,东北,哈尔滨,食品,速食,食-速-158,直播,微信支付,57.75,4,,225.42,139.47,0.3813,0,0.0,C284302854
O8107387817,2025-11-10,华北,石家庄,美妆,护肤,美-护-529,直播,银行卡,141.48,1,0.112,138.2,75.13,0.4564,0,0.0,C312601184
O4844279896,2025-11-11,华东,上海,家居,厨具,家-厨-995,站内推荐,支付宝,99.59,1,0.108,97.72,59.11,0.3951,0,0.0,C545961417
O8900860161,2025-11-11,华东,南京,美妆,护肤,美-护-381,站内推荐,银行卡,152.82,4,0.075,621.98,359.23,0.4224,0,0.0,C800029827
O8515293684,2025-11-11,华南,广州,食品,零食,食-零-428,直播,支付宝,19.74,1,0.103,21.49,13.88,0.3541,0,0.0,C488991137
O4677568199,2025-11-11,西南,昆明,家居,厨具,家-厨-517,信息流广告,银行卡,72.54,2,0.071,171.28,101.05,0.41,1,123.52,C131653412
O0469686398,2025-11-11,华东,上海,数码,智能穿戴,数-智-131,站内推荐,支付宝,181.07,1,0.085,182.25,139.44,0.2349,0,0.0,C107073293
O4471528918,2025-11-11,华北,石家庄,服饰,上衣,服-上-131,站内推荐,微信支付,103.98,3,0.033,331.81,210.77,0.3648,0,0.0,C791295853
O9324222821,2025-11-11,华中,南昌,服饰,上衣,服-上-460,信息流广告,微信支付,136.91,4,0.137,519.87,259.06,0.5017,0,0.0,C670185180
O5119821384,2025-11-11,华东,南京,家居,厨具,家-厨-606,私域,微信支付,67.68,4,0.075,275.46,161.38,0.4141,0,0.0,C231140137
O2306201579,2025-11-11,西北,银川,数码,智能穿戴,数-智-494,直播,支付宝,247.04,4,0.046,1036.98,759.58,0.2675,0,0.0,C454456685
O5913580812,2025-11-11,华南,厦门,家居,清洁,家-清-466,直播,微信支付,61.25,1,0.095,67.29,39.41,0.4143,0,0.0,C720112976
O3787469758,2025-11-11,华中,郑州,服饰,裤装,服-裤-803,线下导流,微信支付,88.24,2,0.068,180.93,106.81,0.4097,0,0.0,C355195174
O9945344051,2025-11-11,东北,大连,服饰,上衣,服-上-364,自然搜索,银行卡,165.25,1,0.066,162.46,88.8,0.4534,0,0.0,C341075318
O6716386917,2025-11-11,华南,厦门,食品,速食,食-速-444,自然搜索,支付宝,52.13,4,0.044,241.98,167.02,0.3098,0,0.0,C157685927
O8611326843,2025-11-11,华北,北京,食品,速食,食-速-345,站内推荐,银行卡,22.09,3,0.101,65.53,45.95,0.2988,0,0.0,C269651976
O3427313084,2025-11-11,华东,上海,数码,配件,数-配-136,私域,支付宝,108.6,3,0.044,342.61,272.31,0.2052,0,0.0,C712430181
O1784707794,2025-11-11,华南,深圳,数码,耳机,数-耳-686,信息流广告,支付宝,255.28,4,0.06,1165.13,933.92,0.1984,0,0.0,C730046669
O6026477382,2025-11-11,华北,天津,家居,厨具,家-厨-455,站内推荐,微信支付,70.1,2,0.052,146.2,79.6,0.4555,0,0.0,C100871323
O6974972169,2025-11-11,西南,昆明,家居,厨具,家-厨-831,私域,货到付款,65.91,3,0.067,234.44,153.56,0.345,0,0.0,C476164445
O1628779326,2025-11-11,华东,杭州,数码,配件,数-配-194,信息流广告,支付宝,151.07,3,0.125,436.21,279.96,0.3582,0,0.0,C893009994
O2456019331,2025-11-11,华北,天津,数码,配件,数-配-494,信息流广告,支付宝,146.97,4,0.1,582.0,430.02,0.2611,0,0.0,C975876909
O6875435235,2025-11-11,华北,太原,食品,零食,食-零-891,站内推荐,微信支付,64.3,2,0.062,132.69,82.6,0.3775,0,0.0,C876784715
O5636505161,2025-11-11,华北,天津,家居,厨具,家-厨-582,自然搜索,微信支付,61.73,2,0.097,122.63,69.74,0.4313,0,0.0,C485120098
O7349896365,2025-11-12,华南,佛山,食品,零食,食-零-515,自然搜索,货到付款,53.93,2,0.072,121.54,72.69,0.4019,0,0.0,C345870603
O7037985665,2025-11-12,华北,太原,数码,配件,数-配-538,直播,微信支付,143.73,4,0.115,559.68,425.05,0.2405,0,0.0,C143432132
O1890257755,2025-11-12,华北,太原,食品,速食,食-速-994,私域,银行卡,29.6,4,0.021,127.5,82.25,0.3549,0,0.0,C441855687
O1293400997,2025-11-12,华东,上海,服饰,裤装,服-裤-614,自然搜索,支付宝,137.92,4,0.034,586.22,336.76,0.4255,0,0.0,C572004459
O4438000284,2025-11-12,华北,北京,数码,智能穿戴,数-智-312,自然搜索,支付宝,229.59,2,0.033,488.43,364.33,0.2541,0,0.0,C343972984
O1341119442,2025-11-12,西南,成都,美妆,护肤,美-护-288,站内推荐,支付宝,125.84,1,0.075,147.99,87.68,0.4075,0,0.0,C388197292
O2846063714,2025-11-12,华北,石家庄,美妆,彩妆,美-彩-379,信息流广告,支付宝,164.52,4,0.074,670.32,331.24,0.5058,0,0.0,C613483604
O6663543811,2025-11-12,华北,石家庄,服饰,上衣,服-上-484,信息流广告,微信支付,83.37,4,0.089,334.18,176.5,0.4718,0,0.0,C801527085
O4909076769,2025-11-12,西北,西安,服饰,上衣,服-上-693,自然搜索,银行卡,162.17,4,0.046,680.72,411.81,0.395,0,0.0,C841856335
O4122654758,2025-11-12,西南,成都,服饰,上衣,服-上-823,直播,支付宝,174.93,1,0.096,201.05,119.73,0.4045,0,0.0,C497682589
O4883236530,2025-11-12,华东,宁波,食品,速食,食-速-997,站内推荐,微信支付,64.91,4,0.007,283.6,180.43,0.3638,0,0.0,C467030329
O3559980080,2025-11-12,西南,重庆,美妆,香氛,美-香-157,自然搜索,微信支付,178.77,4,0.028,883.66,523.97,0.407,0,0.0,C243914325
O7530514633,2025-11-12,西南,贵阳,食品,饮料,食-饮-601,站内推荐,微信支付,45.0,3,0.017,168.71,115.61,0.3147,0,0.0,C724268152
O3619148511,2025-11-12,华北,太原,家居,厨具,家-厨-658,直播,微信支付,63.73,2,0.13,121.98,71.17,0.4165,0,0.0,C967530794
O1989378420,2025-11-12,华南,厦门,家居,厨具,家-厨-114,站内推荐,支付宝,117.48,1,0.073,132.23,79.46,0.3991,0,0.0,C566077133
O8064239954,2025-11-13,华南,佛山,服饰,鞋靴,服-鞋-112,直播,微信支付,152.94,1,0.079,171.08,94.22,0.4493,0,0.0,C079997240
O8950527255,2025-11-13,华东,苏州,家居,清洁,家-清-917,线下导流,支付宝,82.62,4,0.058,342.44,194.37,0.4324,0,0.0,C486702353
O5398993601,2025-11-13,华东,苏州,家居,清洁,家-清-356,线下导流,货到付款,102.4,3,0.124,296.02,196.95,0.3347,0,0.0,C649308551
O7701070369,2025-11-13,华南,厦门,家居,厨具,家-厨-987,信息流广告,支付宝,41.8,4,0.121,178.51,100.82,0.4352,0,0.0,C061336111
O5701636314,2025-11-13,华东,杭州,服饰,裤装,服-裤-158,私域,微信支付,164.45,4,0.026,704.77,377.58,0.4643,0,0.0,C350885254
O7538017046,2025-11-13,西南,,美妆,护肤,美-护-231,站内推荐,支付宝,200.88,3,0.111,681.41,377.87,0.4455,0,0.0,C563733400
O2657096824,2025-11-13,华南,佛山,服饰,裤装,服-裤-257,自然搜索,微信支付,195.19,2,0.02,464.67,264.42,0.431,0,0.0,C079001233
O7910422802,2025-11-13,华北,石家庄,美妆,彩妆,美-彩-666,直播,支付宝,130.63,2,0.065,268.71,150.66,0.4393,0,0.0,C237540801
O3430357309,2025-11-13,华中,武汉,家居,清洁,家-清-706,信息流广告,微信支付,64.52,3,0.057,200.78,118.49,0.4099,0,0.0,C145069671
O8560628848,2025-11-13,西北,乌鲁木齐,服饰,鞋靴,服-鞋-592,直播,微信支付,123.64,2,0.101,244.54,120.45,0.5074,0,0.0,C446431380
O8935733501,2025-11-13,华东,上海,服饰,鞋靴,服-鞋-914,自然搜索,微信支付,140.81,3,0.076,429.36,259.37,0.3959,0,0.0,C228439344
O3398842968,2025-11-13,华北,石家庄,美妆,护肤,美-护-746,直播,微信支付,123.58,1,0.113,120.58,69.45,0.424,0,0.0,C951800584
O4164475186,2025-11-13,华南,深圳,数码,耳机,数-耳-136,站内推荐,微信支付,246.01,2,0.083,548.0,418.05,0.2371,0,0.0,C782378220
O6396062513,2025-11-13,华南,深圳,食品,零食,食-零-765,站内推荐,微信支付,50.06,1,0.033,58.8,40.37,0.3134,0,0.0,C516099255
O8199239704,2025-11-14,华南,广州,数码,智能穿戴,数-智-460,自然搜索,微信支付,243.22,1,0.022,289.0,223.28,0.2274,0,0.0,C135916855
O4345773728,2025-11-14,西南,成都,服饰,裤装,服-裤-249,直播,微信支付,122.26,3,0.096,421.9,229.86,0.4552,0,0.0,C265085912
O3908894190,2025-11-14,东北,大连,家居,厨具,家-厨-787,站内推荐,微信支付,83.5,2,0.083,161.12,109.72,0.319,0,0.0,C141106988
O8773736908,2025-11-14,西北,西安,家居,厨具,家-厨-221,信息流广告,支付宝,78.96,4,0.059,326.93,197.07,0.3972,0,0.0,C014192064
O2832223675,2025-11-14,华南,广州,家居,收纳,家-收-495,自然搜索,支付宝,50.96,1,0.026,60.3,33.74,0.4405,0,0.0,C936236418
O3824154556,2025-11-14,华中,郑州,食品,速食,食-速-542,站内推荐,微信支付,47.42,4,0.094,189.04,130.8,0.3081,0,0.0,C658783360
O7129183922,2025-11-14,华南,佛山,家居,厨具,家-厨-769,自然搜索,微信支付,75.99,1,0.0,92.32,52.24,0.4341,0,0.0,C431540560
O0898775341,2025-11-14,华南,深圳,数码,配件,数-配-472,站内推荐,微信支付,214.59,4,0.096,942.75,643.02,0.3179,0,0.0,C203712165
O4846661596,2025-11-15,华北,太原,服饰,上衣,服-上-351,直播,支付宝,168.2,2,0.106,330.82,183.34,0.4458,0,0.0,C987339535
O3618138240,2025-11-15,西南,昆明,服饰,裤装,服-裤-873,站内推荐,支付宝,158.58,4,0.072,749.34,378.15,0.4954,0,0.0,C157776967
O7223707466,2025-11-15,西北,兰州,家居,清洁,家-清-183,自然搜索,微信支付,82.65,1,0.018,89.28,55.08,0.3831,0,0.0,C992527722
O8504746890,2025-11-15,西北,西安,家居,收纳,家-收-569,站内推荐,支付宝,82.5,2,0.063,170.07,112.83,0.3366,0,0.0,C551492627
O7894992828,2025-11-15,华东,南京,数码,配件,数-配-898,自然搜索,支付宝,183.72,2,0.057,381.15,299.17,0.2151,0,0.0,C857971504
O5507091769,2025-11-15,华东,上海,食品,速食,食-速-589,直播,微信支付,46.88,2,0.134,89.32,57.57,0.3555,0,0.0,C437061016
O8888518114,2025-11-15,华南,佛山,家居,收纳,家-收-901,站内推荐,支付宝,95.68,3,0.056,329.31,202.43,0.3853,0,0.0,C258132178
O6373832550,2025-11-15,华东,苏州,数码,配件,数-配-112,站内推荐,微信支付,305.85,2,0.054,636.54,507.55,0.2026,0,0.0,C665172955
O0249002657,2025-11-15,华中,南昌,数码,耳机,数-耳-991,自然搜索,微信支付,212.37,2,0.012,461.61,367.96,0.2029,0,0.0,C136088155
O1909408825,2025-11-15,华南,深圳,家居,清洁,家-清-779,信息流广告,支付宝,86.43,3,0.07,293.06,205.18,0.2999,0,0.0,C200527344
O7792185803,2025-11-15,华中,南昌,数码,耳机,数-耳-597,私域,支付宝,198.57,4,0.099,787.21,561.71,0.2865,0,0.0,C999046386
O7733937918,2025-11-15,华中,郑州,数码,配件,数-配-134,自然搜索,支付宝,192.6,2,0.064,396.6,314.96,0.2058,0,0.0,C173172899
O3497048391,2025-11-15,华东,南京,美妆,护肤,美-护-133,信息流广告,支付宝,204.34,1,0.095,203.42,113.56,0.4417,0,0.0,C082907599
O6780679900,2025-11-15,华中,郑州,食品,饮料,食-饮-137,自然搜索,支付宝,33.21,2,0.035,70.5,44.63,0.367,0,0.0,C200841715
O1767149185,2025-11-15,华北,石家庄,数码,配件,数-配-579,自然搜索,微信支付,222.5,3,0.042,703.41,545.4,0.2246,0,0.0,C344941484
O2978824992,2025-11-15,华北,太原,数码,智能穿戴,数-智-929,信息流广告,微信支付,124.03,1,0.142,117.06,84.7,0.2764,0,0.0,C982203974
O5931240483,2025-11-15,华东,南京,食品,饮料,食-饮-542,信息流广告,支付宝,30.87,3,0.113,90.36,56.95,0.3697,0,0.0,C714586419
O4152880324,2025-11-15,华东,苏州,食品,速食,食-速-190,信息流广告,微信支付,65.74,4,0.103,259.46,173.16,0.3326,0,0.0,C986853515
O4069597438,2025-11-16,东北,沈阳,服饰,裤装,服-裤-441,信息流广告,支付宝,72.1,3,0.108,202.93,122.61,0.3958,0,0.0,C255437976
O9188919838,2025-11-16,华南,佛山,食品,速食,食-速-672,信息流广告,支付宝,47.53,2,0.11,102.85,63.95,0.3782,0,0.0,C631802442
O9498286201,2025-11-16,西北,乌鲁木齐,数码,智能穿戴,数-智-258,私域,支付宝,108.81,3,0.086,328.19,260.12,0.2074,1,317.18,C557129183
O0367149628,2025-11-16,西北,银川,数码,耳机,数-耳-609,线下导流,支付宝,85.1,1,0.077,86.4,64.39,0.2547,0,0.0,C903395381
O1811982920,2025-11-16,西北,乌鲁木齐,数码,配件,数-配-397,信息流广告,支付宝,284.47,1,0.114,277.24,213.1,0.2314,0,0.0,C782659857
O9964742858,2025-11-16,华中,武汉,服饰,上衣,服-上-212,私域,银行卡,180.37,2,0.081,364.67,220.18,0.3962,0,0.0,C417394369
O6755786281,2025-11-16,华北,石家庄,美妆,彩妆,美-彩-221,线下导流,银行卡,135.18,3,0.068,415.76,219.65,0.4717,0,0.0,C308331785
O3049727714,2025-11-16,华东,南京,服饰,裤装,服-裤-962,站内推荐,银行卡,118.55,2,0.083,239.16,123.13,0.4852,0,0.0,C087369058
O1984667330,2025-11-16,华北,石家庄,数码,耳机,数-耳-886,直播,支付宝,128.98,3,0.071,395.41,270.65,0.3155,0,0.0,C709429141
O5242470769,2025-11-16,华北,北京,数码,耳机,数-耳-129,信息流广告,支付宝,245.18,4,0.058,1016.22,677.39,0.3334,0,0.0,C430071540
O5777720602,2025-11-16,华北,北京,美妆,护肤,美-护-976,自然搜索,支付宝,195.96,3,0.067,603.34,343.06,0.4314,0,0.0,C877256392
O9348559123,2025-11-16,华东,杭州,美妆,香氛,美-香-328,自然搜索,微信支付,222.96,1,0.081,225.39,126.48,0.4388,0,0.0,C291214123
O6403661389,2025-11-16,华中,南昌,服饰,裤装,服-裤-138,直播,支付宝,153.96,4,0.145,579.2,312.8,0.4599,0,0.0,C230366701
O8265600437,2025-11-16,华东,上海,服饰,上衣,服-上-933,线下导流,微信支付,158.68,2,0.107,311.74,168.5,0.4595,0,0.0,C060800944
O0770266198,2025-11-16,华南,厦门,数码,智能穿戴,数-智-107,私域,微信支付,178.5,4,,781.2,594.97,0.2384,0,0.0,C782382183
O5141834141,2025-11-16,华东,宁波,数码,配件,数-配-786,自然搜索,微信支付,179.67,3,0.002,591.73,453.94,0.2329,0,0.0,C852290577
O4306103545,2025-11-16,华中,武汉,数码,配件,数-配-994,信息流广告,微信支付,90.74,1,0.092,90.63,60.87,0.3284,0,0.0,C923777215
O7315726366,2025-11-17,华南,广州,数码,配件,数-配-511,私域,银行卡,277.97,3,0.05,963.37,718.36,0.2543,0,0.0,C149275821
O6155034927,2025-11-17,华中,郑州,服饰,裤装,服-裤-461,线下导流,微信支付,121.48,2,0.111,237.59,139.59,0.4125,0,0.0,C432498148
O9325182059,2025-11-17,华北,天津,食品,速食,食-速-786,私域,微信支付,43.37,2,0.0,95.41,59.42,0.3772,0,0.0,C346818855
O5817226506,2025-11-17,华东,宁波,食品,零食,食-零-867,站内推荐,微信支付,46.44,2,0.112,90.73,62.02,0.3164,0,0.0,C759128238
O4073079760,2025-11-17,西北,乌鲁木齐,数码,配件,数-配-613,站内推荐,支付宝,110.02,3,0.122,318.77,231.66,0.2733,0,0.0,C761058003
O7564981901,2025-11-17,华南,深圳,家居,厨具,家-厨-773,直播,支付宝,79.84,3,0.162,244.08,157.96,0.3528,0,0.0,C209566058
O2960187544,2025-11-17,华北,天津,数码,耳机,数-耳-982,自然搜索,支付宝,152.75,3,0.052,477.86,322.36,0.3254,0,0.0,C127932792
O8071100974,2025-11-17,华中,郑州,数码,耳机,数-耳-507,信息流广告,微信支付,171.17,3,0.096,510.63,382.36,0.2512,0,0.0,C165640416
O4380388262,2025-11-17,东北,沈阳,美妆,彩妆,美-彩-921,站内推荐,支付宝,147.84,4,0.074,575.88,290.27,0.496,0,0.0,C953070876
O7192316485,2025-11-17,华北,天津,服饰,上衣,服-上-652,站内推荐,支付宝,120.05,4,0.119,465.36,303.65,0.3475,0,0.0,C171206916
O4411091479,2025-11-17,华中,武汉,美妆,彩妆,美-彩-822,自然搜索,支付宝,209.88,3,0.045,661.44,412.57,0.3763,0,0.0,C412018235
O3430823666,2025-11-17,华南,厦门,食品,饮料,食-饮-148,线下导流,微信支付,56.1,2,0.018,133.98,92.43,0.3101,0,0.0,C237263697
O3263886629,2025-11-17,华北,太原,服饰,上衣,服-上-159,私域,支付宝,170.03,1,0.032,181.05,115.02,0.3647,0,0.0,C938711334
O5499302980,2025-11-17,华北,石家庄,服饰,鞋靴,服-鞋-914,自然搜索,微信支付,112.87,4,0.094,449.94,263.53,0.4143,0,0.0,C347004017
O3027684938,2025-11-17,华东,宁波,家居,收纳,家-收-437,信息流广告,支付宝,95.72,3,0.167,263.12,164.74,0.3739,0,0.0,C277110945
O2335075058,2025-11-18,华东,苏州,食品,零食,食-零-602,自然搜索,微信支付,44.95,4,,186.31,120.71,0.3521,0,0.0,C455032908
O9394580245,2025-11-18,华北,天津,家居,收纳,家-收-198,直播,支付宝,108.46,3,0.128,312.1,181.09,0.4198,0,0.0,C782267746
O6044292153,2025-11-18,华南,广州,数码,耳机,数-耳-731,站内推荐,微信支付,194.66,1,0.063,221.87,163.86,0.2615,0,0.0,C183675788
O8303330032,2025-11-18,华中,郑州,数码,耳机,数-耳-376,自然搜索,微信支付,129.96,2,0.069,266.18,186.32,0.3,1,218.94,C556338985
O3816537442,2025-11-18,华中,武汉,食品,饮料,食-饮-403,信息流广告,支付宝,39.18,1,0.07,40.08,26.34,0.3428,0,0.0,C054531282
O1906081384,2025-11-18,华东,上海,服饰,鞋靴,服-鞋-113,信息流广告,微信支付,68.55,1,0.097,68.09,37.52,0.449,0,0.0,C954005169
O1883932509,2025-11-18,华北,天津,美妆,彩妆,美-彩-976,直播,支付宝,139.4,1,0.094,138.93,84.19,0.394,0,0.0,C828273043
O4331804808,2025-11-18,华东,上海,家居,清洁,家-清-795,信息流广告,支付宝,78.47,4,0.105,309.01,184.92,0.4016,0,0.0,C660884707
O3484486014,2025-11-18,华中,南昌,数码,配件,数-配-285,私域,银行卡,209.45,3,0.097,624.14,505.51,0.1901,0,0.0,C286941962
O0137299163,2025-11-18,华东,杭州,家居,厨具,家-厨-821,自然搜索,微信支付,100.17,2,0.067,205.61,125.05,0.3918,0,0.0,C570658081
O4290879179,2025-11-18,华南,佛山,食品,速食,食-速-141,自然搜索,微信支付,63.47,2,0.09,140.51,94.32,0.3287,0,0.0,C194036103
O4674305176,2025-11-18,东北,哈尔滨,服饰,鞋靴,服-鞋-897,线下导流,微信支付,117.46,2,0.02,242.08,129.58,0.4647,0,0.0,C044088062
O1534918194,2025-11-18,华北,太原,美妆,彩妆,美-彩-660,自然搜索,支付宝,101.81,3,0.054,317.83,168.97,0.4684,0,0.0,C917121836
O8639029584,2025-11-18,华北,石家庄,服饰,鞋靴,服-鞋-491,站内推荐,微信支付,144.84,3,0.068,445.47,214.1,0.5194,0,0.0,C341732691
O4152497011,2025-11-18,华中,长沙,家居,清洁,家-清-869,自然搜索,微信支付,62.06,4,0.022,267.06,165.86,0.3789,0,0.0,C458041947
O5707020641,2025-11-18,华南,厦门,服饰,裤装,服-裤-983,站内推荐,微信支付,71.6,2,0.006,173.14,94.03,0.4569,0,0.0,C639564865
O5152661307,2025-11-18,西南,贵阳,数码,耳机,数-耳-375,自然搜索,支付宝,229.9,2,0.074,542.7,376.02,0.3071,0,0.0,C317305241
O5550731581,2025-11-19,华北,石家庄,服饰,鞋靴,服-鞋-675,线下导流,微信支付,129.87,3,0.062,402.0,241.78,0.3986,0,0.0,C159510617
O1373543871,2025-11-19,华中,长沙,服饰,上衣,服-上-701,线下导流,微信支付,159.06,1,0.008,173.57,102.67,0.4085,0,0.0,C553531222
O3116344847,2025-11-19,华南,,美妆,香氛,美-香-398,私域,支付宝,102.53,2,0.104,223.56,119.7,0.4646,0,0.0,C868808392
O7592286385,2025-11-19,华北,北京,美妆,香氛,美-香-526,自然搜索,微信支付,124.14,4,0.048,520.0,256.58,0.5066,0,0.0,C994004585
O7735803267,2025-11-19,华东,苏州,食品,零食,食-零-678,私域,微信支付,45.74,3,0.062,141.58,93.68,0.3383,0,0.0,C639258796
O1805951020,2025-11-19,华东,上海,家居,收纳,家-收-198,信息流广告,支付宝,75.42,3,0.075,230.22,132.18,0.4259,0,0.0,C288740383
O5463352702,2025-11-19,华北,石家庄,食品,零食,食-零-187,站内推荐,微信支付,71.43,2,0.034,151.8,93.92,0.3813,0,0.0,C317681337
O1332754419,2025-11-19,华南,深圳,服饰,裤装,服-裤-496,信息流广告,支付宝,159.52,3,0.062,546.19,316.27,0.421,0,0.0,C183947355
O6218140641,2025-11-19,西南,成都,数码,配件,数-配-885,站内推荐,支付宝,261.34,2,0.089,607.18,492.57,0.1888,0,0.0,C449869402
O0064537490,2025-11-20,华南,广州,数码,配件,数-配-782,私域,微信支付,158.5,3,0.041,555.02,430.26,0.2248,0,0.0,C355882752
O4726154061,2025-11-20,华东,杭州,数码,智能穿戴,数-智-216,私域,微信支付,192.65,1,0.1,190.72,134.64,0.294,0,0.0,C070656368
O0399897827,2025-11-20,西南,昆明,服饰,上衣,服-上-467,信息流广告,微信支付,133.49,3,0.084,467.96,258.44,0.4477,0,0.0,C083121899
O5684130881,2025-11-20,华东,杭州,美妆,香氛,美-香-380,线下导流,支付宝,249.77,1,0.142,235.73,122.97,0.4783,0,0.0,C796465957
O6836141470,2025-11-20,华东,宁波,家居,收纳,家-收-569,信息流广告,支付宝,68.75,2,0.127,132.04,84.02,0.3637,0,0.0,C647933370
O9121198179,2025-11-20,华南,广州,服饰,上衣,服-上-807,直播,微信支付,126.79,1,0.062,144.75,79.29,0.4522,0,0.0,C016698679
O2152237182,2025-11-20,华南,佛山,食品,零食,食-零-581,私域,微信支付,43.28,3,0.033,152.82,106.25,0.3047,0,0.0,C101078803
O7408128103,2025-11-20,华北,天津,美妆,护肤,美-护-937,站内推荐,银行卡,136.99,4,0.056,569.0,306.62,0.4611,0,0.0,C743541146
O0432977094,2025-11-20,华南,深圳,服饰,上衣,服-上-423,直播,支付宝,116.5,2,0.102,254.67,140.85,0.4469,0,0.0,C838316326
O4090517701,2025-11-20,华南,佛山,家居,清洁,家-清-515,私域,微信支付,105.46,2,0.064,240.29,155.31,0.3537,0,0.0,C946097909
O9953175953,2025-11-20,西南,昆明,家居,厨具,家-厨-298,私域,银行卡,114.41,3,0.002,436.98,257.18,0.4115,0,0.0,C017017177
O7912036572,2025-11-20,华东,上海,食品,速食,食-速-175,站内推荐,支付宝,55.11,1,0.034,58.56,37.86,0.3535,0,0.0,C780585367
O5782094080,2025-11-20,西南,贵阳,家居,收纳,家-收-779,线下导流,微信支付,75.31,2,0.035,185.42,115.53,0.3769,0,0.0,C968202665
O9859508259,2025-11-20,华东,南京,家居,收纳,家-收-339,站内推荐,支付宝,92.4,3,0.026,296.99,185.07,0.3768,0,0.0,C768744517
O4284971075,2025-11-21,华东,杭州,家居,厨具,家-厨-602,站内推荐,支付宝,123.77,2,0.0,272.29,154.87,0.4312,0,0.0,C124948064
O0594680550,2025-11-21,华南,佛山,服饰,上衣,服-上-763,站内推荐,支付宝,126.12,3,0.074,426.56,246.33,0.4225,0,0.0,C713778793
O4263533697,2025-11-21,华中,南昌,数码,智能穿戴,数-智-720,自然搜索,微信支付,181.57,3,0.1,539.26,385.72,0.2847,0,0.0,C121592700
O3249362854,2025-11-21,华南,厦门,食品,速食,食-速-923,私域,银行卡,50.87,4,0.027,241.05,174.89,0.2745,0,0.0,C652966781
O3691583979,2025-11-21,华北,太原,食品,速食,食-速-825,直播,微信支付,54.91,4,0.1,217.44,144.4,0.3359,0,0.0,C275986871
O4964391088,2025-11-21,东北,沈阳,家居,清洁,家-清-429,直播,微信支付,43.57,1,0.102,41.12,25.28,0.3852,0,0.0,C852050209
O4645554327,2025-11-21,华北,天津,美妆,彩妆,美-彩-638,站内推荐,支付宝,242.83,4,0.0,1068.45,640.95,0.4001,0,0.0,C218856115
O4527099168,2025-11-21,西南,贵阳,食品,零食,食-零-270,自然搜索,微信支付,48.29,1,0.03,59.78,43.37,0.2745,0,0.0,C228098637
O1112972200,2025-11-21,东北,哈尔滨,服饰,裤装,服-裤-414,站内推荐,支付宝,150.45,1,0.113,140.26,78.17,0.4427,0,0.0,C195309245
O7021662596,2025-11-21,华东,南京,美妆,彩妆,美-彩-157,自然搜索,支付宝,79.53,4,0.088,319.14,187.34,0.413,0,0.0,C575362363
O4360391085,2025-11-21,华南,佛山,家居,清洁,家-清-793,自然搜索,微信支付,59.51,4,0.059,272.71,177.54,0.349,0,0.0,C798388706
O9752192957,2025-11-21,华东,南京,数码,耳机,数-耳-375,自然搜索,支付宝,246.2,1,0.111,240.76,179.94,0.2526,0,0.0,C938833856
O6311537298,2025-11-21,华北,北京,数码,智能穿戴,数-智-795,站内推荐,支付宝,304.74,3,0.03,975.47,765.75,0.215,0,0.0,C365437690
O0476217268,2025-11-21,华东,上海,数码,智能穿戴,数-智-230,直播,支付宝,126.83,2,0.089,254.19,184.69,0.2734,0,0.0,C960087533
O9786888704,2025-11-21,华东,苏州,数码,配件,数-配-530,直播,支付宝,158.46,2,0.086,318.63,243.19,0.2368,0,0.0,C316797010
O5192329223,2025-11-22,华东,宁波,数码,配件,数-配-845,自然搜索,微信支付,173.74,2,0.023,373.44,271.46,0.2731,0,0.0,C477820803
O0938610395,2025-11-22,东北,沈阳,数码,配件,数-配-833,直播,支付宝,174.0,4,0.101,657.55,453.68,0.31,0,0.0,C106461684
O1882244182,2025-11-22,华南,佛山,数码,耳机,数-耳-842,站内推荐,银行卡,217.41,2,0.009,524.78,394.9,0.2475,0,0.0,C618371545
O0961889283,2025-11-22,华中,南昌,食品,零食,食-零-525,直播,微信支付,48.22,1,0.159,44.61,27.85,0.3757,0,0.0,C713663903
O4426428122,2025-11-22,华东,上海,家居,厨具,家-厨-162,站内推荐,微信支付,130.31,3,0.057,405.51,239.6,0.4091,0,0.0,C160760626
O5801774862,2025-11-22,华东,宁波,食品,饮料,食-饮-107,线下导流,货到付款,66.73,4,0.095,265.72,189.79,0.2858,0,0.0,C031958294
O9763353063,2025-11-22,华南,深圳,服饰,裤装,服-裤-789,自然搜索,微信支付,107.6,4,0.05,497.96,330.45,0.3364,0,0.0,C295673139
O0946674924,2025-11-22,华东,上海,美妆,香氛,美-香-257,直播,微信支付,178.94,2,0.113,349.18,175.21,0.4982,0,0.0,C789348953
O8876057606,2025-11-22,华南,佛山,服饰,鞋靴,服-鞋-571,直播,支付宝,140.29,2,0.153,289.43,162.6,0.4382,0,0.0,C885222568
O6838433941,2025-11-22,华东,宁波,美妆,彩妆,美-彩-907,站内推荐,银行卡,153.41,4,0.078,622.35,316.72,0.4911,0,0.0,C895315451
O4480118139,2025-11-22,华东,南京,食品,饮料,食-饮-888,自然搜索,微信支付,46.84,1,0.081,47.35,30.53,0.3552,0,0.0,C850058160
O4446373827,2025-11-22,华东,宁波,数码,耳机,数-耳-907,自然搜索,微信支付,260.15,1,0.109,254.97,184.61,0.276,0,0.0,C354686055
O5258828822,2025-11-22,华南,深圳,服饰,裤装,服-裤-490,信息流广告,微信支付,129.36,2,0.127,275.07,162.18,0.4104,0,0.0,C829573583
O5012502097,2025-11-22,华中,长沙,食品,零食,食-零-642,站内推荐,支付宝,55.4,4,0.018,239.37,159.11,0.3353,0,0.0,C108579942
O5073168011,2025-11-22,华中,南昌,数码,智能穿戴,数-智-191,自然搜索,微信支付,249.22,3,0.08,756.63,588.45,0.2223,0,0.0,C590628749
O2395958768,2025-11-22,华北,北京,家居,清洁,家-清-223,自然搜索,微信支付,64.57,4,0.056,268.2,152.12,0.4328,0,0.0,C315273355
O3435567547,2025-11-23,华北,太原,家居,厨具,家-厨-646,站内推荐,微信支付,73.71,4,0.067,302.59,195.89,0.3526,0,0.0,C675477932
O0739089857,2025-11-23,华南,佛山,家居,收纳,家-收-500,站内推荐,支付宝,71.06,3,0.091,236.07,129.66,0.4508,0,0.0,C255367723
O9706807521,2025-11-23,华中,郑州,食品,速食,食-速-491,信息流广告,微信支付,60.95,3,0.035,194.1,114.81,0.4085,0,0.0,C112535634
O3257730717,2025-11-23,华东,杭州,食品,零食,食-零-858,站内推荐,支付宝,60.97,2,0.073,124.34,91.45,0.2645,0,0.0,C687529827
O7336837818,2025-11-23,华东,南京,数码,配件,数-配-736,自然搜索,微信支付,234.22,1,0.07,239.61,170.21,0.2896,0,0.0,C868371933
O6916165510,2025-11-23,华南,厦门,数码,配件,数-配-338,直播,支付宝,132.08,4,0.139,554.15,443.28,0.2001,0,0.0,C606908950
O4785818685,2025-11-23,华东,南京,数码,配件,数-配-711,自然搜索,微信支付,293.22,3,0.081,889.25,611.44,0.3124,0,0.0,C256739634
O9316679253,2025-11-23,华中,郑州,数码,配件,数-配-617,自然搜索,银行卡,196.22,2,0.044,412.69,286.33,0.3062,0,0.0,C188125238
O6574931730,2025-11-23,西南,昆明,美妆,香氛,美-香-155,自然搜索,支付宝,112.77,3,0.03,419.17,254.99,0.3917,0,0.0,C714961523
O6950252161,2025-11-23,华东,上海,美妆,香氛,美-香-819,信息流广告,微信支付,137.56,3,0.04,435.79,240.68,0.4477,0,0.0,C046498995
O7162349361,2025-11-24,华北,北京,数码,耳机,数-耳-423,自然搜索,支付宝,207.09,2,0.034,440.11,310.78,0.2939,0,0.0,C644121152
O3176993246,2025-11-24,华北,天津,数码,智能穿戴,数-智-426,私域,支付宝,354.13,3,0.058,1100.85,827.98,0.2479,0,0.0,C534411844
O6004025759,2025-11-24,西北,,家居,厨具,家-厨-860,信息流广告,银行卡,70.38,4,0.09,281.8,176.74,0.3728,1,275.91,C940528528
O4519352478,2025-11-24,华东,苏州,家居,厨具,家-厨-665,信息流广告,微信支付,105.41,2,0.065,216.83,135.14,0.3767,0,0.0,C801629738
O9532491366,2025-11-24,西南,昆明,家居,清洁,家-清-564,站内推荐,支付宝,97.21,4,0.066,464.09,300.02,0.3535,0,0.0,C805540485
O0442075775,2025-11-24,华北,天津,服饰,鞋靴,服-鞋-220,信息流广告,支付宝,76.04,4,0.07,311.16,173.18,0.4434,0,0.0,C785395028
O9680064196,2025-11-24,华南,广州,家居,清洁,家-清-365,信息流广告,微信支付,94.48,2,0.108,205.39,109.9,0.4649,0,0.0,C110345911
O3591407713,2025-11-24,华南,厦门,数码,智能穿戴,数-智-747,自然搜索,微信支付,179.41,1,0.068,203.76,148.36,0.2719,0,0.0,C344538343
O7254042071,2025-11-24,西南,成都,数码,耳机,数-耳-985,直播,微信支付,165.78,3,0.104,569.44,401.55,0.2948,0,0.0,C215977821
O4730567906,2025-11-24,西南,贵阳,美妆,护肤,美-护-976,站内推荐,微信支付,168.62,2,0.079,396.91,183.74,0.5371,0,0.0,C725660834
O9485757116,2025-11-24,华南,厦门,食品,速食,食-速-992,信息流广告,微信支付,54.43,2,0.134,114.88,77.41,0.3262,0,0.0,C179579450
O1521112453,2025-11-24,华北,太原,美妆,彩妆,美-彩-934,私域,微信支付,170.68,1,0.033,181.55,95.14,0.476,0,0.0,C192124953
O9377899774,2025-11-24,华南,厦门,服饰,上衣,服-上-559,直播,支付宝,141.63,1,0.111,153.43,101.06,0.3413,0,0.0,C324171914
O3145282487,2025-11-24,华北,石家庄,美妆,香氛,美-香-482,信息流广告,支付宝,155.62,1,0.086,156.46,88.2,0.4363,0,0.0,C952217079
O8721800343,2025-11-24,华南,广州,服饰,鞋靴,服-鞋-745,信息流广告,微信支付,176.68,2,0.067,401.75,236.71,0.4108,0,0.0,C549112975
O5131357955,2025-11-24,华中,长沙,美妆,护肤,美-护-114,私域,支付宝,210.95,1,0.049,220.67,123.87,0.4387,0,0.0,C047330788
O5464464922,2025-11-25,华南,深圳,数码,配件,数-配-224,信息流广告,支付宝,202.81,2,0.061,464.27,379.92,0.1817,1,316.82,C602203956
O7379248097,2025-11-25,华南,佛山,数码,智能穿戴,数-智-281,信息流广告,微信支付,260.0,2,0.105,567.3,437.36,0.229,0,0.0,C217810569
O8642190311,2025-11-25,华北,北京,数码,智能穿戴,数-智-120,直播,银行卡,221.08,1,0.05,231.03,167.78,0.2738,0,0.0,C815667425
O1728464512,2025-11-25,东北,哈尔滨,数码,耳机,数-耳-211,信息流广告,微信支付,155.15,1,0.062,152.87,118.42,0.2254,0,0.0,C591315993
O4237090279,2025-11-25,东北,长春,美妆,彩妆,美-彩-204,直播,微信支付,126.62,4,0.113,471.91,273.94,0.4195,0,0.0,C468490703
O4447783513,2025-11-25,华南,厦门,食品,零食,食-零-499,直播,微信支付,24.89,4,0.114,107.52,69.99,0.3491,0,0.0,C005765120
O6456202636,2025-11-25,西北,兰州,家居,收纳,家-收-113,自然搜索,银行卡,79.9,2,0.039,168.92,101.26,0.4005,0,0.0,C459237090
O2529335709,2025-11-25,华北,北京,数码,智能穿戴,数-智-383,信息流广告,微信支付,222.94,2,0.12,431.61,347.4,0.1951,0,0.0,C061929233
O6749125530,2025-11-25,西北,兰州,数码,耳机,数-耳-905,直播,支付宝,218.14,3,0.106,643.56,438.76,0.3182,0,0.0,C087303704
O8099825153,2025-11-25,华东,苏州,数码,配件,数-配-699,自然搜索,微信支付,130.76,3,0.075,399.14,324.23,0.1877,0,0.0,C566076832
O9568567582,2025-11-26,华南,厦门,家居,厨具,家-厨-858,信息流广告,支付宝,25.65,2,0.063,58.61,38.98,0.3349,0,0.0,C993741720
O9628777161,2025-11-26,华北,石家庄,服饰,上衣,服-上-445,自然搜索,银行卡,110.07,3,0.079,334.54,178.54,0.4663,0,0.0,C074161080
O5742613562,2025-11-26,华南,佛山,食品,零食,食-零-367,线下导流,支付宝,38.06,2,0.137,80.1,56.43,0.2955,0,0.0,C397798807
O8423544924,2025-11-26,华东,苏州,数码,智能穿戴,数-智-431,直播,微信支付,303.81,2,0.102,600.21,449.32,0.2514,0,0.0,C518564885
O1811614329,2025-11-26,东北,大连,服饰,裤装,服-裤-536,私域,微信支付,110.03,3,0.079,319.3,182.36,0.4289,0,0.0,C535648854
O6053760674,2025-11-26,西南,成都,数码,配件,数-配-624,自然搜索,微信支付,160.79,1,0.083,188.58,155.92,0.1732,0,0.0,C937496478
O3995895184,2025-11-26,西南,昆明,家居,厨具,家-厨-342,直播,支付宝,71.61,1,0.052,86.82,50.6,0.4172,0,0.0,C859830545
O0808287819,2025-11-26,华中,武汉,数码,配件,数-配-101,自然搜索,微信支付,242.51,3,0.043,765.87,577.1,0.2465,0,0.0,C748973572
O6146650496,2025-11-26,西南,昆明,家居,清洁,家-清-835,自然搜索,微信支付,81.46,4,0.055,393.82,233.41,0.4073,0,0.0,C689073159
O4966407923,2025-11-26,华中,郑州,服饰,上衣,服-上-162,站内推荐,微信支付,118.41,1,0.093,118.14,70.63,0.4021,0,0.0,C392291671
O2966301565,2025-11-26,西北,乌鲁木齐,数码,配件,数-配-396,私域,微信支付,271.74,2,0.084,547.61,389.37,0.289,0,0.0,C903277925
O8331539344,2025-11-26,华东,苏州,服饰,上衣,服-上-565,自然搜索,银行卡,142.12,1,0.081,143.67,82.54,0.4255,0,0.0,C784348696
O3219350390,2025-11-26,华东,苏州,食品,零食,食-零-692,自然搜索,微信支付,37.54,3,0.109,110.38,70.18,0.3642,0,0.0,C004264209
O7287444293,2025-11-26,东北,大连,美妆,护肤,美-护-995,信息流广告,支付宝,124.5,1,0.114,115.85,64.37,0.4444,0,0.0,C358582141
O7018764683,2025-11-26,华东,南京,美妆,香氛,美-香-739,信息流广告,支付宝,160.94,2,0.057,333.89,170.0,0.4909,0,0.0,C354219168
O4002171022,2025-11-26,华东,宁波,服饰,裤装,服-裤-620,站内推荐,微信支付,111.67,4,0.091,446.64,267.5,0.4011,0,0.0,C468094200
O1312343028,2025-11-26,东北,哈尔滨,服饰,裤装,服-裤-805,线下导流,微信支付,85.68,2,0.03,174.58,93.62,0.4637,0,0.0,C497584275
O7317216381,2025-11-27,华北,天津,美妆,彩妆,美-彩-116,直播,微信支付,169.3,1,0.1,167.61,76.71,0.5423,0,0.0,C487524857
O2371737300,2025-11-27,华中,武汉,家居,收纳,家-收-718,信息流广告,支付宝,76.69,2,0.114,149.48,94.49,0.3679,0,0.0,C325072015
O9983326815,2025-11-27,华南,佛山,数码,耳机,数-耳-541,直播,微信支付,214.5,3,0.113,696.17,496.9,0.2862,0,0.0,C688218621
O2750036863,2025-11-27,华中,武汉,家居,收纳,家-收-601,直播,微信支付,54.39,4,0.143,205.09,117.47,0.4272,0,0.0,C423406184
O6179911274,2025-11-27,华东,杭州,食品,饮料,食-饮-651,直播,微信支付,73.95,2,0.093,147.56,101.68,0.3109,0,0.0,C435119796
O2169040591,2025-11-27,西南,重庆,家居,厨具,家-厨-817,私域,银行卡,97.49,3,,320.7,181.41,0.4343,0,0.0,C178302169
O4770571539,2025-11-27,华北,天津,服饰,裤装,服-裤-774,直播,微信支付,117.0,4,0.096,465.38,281.12,0.3959,0,0.0,C540553994
O9159356953,2025-11-27,西北,银川,数码,配件,数-配-753,自然搜索,支付宝,172.35,2,0.07,352.63,288.13,0.1829,0,0.0,C421778298
O9232527499,2025-11-28,华南,佛山,数码,配件,数-配-904,直播,微信支付,211.73,1,0.168,214.92,165.11,0.2318,0,0.0,C122203112
O8637216899,2025-11-28,华东,杭州,美妆,香氛,美-香-958,信息流广告,货到付款,181.72,3,0.08,551.7,299.57,0.457,0,0.0,C656348156
O1289766423,2025-11-28,华北,太原,数码,配件,数-配-159,私域,微信支付,271.99,2,0.082,549.31,388.34,0.293,1,336.39,C290020984
O6057441779,2025-11-28,华东,杭州,服饰,裤装,服-裤-212,直播,支付宝,127.91,2,0.124,246.51,144.17,0.4152,0,0.0,C003463930
O2933358274,2025-11-28,华北,天津,美妆,护肤,美-护-886,直播,银行卡,107.59,1,0.1,106.51,63.18,0.4068,0,0.0,C057423056
O0772976401,2025-11-28,华中,长沙,美妆,香氛,美-香-322,私域,支付宝,115.49,1,0.051,120.56,67.34,0.4414,0,0.0,C818200281
O3327089657,2025-11-28,东北,沈阳,数码,耳机,数-耳-592,信息流广告,微信支付,171.52,3,0.099,486.79,351.1,0.2787,0,0.0,C461874002
O4160360607,2025-11-28,华南,深圳,服饰,鞋靴,服-鞋-817,站内推荐,支付宝,142.68,3,0.072,484.62,296.58,0.388,0,0.0,C534248397
O1093782430,2025-11-28,西北,银川,家居,厨具,家-厨-814,自然搜索,支付宝,117.4,2,0.08,237.62,149.9,0.3692,0,0.0,C226995321
O5445316053,2025-11-28,西南,昆明,美妆,彩妆,美-彩-890,直播,微信支付,161.38,4,0.087,754.41,406.82,0.4607,0,0.0,C389529837
O2468141902,2025-11-28,西南,重庆,美妆,彩妆,美-彩-276,信息流广告,货到付款,219.29,3,0.091,765.47,466.45,0.3906,0,0.0,C075010913
O1142804099,2025-11-28,华东,苏州,食品,速食,食-速-622,自然搜索,微信支付,43.38,1,0.035,46.05,32.38,0.2969,0,0.0,C935707041
O0230533809,2025-11-28,华北,太原,食品,饮料,食-饮-639,信息流广告,支付宝,38.5,2,0.075,78.35,53.18,0.3213,0,0.0,C946481166
O1806383438,2025-11-29,华南,厦门,食品,速食,食-速-277,直播,支付宝,50.08,1,0.06,57.45,38.0,0.3386,0,0.0,C867814567
O4229925019,2025-11-29,华南,深圳,家居,厨具,家-厨-280,私域,银行卡,71.9,1,0.118,77.39,47.32,0.3886,0,0.0,C492841556
O9494120671,2025-11-29,华南,深圳,服饰,上衣,服-上-535,直播,支付宝,119.28,3,0.073,404.83,240.05,0.407,0,0.0,C081039713
O0184094145,2025-11-29,华南,佛山,数码,耳机,数-耳-880,自然搜索,微信支付,199.35,2,0.008,482.68,332.14,0.3119,0,0.0,C025561668
O6568784044,2025-11-29,华南,深圳,食品,速食,食-速-726,直播,支付宝,46.71,2,0.094,103.29,72.68,0.2964,0,0.0,C668091141
O7887010348,2025-11-29,西南,重庆,服饰,鞋靴,服-鞋-906,自然搜索,银行卡,74.96,2,0.084,175.86,111.0,0.3688,0,0.0,C735001404
O0587840488,2025-11-29,华中,武汉,服饰,裤装,服-裤-800,直播,微信支付,105.25,3,0.177,285.85,150.29,0.4742,0,0.0,C359959551
O8059651069,2025-11-29,华北,太原,数码,配件,数-配-329,直播,支付宝,207.95,4,0.109,815.25,608.33,0.2538,0,0.0,C482578974
O9147864782,2025-11-29,西南,成都,食品,速食,食-速-942,信息流广告,微信支付,49.35,2,0.066,118.05,80.71,0.3163,0,0.0,C889221793
O8680146568,2025-11-29,华南,佛山,服饰,上衣,服-上-212,直播,微信支付,83.87,3,0.129,267.45,147.92,0.4469,0,0.0,C239860597
O3008295549,2025-11-29,华中,郑州,服饰,上衣,服-上-667,直播,支付宝,163.19,4,0.074,664.9,315.81,0.525,0,0.0,C440220575
O7275489953,2025-11-29,东北,大连,家居,清洁,家-清-889,私域,微信支付,59.73,2,0.05,119.14,74.68,0.3732,0,0.0,C280633948
O4502228889,2025-11-30,华北,石家庄,服饰,上衣,服-上-451,直播,微信支付,118.11,4,0.119,457.84,257.7,0.4371,0,0.0,C959348855
O4935210440,2025-11-30,华东,南京,数码,配件,数-配-839,自然搜索,支付宝,236.99,1,0.057,245.83,170.63,0.3059,0,0.0,C879616104
O7176726839,2025-11-30,华东,南京,美妆,彩妆,美-彩-604,自然搜索,微信支付,138.33,3,0.074,422.71,253.77,0.3997,0,0.0,C189759589
O4617342553,2025-11-30,华北,太原,食品,零食,食-零-341,直播,支付宝,49.3,3,0.095,147.23,103.71,0.2956,0,0.0,C264555915
O7525909450,2025-11-30,华北,北京,美妆,彩妆,美-彩-899,自然搜索,微信支付,181.57,1,0.079,183.95,107.2,0.4172,1,150.11,C616582707
O4981265229,2025-11-30,华南,厦门,数码,耳机,数-耳-156,信息流广告,微信支付,218.96,4,0.123,937.68,606.54,0.3531,0,0.0,C008377070
O3276787845,2025-11-30,西北,西安,家居,厨具,家-厨-896,直播,货到付款,65.38,1,0.052,68.18,41.86,0.386,0,0.0,C334117560
O7123752459,2025-11-30,华东,苏州,服饰,裤装,服-裤-860,私域,微信支付,103.72,4,0.071,423.97,245.43,0.4211,0,0.0,C599723385
O1742157190,2025-11-30,华东,杭州,食品,零食,食-零-699,直播,微信支付,44.21,1,0.104,43.57,27.32,0.373,0,0.0,C958172812
O5517090011,2025-11-30,华中,郑州,家居,厨具,家-厨-740,私域,微信支付,54.62,1,0.062,56.36,31.0,0.45,0,0.0,C967360553
O5760378391,2025-11-30,华东,南京,服饰,上衣,服-上-962,站内推荐,银行卡,184.18,2,0.0,405.2,246.15,0.3925,0,0.0,C949356123
O8707151253,2025-11-30,华北,石家庄,服饰,鞋靴,服-鞋-675,信息流广告,支付宝,123.48,3,0.054,385.48,217.82,0.4349,0,0.0,C913334639
O8837423526,2025-11-30,华东,南京,家居,收纳,家-收-330,自然搜索,银行卡,60.58,4,0.083,244.43,147.75,0.3955,0,0.0,C949045230
O0676174824,2025-11-30,华东,杭州,家居,厨具,家-厨-258,信息流广告,支付宝,73.57,4,0.109,288.42,169.59,0.412,0,0.0,C681958967
O3847534770,2025-11-30,华东,上海,服饰,裤装,服-裤-343,私域,微信支付,106.77,4,0.107,419.52,263.51,0.3719,0,0.0,C971734927
O6471059938,2025-11-30,华中,长沙,食品,零食,食-零-853,站内推荐,支付宝,43.55,4,0.102,172.07,115.53,0.3286,0,0.0,C371264419
O2719686191,2025-11-30,华南,深圳,服饰,上衣,服-上-305,信息流广告,银行卡,156.53,4,0.067,713.13,435.96,0.3887,0,0.0,C172415960
O0780065499,2025-11-30,西北,银川,美妆,护肤,美-护-978,自然搜索,支付宝,253.85,4,0.023,1091.25,655.76,0.3991,0,0.0,C621739013
O4748439927,2025-11-30,华北,北京,服饰,裤装,服-裤-178,直播,支付宝,94.97,4,0.102,375.25,228.18,0.3919,0,0.0,C809640346
O2958249666,2025-11-30,华东,上海,食品,速食,食-速-768,自然搜索,微信支付,33.62,1,0.093,33.54,24.13,0.2806,0,0.0,C072403150
O8011700431,2025-11-30,西北,乌鲁木齐,服饰,裤装,服-裤-178,直播,支付宝,154.43,3,0.074,471.91,289.19,0.3872,0,0.0,C967962507
O3781441963,2025-12-01,华南,厦门,数码,耳机,数-耳-990,自然搜索,支付宝,252.56,4,0.065,1153.44,826.68,0.2833,0,0.0,C719545344
O1837553723,2025-12-01,华北,北京,美妆,彩妆,美-彩-384,自然搜索,微信支付,125.78,3,0.071,385.6,213.87,0.4454,0,0.0,C530912616
O3366658430,2025-12-01,华东,南京,数码,耳机,数-耳-785,信息流广告,支付宝,155.77,2,0.063,321.1,217.76,0.3218,0,0.0,C124793464
O5868682217,2025-12-01,华南,广州,服饰,鞋靴,服-鞋-276,线下导流,支付宝,113.03,4,0.11,491.36,281.42,0.4273,0,0.0,C847135003
O4910314888,2025-12-01,华中,郑州,美妆,彩妆,美-彩-428,自然搜索,支付宝,151.39,4,0.105,596.17,352.27,0.4091,0,0.0,C485817554
O5238736376,2025-12-01,华北,石家庄,美妆,香氛,美-香-474,站内推荐,银行卡,223.29,3,0.1,663.17,352.5,0.4685,0,0.0,C801740717
O2312804065,2025-12-01,西北,西安,家居,厨具,家-厨-195,信息流广告,支付宝,71.18,2,0.115,138.59,85.25,0.3849,0,0.0,C261947079
O5976546145,2025-12-01,华北,太原,家居,收纳,家-收-228,自然搜索,支付宝,86.59,1,0.089,86.77,53.98,0.3779,0,0.0,C486754248
O7008094405,2025-12-01,华东,宁波,数码,配件,数-配-209,站内推荐,微信支付,207.11,4,0.022,891.24,675.67,0.2419,0,0.0,C184191379
O7064868507,2025-12-01,东北,大连,服饰,裤装,服-裤-133,信息流广告,支付宝,116.39,4,0.096,441.71,281.63,0.3624,0,0.0,C923951787
O1062808101,2025-12-01,华东,南京,美妆,彩妆,美-彩-446,自然搜索,支付宝,202.51,3,0.03,648.23,372.7,0.425,0,0.0,C790087884
O5423192259,2025-12-01,华中,郑州,食品,饮料,食-饮-162,直播,银行卡,45.63,3,0.08,138.53,100.1,0.2774,0,0.0,C946387290
O8190921257,2025-12-01,西南,贵阳,家居,收纳,家-收-216,站内推荐,支付宝,81.92,4,0.092,381.34,243.95,0.3603,0,0.0,C105550159
O5552011277,2025-12-02,华东,杭州,食品,速食,食-速-979,站内推荐,银行卡,26.31,4,0.075,107.08,71.27,0.3344,0,0.0,C566414430
O1588143684,2025-12-02,华东,苏州,数码,配件,数-配-494,信息流广告,微信支付,226.31,2,0.076,460.04,337.99,0.2653,0,0.0,C007105259
O2216697838,2025-12-02,东北,沈阳,美妆,彩妆,美-彩-295,私域,支付宝,136.57,2,0.074,265.42,139.23,0.4754,0,0.0,C791775627
O4891610753,2025-12-02,华北,天津,食品,零食,食-零-523,私域,支付宝,53.4,4,0.058,221.33,148.3,0.33,1,162.46,C157959647
O1282453103,2025-12-02,华南,深圳,家居,收纳,家-收-722,站内推荐,支付宝,82.74,4,0.063,378.79,252.64,0.333,0,0.0,C367609466
O1198539544,2025-12-02,华东,上海,美妆,香氛,美-香-593,信息流广告,支付宝,185.99,4,0.105,732.43,420.96,0.4253,0,0.0,C677826810
O3687417933,2025-12-02,西南,重庆,美妆,彩妆,美-彩-537,信息流广告,微信支付,114.71,4,0.122,516.56,300.95,0.4174,1,414.54,C458925325
O7984457384,2025-12-02,华东,南京,家居,厨具,家-厨-319,站内推荐,支付宝,57.74,2,0.048,120.93,73.82,0.3896,0,0.0,C615800695
O3513646758,2025-12-02,华东,上海,服饰,裤装,服-裤-975,站内推荐,货到付款,90.5,2,0.067,185.76,100.4,0.4595,0,0.0,C848845652
O0448631230,2025-12-02,华北,天津,食品,速食,食-速-118,线下导流,银行卡,58.97,1,0.019,63.63,44.37,0.3027,0,0.0,C322846427
O7129358547,2025-12-02,西北,西安,家居,清洁,家-清-552,自然搜索,微信支付,69.28,1,0.082,69.96,50.38,0.2799,0,0.0,C652832201
O1025491457,2025-12-02,华北,北京,美妆,彩妆,美-彩-954,私域,支付宝,85.37,1,0.064,87.9,49.98,0.4314,0,0.0,C571005402
O9318891657,2025-12-02,华南,广州,家居,厨具,家-厨-164,站内推荐,微信支付,118.93,1,0.073,134.67,86.69,0.3563,0,0.0,C349546599
O9815197157,2025-12-02,华北,天津,家居,收纳,家-收-911,直播,微信支付,114.9,1,0.085,115.65,68.21,0.4102,0,0.0,C905310333
O0638748751,2025-12-02,华南,深圳,家居,清洁,家-清-390,自然搜索,微信支付,84.24,2,0.048,195.92,110.55,0.4357,0,0.0,C003117784
O2224060965,2025-12-02,华南,深圳,服饰,上衣,服-上-899,私域,支付宝,113.61,4,0.091,504.58,341.9,0.3224,0,0.0,C533891032
O9809537212,2025-12-02,华北,天津,食品,速食,食-速-813,直播,支付宝,65.12,3,0.151,182.45,118.79,0.3489,0,0.0,C967297495
O2877200022,2025-12-02,华中,武汉,数码,耳机,数-耳-595,私域,支付宝,259.39,3,0.051,812.33,644.38,0.2068,0,0.0,C846844531
O2630807708,2025-12-03,华南,广州,数码,耳机,数-耳-574,站内推荐,支付宝,152.46,2,0.097,336.43,250.85,0.2544,0,0.0,C207273933
O0301556431,2025-12-03,华东,宁波,食品,零食,食-零-377,直播,支付宝,31.73,4,0.103,125.23,84.78,0.323,0,0.0,C752726625
O4545093147,2025-12-03,西南,重庆,家居,清洁,家-清-983,私域,银行卡,74.92,2,0.065,179.72,113.14,0.3705,0,0.0,C410021615
O2282554410,2025-12-03,华北,北京,美妆,香氛,美-香-815,信息流广告,支付宝,139.93,1,0.08,141.61,71.53,0.4949,0,0.0,C716680561
O9912442970,2025-12-03,华中,南昌,数码,耳机,数-耳-893,站内推荐,微信支付,205.17,3,0.08,622.9,495.75,0.2041,0,0.0,C456227443
O9733321013,2025-12-03,华南,佛山,食品,速食,食-速-479,直播,支付宝,51.25,1,0.133,54.29,37.23,0.3142,0,0.0,C680401960
O9033214968,2025-12-03,华东,上海,数码,智能穿戴,数-智-166,信息流广告,支付宝,201.41,2,0.164,370.43,282.13,0.2384,0,0.0,C279759722
O7847260218,2025-12-03,华南,佛山,家居,厨具,家-厨-608,直播,支付宝,67.99,4,0.036,320.33,203.85,0.3636,0,0.0,C511130481
O2223965946,2025-12-03,华北,太原,美妆,香氛,美-香-748,自然搜索,微信支付,155.01,1,0.065,159.43,87.37,0.452,0,0.0,C699360563
O4210239842,2025-12-03,华中,长沙,数码,配件,数-配-544,私域,微信支付,70.48,1,0.035,74.81,50.6,0.3236,0,0.0,C133190146
O9404491697,2025-12-03,西南,重庆,服饰,裤装,服-裤-224,站内推荐,支付宝,148.76,3,0.032,554.16,312.29,0.4365,0,0.0,C055689789
O6897072518,2025-12-03,西南,成都,美妆,香氛,美-香-130,信息流广告,微信支付,182.98,2,0.061,440.81,222.14,0.4961,0,0.0,C267067658
O1975517172,2025-12-03,华东,苏州,数码,智能穿戴,数-智-623,私域,支付宝,266.48,1,0.051,278.18,204.99,0.2631,0,0.0,C774598955
O4924856173,2025-12-03,华北,天津,美妆,彩妆,美-彩-736,自然搜索,银行卡,149.08,4,0.06,616.59,346.08,0.4387,0,0.0,C439161010
O9289218215,2025-12-03,华北,太原,家居,清洁,家-清-386,信息流广告,支付宝,99.94,2,0.052,208.43,123.92,0.4055,0,0.0,C520321952
O5215880592,2025-12-03,华北,天津,家居,清洁,家-清-843,直播,微信支付,115.25,2,0.062,237.83,151.79,0.3618,0,0.0,C878310899
O9119722677,2025-12-03,华东,南京,食品,速食,食-速-192,私域,货到付款,39.31,1,0.054,40.91,25.82,0.3689,0,0.0,C300500386
O8192026736,2025-12-03,华中,武汉,家居,收纳,家-收-450,私域,微信支付,96.23,2,0.054,200.27,113.24,0.4346,0,0.0,C307016380
O4027457645,2025-12-03,西北,兰州,家居,清洁,家-清-530,站内推荐,银行卡,91.94,4,0.098,364.89,229.65,0.3706,0,0.0,C656724856
O0345668620,2025-12-03,西南,重庆,服饰,鞋靴,服-鞋-792,站内推荐,银行卡,142.2,1,0.005,181.5,101.2,0.4424,0,0.0,C225328218
O1969211025,2025-12-03,华东,杭州,数码,智能穿戴,数-智-675,站内推荐,支付宝,176.22,3,0.1,523.37,390.15,0.2545,0,0.0,C122798639
O7472863345,2025-12-03,华南,佛山,家居,收纳,家-收-425,私域,微信支付,87.76,2,0.058,202.02,116.74,0.4221,0,0.0,C205408080
O3806328106,2025-12-04,华东,苏州,食品,零食,食-零-947,信息流广告,银行卡,40.0,4,,159.63,97.85,0.387,0,0.0,C858352389
O6409826463,2025-12-04,西北,乌鲁木齐,服饰,鞋靴,服-鞋-572,线下导流,支付宝,126.66,1,0.064,130.41,84.56,0.3516,0,0.0,C753078212
O5963333065,2025-12-04,华中,南昌,食品,零食,食-零-821,自然搜索,微信支付,41.53,2,0.076,84.42,56.42,0.3317,0,0.0,C616412054
O4284350677,2025-12-04,华南,深圳,服饰,上衣,服-上-513,信息流广告,微信支付,85.51,1,0.071,97.09,47.3,0.5128,0,0.0,C374205092
O6315988372,2025-12-04,华南,广州,家居,厨具,家-厨-519,私域,货到付款,55.02,2,0.135,116.34,80.78,0.3057,0,0.0,C203208286
O0576712913,2025-12-04,西北,兰州,食品,速食,食-速-379,自然搜索,银行卡,38.53,1,0.069,39.46,26.55,0.3272,0,0.0,C961738282
O8139495736,2025-12-04,华北,北京,家居,收纳,家-收-476,直播,支付宝,84.39,4,0.06,349.04,222.43,0.3627,0,0.0,C316534819
O8925057791,2025-12-04,华东,苏州,家居,厨具,家-厨-905,自然搜索,支付宝,63.81,4,0.069,261.39,162.3,0.3791,0,0.0,C356104140
O2500795237,2025-12-04,东北,大连,美妆,护肤,美-护-122,线下导流,微信支付,153.95,1,0.03,156.66,95.01,0.3935,0,0.0,C846847095
O3769980902,2025-12-04,华南,佛山,家居,收纳,家-收-495,站内推荐,支付宝,93.9,1,0.147,97.89,55.24,0.4357,0,0.0,C878963810
O9731191238,2025-12-04,东北,沈阳,食品,饮料,食-饮-529,私域,支付宝,63.45,2,0.061,125.01,90.68,0.2746,1,123.5,C129404044
O4250635646,2025-12-04,华东,南京,食品,零食,食-零-604,信息流广告,微信支付,66.7,4,0.107,262.08,164.45,0.3725,0,0.0,C333901167
O7457012721,2025-12-04,华中,武汉,服饰,上衣,服-上-358,私域,支付宝,105.79,4,0.038,447.79,259.29,0.421,1,311.51,C931573439
O2410413638,2025-12-04,华南,佛山,服饰,鞋靴,服-鞋-747,自然搜索,微信支付,185.21,2,0.053,428.74,208.93,0.5127,0,0.0,C596734730
O6191412439,2025-12-04,西南,昆明,美妆,彩妆,美-彩-689,信息流广告,支付宝,146.64,4,0.085,688.76,412.97,0.4004,0,0.0,C401958243
O0907067513,2025-12-04,华东,苏州,美妆,香氛,美-香-856,自然搜索,支付宝,176.05,1,0.106,173.13,101.71,0.4125,0,0.0,C943781340
O1840106657,2025-12-04,西北,西安,数码,配件,数-配-177,私域,支付宝,149.17,1,,160.48,125.67,0.2169,0,0.0,C431593902
O0959608049,2025-12-04,华东,宁波,服饰,鞋靴,服-鞋-284,信息流广告,支付宝,109.19,3,0.079,331.86,212.6,0.3594,0,0.0,C288256602
O7291292684,2025-12-04,华中,武汉,美妆,彩妆,美-彩-589,直播,银行卡,114.59,3,0.111,336.17,184.86,0.4501,0,0.0,C472125968
O3210541554,2025-12-04,华南,深圳,家居,清洁,家-清-887,信息流广告,微信支付,47.56,1,0.045,55.51,35.21,0.3657,0,0.0,C647028064
O3177000901,2025-12-04,华东,南京,食品,零食,食-零-336,信息流广告,银行卡,56.54,3,0.103,167.36,105.32,0.3707,0,0.0,C701121813
O4740346021,2025-12-05,西南,贵阳,家居,厨具,家-厨-449,自然搜索,支付宝,77.94,4,0.062,375.44,232.6,0.3805,0,0.0,C475330700
O6902176040,2025-12-05,华南,深圳,食品,饮料,食-饮-505,直播,微信支付,59.15,4,0.088,263.81,158.17,0.4004,0,0.0,C886574561
O1185014203,2025-12-05,华北,太原,数码,智能穿戴,数-智-525,信息流广告,微信支付,132.3,3,0.052,413.89,267.07,0.3547,0,0.0,C106580320
O2240791352,2025-12-05,华南,佛山,数码,耳机,数-耳-366,信息流广告,支付宝,107.05,1,0.075,121.06,91.23,0.2464,0,0.0,C858467145
O0519157315,2025-12-05,华北,北京,食品,速食,食-速-103,站内推荐,支付宝,28.77,2,0.044,60.51,40.21,0.3355,0,0.0,C885717543
O4564569122,2025-12-05,华中,武汉,家居,厨具,家-厨-244,直播,微信支付,53.33,2,0.155,99.14,62.85,0.366,0,0.0,C305953024
O6134875128,2025-12-05,华东,苏州,家居,清洁,家-清-200,线下导流,支付宝,94.51,4,0.065,388.81,247.63,0.3631,0,0.0,C148067485
O9131345360,2025-12-05,华中,南昌,数码,耳机,数-耳-773,线下导流,微信支付,155.21,2,0.014,336.68,245.96,0.2695,0,0.0,C824572503
O0069143703,2025-12-05,华东,杭州,服饰,裤装,服-裤-678,私域,银行卡,196.19,4,0.067,805.4,441.08,0.4523,0,0.0,C340786427
O4550439661,2025-12-05,华东,南京,服饰,裤装,服-裤-226,自然搜索,微信支付,100.31,4,0.075,408.26,227.84,0.4419,0,0.0,C937005677
O7125049388,2025-12-05,华北,石家庄,数码,智能穿戴,数-智-279,信息流广告,支付宝,279.22,1,0.157,258.92,186.83,0.2784,0,0.0,C874046247
O0341853730,2025-12-05,华南,佛山,食品,饮料,食-饮-783,信息流广告,支付宝,66.05,1,0.095,73.08,45.65,0.3753,0,0.0,C689257415
O8831595232,2025-12-05,华东,上海,食品,零食,食-零-579,线下导流,支付宝,57.64,2,0.061,119.07,74.89,0.371,0,0.0,C913359538
O1033655829,2025-12-05,西南,成都,美妆,护肤,美-护-134,私域,微信支付,124.9,1,0.086,146.56,88.57,0.3957,0,0.0,C931009069
O0499770288,2025-12-05,东北,大连,食品,速食,食-速-449,私域,支付宝,43.83,1,0.068,42.85,26.98,0.3704,0,0.0,C840523994
O9051573085,2025-12-05,华东,南京,家居,收纳,家-收-650,直播,支付宝,111.82,2,0.098,221.9,150.78,0.3205,0,0.0,C087676918
O0899363894,2025-12-05,华北,北京,美妆,香氛,美-香-805,自然搜索,支付宝,170.55,3,0.038,541.43,291.92,0.4608,0,0.0,C670157118
O2766475494,2025-12-05,西南,贵阳,美妆,彩妆,美-彩-348,信息流广告,货到付款,85.25,1,0.075,101.24,58.86,0.4186,0,0.0,C632090944
O3777898152,2025-12-05,华东,南京,服饰,裤装,服-裤-214,直播,支付宝,126.3,3,0.065,389.7,210.3,0.4604,1,260.67,C643179992
O8840469560,2025-12-05,华东,苏州,家居,清洁,家-清-614,直播,微信支付,78.16,4,0.115,304.36,180.58,0.4067,0,0.0,C524551837
O8379601591,2025-12-05,华东,杭州,数码,配件,数-配-264,私域,银行卡,244.7,2,0.089,490.43,330.06,0.327,0,0.0,C166418116
O9073810647,2025-12-05,华北,太原,美妆,香氛,美-香-436,自然搜索,微信支付,184.87,1,0.044,194.41,112.15,0.4231,0,0.0,C998739020
O5827264255,2025-12-06,华东,苏州,家居,收纳,家-收-557,站内推荐,支付宝,51.02,2,0.053,106.3,64.85,0.3899,0,0.0,C696435602
O8414698353,2025-12-06,华中,郑州,家居,清洁,家-清-479,线下导流,支付宝,125.62,1,0.071,128.37,86.59,0.3255,0,0.0,C039574073
O4639370789,2025-12-06,东北,大连,数码,配件,数-配-578,线下导流,支付宝,188.89,2,0.034,382.74,302.16,0.2105,0,0.0,C436637971
O3374637273,2025-12-06,华中,南昌,美妆,彩妆,美-彩-971,直播,微信支付,165.3,2,0.114,322.2,192.19,0.4035,0,0.0,C448589160
O9799433737,2025-12-06,华东,杭州,食品,饮料,食-饮-389,直播,支付宝,34.07,3,0.082,103.21,65.28,0.3675,0,0.0,C920907516
O1123594662,2025-12-06,华东,南京,服饰,上衣,服-上-420,直播,支付宝,91.15,4,0.082,368.17,253.64,0.3111,0,0.0,C399505337
O0654504165,2025-12-06,华中,武汉,食品,速食,食-速-277,线下导流,支付宝,61.9,1,0.088,62.1,41.62,0.3298,0,0.0,C238462529
O4138388752,2025-12-06,华北,太原,家居,厨具,家-厨-698,私域,支付宝,94.79,1,0.0,104.27,59.26,0.4317,0,0.0,C943886402
O0682575740,2025-12-06,华南,,家居,收纳,家-收-504,信息流广告,支付宝,67.4,2,0.112,146.39,86.6,0.4084,0,0.0,C545196431
O2597412019,2025-12-06,华南,,数码,智能穿戴,数-智-160,站内推荐,支付宝,209.45,4,0.102,920.07,637.57,0.307,0,0.0,C282134902
O9722825107,2025-12-06,华东,杭州,数码,智能穿戴,数-智-236,站内推荐,支付宝,230.01,3,0.043,726.39,535.28,0.2631,0,0.0,C187340804
O6198457284,2025-12-06,东北,沈阳,数码,耳机,数-耳-100,信息流广告,微信支付,132.0,3,0.125,363.4,274.92,0.2435,0,0.0,C694786076
O7680555923,2025-12-06,华北,太原,美妆,香氛,美-香-528,直播,银行卡,171.95,1,0.07,175.9,91.73,0.4785,0,0.0,C404289775
O0786581401,2025-12-06,华中,郑州,食品,速食,食-速-747,站内推荐,微信支付,60.97,1,0.071,62.31,39.6,0.3645,0,0.0,C813831755
O5297234131,2025-12-06,华南,广州,美妆,彩妆,美-彩-185,站内推荐,微信支付,189.52,2,0.067,432.48,243.13,0.4378,0,0.0,C639429235
O5848266164,2025-12-06,华东,宁波,美妆,护肤,美-护-260,站内推荐,微信支付,130.53,3,0.051,408.78,207.02,0.4936,0,0.0,C346607758
O1579089035,2025-12-06,华东,上海,家居,清洁,家-清-920,自然搜索,微信支付,90.79,2,0.043,191.15,121.44,0.3647,0,0.0,C066987437
O4573171058,2025-12-06,华东,上海,数码,耳机,数-耳-293,直播,支付宝,243.86,2,0.161,450.12,347.84,0.2272,0,0.0,C005295805
O2213836401,2025-12-06,华东,南京,家居,收纳,家-收-113,自然搜索,银行卡,61.61,3,0.098,183.39,109.51,0.4029,0,0.0,C747605303
O5363649527,2025-12-06,华东,杭州,家居,清洁,家-清-470,站内推荐,支付宝,72.96,1,0.044,76.72,40.22,0.4758,0,0.0,C388691415
O4093545133,2025-12-06,华北,石家庄,数码,配件,数-配-674,站内推荐,银行卡,247.84,2,0.032,527.8,395.68,0.2503,0,0.0,C039853350
O7536881983,2025-12-06,华东,宁波,数码,配件,数-配-890,自然搜索,银行卡,132.19,4,0.037,560.12,429.78,0.2327,0,0.0,C689225866
O7471283456,2025-12-06,西南,成都,服饰,鞋靴,服-鞋-421,站内推荐,微信支付,107.28,2,0.073,255.46,144.1,0.4359,0,0.0,C998523208
O6521693699,2025-12-06,西南,昆明,家居,厨具,家-厨-668,直播,微信支付,81.84,3,0.097,284.76,192.31,0.3247,0,0.0,C172489521
O6407269343,2025-12-06,华东,宁波,服饰,裤装,服-裤-885,站内推荐,支付宝,95.71,4,0.003,419.86,253.68,0.3958,0,0.0,C671602351
O8279790892,2025-12-06,华南,佛山,服饰,裤装,服-裤-183,站内推荐,微信支付,132.28,3,0.097,438.23,264.35,0.3968,0,0.0,C524552167
O1185638511,2025-12-06,华南,广州,美妆,护肤,美-护-594,站内推荐,微信支付,143.57,3,0.061,494.6,245.84,0.503,0,0.0,C784070883
O0675128238,2025-12-06,华南,广州,数码,智能穿戴,数-智-723,直播,微信支付,235.17,3,0.197,692.82,537.41,0.2243,0,0.0,C128221977
O4420059392,2025-12-07,华东,,服饰,裤装,服-裤-539,线下导流,支付宝,114.85,3,0.029,368.01,208.01,0.4348,0,0.0,C736622223
O2039557573,2025-12-07,华北,石家庄,美妆,彩妆,美-彩-772,信息流广告,微信支付,188.23,2,0.054,391.74,221.03,0.4358,0,0.0,C572422366
O4643248113,2025-12-07,华东,苏州,服饰,鞋靴,服-鞋-919,自然搜索,微信支付,139.75,1,0.098,138.66,71.61,0.4836,0,0.0,C340841073
O1064097513,2025-12-07,西南,成都,食品,饮料,食-饮-979,信息流广告,支付宝,45.58,4,0.086,214.12,147.8,0.3097,0,0.0,C932909898
O9385871894,2025-12-07,华北,太原,数码,智能穿戴,数-智-282,站内推荐,微信支付,214.62,2,0.031,457.53,344.48,0.2471,0,0.0,C996900997
O4733367464,2025-12-07,华东,南京,服饰,鞋靴,服-鞋-869,直播,支付宝,139.87,4,0.097,555.73,313.6,0.4357,0,0.0,C612887091
O1513236219,2025-12-07,西南,昆明,家居,收纳,家-收-410,自然搜索,微信支付,103.36,1,0.066,124.05,80.44,0.3516,0,0.0,C303296399
O4956728718,2025-12-07,华南,厦门,服饰,上衣,服-上-775,信息流广告,微信支付,196.65,4,0.119,847.74,462.1,0.4549,0,0.0,C032124854
O1047144382,2025-12-07,西北,兰州,美妆,护肤,美-护-969,自然搜索,支付宝,235.44,4,0.055,978.96,573.92,0.4137,0,0.0,C492456231
O8721471726,2025-12-07,华北,天津,家居,清洁,家-清-604,私域,微信支付,78.8,2,0.083,158.97,90.59,0.4301,0,0.0,C434501355
O5218048395,2025-12-07,华北,太原,数码,耳机,数-耳-482,直播,微信支付,110.09,4,0.119,426.75,302.5,0.2912,0,0.0,C559323008
O1229502910,2025-12-07,华南,佛山,数码,智能穿戴,数-智-281,直播,微信支付,217.48,2,0.07,494.84,401.64,0.1883,0,0.0,C175028571
O9141414604,2025-12-07,西南,成都,美妆,彩妆,美-彩-512,直播,微信支付,166.89,3,0.1,579.0,291.56,0.4964,0,0.0,C050823029
O0193396011,2025-12-07,西南,贵阳,数码,智能穿戴,数-智-653,线下导流,支付宝,171.62,4,0.08,811.52,582.88,0.2817,0,0.0,C346076787
O9893849664,2025-12-08,华北,天津,服饰,裤装,服-裤-456,私域,微信支付,97.34,1,0.051,101.61,56.32,0.4457,1,73.83,C129141976
O5094271353,2025-12-08,华中,郑州,数码,耳机,数-耳-285,信息流广告,支付宝,180.75,1,0.128,173.38,123.12,0.2899,0,0.0,C532010074
O6408673313,2025-12-08,华南,佛山,食品,速食,食-速-169,直播,微信支付,24.8,1,0.178,24.95,16.24,0.3491,0,0.0,C270418428
O0804915925,2025-12-08,华北,太原,美妆,彩妆,美-彩-724,直播,微信支付,159.63,4,0.077,648.29,356.27,0.4504,0,0.0,C033136521
O4630743302,2025-12-08,西南,昆明,数码,耳机,数-耳-384,站内推荐,银行卡,184.82,3,0.045,680.68,568.87,0.1643,0,0.0,C297235998
O4003923968,2025-12-08,华东,杭州,食品,速食,食-速-481,自然搜索,支付宝,31.27,4,0.067,128.37,76.72,0.4024,0,0.0,C689555218
O1668246279,2025-12-08,华南,深圳,数码,智能穿戴,数-智-559,线下导流,微信支付,141.69,3,0.057,490.49,362.68,0.2606,0,0.0,C774235141
O0008514985,2025-12-08,华中,南昌,食品,速食,食-速-286,自然搜索,银行卡,47.41,4,0.109,185.87,121.47,0.3465,0,0.0,C151388426
O6312868321,2025-12-08,西南,昆明,家居,收纳,家-收-642,站内推荐,支付宝,74.22,3,0.015,281.93,177.76,0.3695,0,0.0,C088525117
O3451522276,2025-12-08,华北,石家庄,数码,智能穿戴,数-智-625,自然搜索,银行卡,203.64,4,0.087,818.06,643.88,0.2129,0,0.0,C560463654
O1713980879,2025-12-08,华东,南京,食品,速食,食-速-678,私域,微信支付,60.85,4,,259.71,175.16,0.3256,0,0.0,C623999107
O9872814074,2025-12-08,东北,大连,美妆,护肤,美-护-987,私域,微信支付,144.69,2,0.055,286.72,155.41,0.458,0,0.0,C092594763
O4350139804,2025-12-08,华北,天津,美妆,彩妆,美-彩-897,线下导流,支付宝,207.73,4,0.132,793.36,454.12,0.4276,0,0.0,C318897903
O4195252262,2025-12-08,西南,重庆,美妆,护肤,美-护-767,站内推荐,支付宝,121.95,3,0.04,451.48,229.55,0.4916,0,0.0,C775978674
O2572691700,2025-12-08,华东,南京,服饰,上衣,服-上-743,直播,支付宝,106.48,2,0.074,216.92,141.05,0.3498,1,168.66,C654312412
O2825700800,2025-12-08,华中,郑州,家居,收纳,家-收-591,私域,银行卡,84.76,1,0.052,88.39,48.49,0.4514,0,0.0,C938677405
O5211935433,2025-12-08,华中,长沙,服饰,鞋靴,服-鞋-602,直播,微信支付,144.98,3,0.085,437.77,271.15,0.3806,1,372.07,C451345969
O0046154700,2025-12-08,西南,重庆,服饰,鞋靴,服-鞋-267,站内推荐,微信支付,127.75,1,0.082,150.76,81.85,0.4571,0,0.0,C973852722
O6667345054,2025-12-08,华南,广州,服饰,鞋靴,服-鞋-141,线下导流,微信支付,94.4,1,0.031,111.93,66.49,0.406,0,0.0,C848830286
O6954833304,2025-12-08,华北,北京,数码,配件,数-配-513,自然搜索,支付宝,205.59,4,0.086,826.8,611.5,0.2604,0,0.0,C463320636
O4236100704,2025-12-08,华东,南京,食品,零食,食-零-426,信息流广告,微信支付,58.43,3,0.111,171.42,122.2,0.2871,0,0.0,C407492984
O2306007361,2025-12-08,华东,宁波,食品,饮料,食-饮-270,自然搜索,微信支付,35.28,3,0.043,111.42,80.22,0.28,0,0.0,C906331030
O8744240162,2025-12-08,华南,深圳,家居,清洁,家-清-402,直播,支付宝,85.38,2,0.152,177.19,116.39,0.3431,0,0.0,C144420164
O7587178206,2025-12-08,西南,成都,美妆,护肤,美-护-741,线下导流,支付宝,211.36,1,0.012,268.44,153.31,0.4289,0,0.0,C867672775
O0686277737,2025-12-08,华东,苏州,服饰,裤装,服-裤-125,站内推荐,货到付款,188.16,3,0.069,578.08,330.7,0.4279,0,0.0,C197585793
O2590413192,2025-12-08,西南,昆明,服饰,上衣,服-上-968,自然搜索,支付宝,103.11,1,0.037,127.64,75.14,0.4113,0,0.0,C685563538
O8075146390,2025-12-09,华中,郑州,数码,耳机,数-耳-743,直播,支付宝,164.86,2,0.071,336.94,256.89,0.2376,0,0.0,C344920790
O3902113536,2025-12-09,东北,长春,数码,智能穿戴,数-智-949,信息流广告,支付宝,132.25,2,0.085,253.71,177.4,0.3008,0,0.0,C937593152
O5717219959,2025-12-09,华东,宁波,服饰,上衣,服-上-196,私域,微信支付,126.54,3,0.068,389.19,244.28,0.3723,0,0.0,C861279344
O3116860856,2025-12-09,华中,武汉,服饰,上衣,服-上-271,站内推荐,支付宝,131.41,4,0.037,556.81,340.31,0.3888,0,0.0,C932146965
O9719281636,2025-12-09,华东,杭州,美妆,护肤,美-护-992,自然搜索,微信支付,212.55,2,0.059,440.02,233.12,0.4702,0,0.0,C999686556
O4887125047,2025-12-09,西北,银川,家居,清洁,家-清-482,私域,支付宝,81.22,3,0.052,254.09,155.24,0.389,0,0.0,C451286242
O8363555133,2025-12-09,华南,佛山,食品,饮料,食-饮-772,线下导流,货到付款,47.73,1,0.096,52.81,35.56,0.3266,0,0.0,C333660854
O8218090577,2025-12-09,华中,郑州,食品,零食,食-零-118,直播,银行卡,53.55,1,0.076,54.43,32.83,0.3968,0,0.0,C166011649
O6079581962,2025-12-09,西北,兰州,家居,清洁,家-清-940,自然搜索,银行卡,80.61,3,0.094,241.01,149.84,0.3783,0,0.0,C619121712
O0742979792,2025-12-09,西北,兰州,数码,配件,数-配-258,自然搜索,支付宝,203.35,2,0.077,412.92,298.42,0.2773,0,0.0,C303838708
O9598258617,2025-12-09,华南,深圳,食品,零食,食-零-136,直播,支付宝,52.21,2,0.101,114.9,77.31,0.3272,0,0.0,C465913634
O8736989416,2025-12-09,西北,银川,食品,零食,食-零-728,直播,微信支付,45.1,2,0.135,85.83,56.52,0.3415,0,0.0,C644573879
O6966413522,2025-12-09,华东,南京,食品,速食,食-速-404,线下导流,微信支付,43.07,4,0.117,167.34,111.36,0.3345,0,0.0,C339279675
O0038536044,2025-12-09,华中,长沙,食品,速食,食-速-462,直播,银行卡,64.51,1,0.13,61.74,42.5,0.3116,0,0.0,C788530399
O1131044351,2025-12-09,华南,佛山,美妆,护肤,美-护-969,自然搜索,支付宝,185.8,2,0.027,442.57,252.09,0.4304,0,0.0,C839091148
O7530241081,2025-12-09,西南,成都,数码,配件,数-配-766,直播,支付宝,228.1,3,0.084,806.11,604.78,0.2498,0,0.0,C274321675
O7424173552,2025-12-10,华南,深圳,美妆,香氛,美-香-981,信息流广告,支付宝,150.87,3,0.066,517.59,295.88,0.4284,0,0.0,C326762111
O5116228059,2025-12-10,华东,南京,食品,饮料,食-饮-872,直播,支付宝,44.83,3,0.063,138.62,85.57,0.3827,0,0.0,C205697257
O6268117915,2025-12-10,华中,南昌,食品,饮料,食-饮-892,信息流广告,支付宝,28.96,4,0.115,112.77,85.1,0.2454,0,0.0,C325948981
O2607693027,2025-12-10,华北,石家庄,数码,耳机,数-耳-294,信息流广告,微信支付,168.67,4,0.173,613.76,540.29,0.1197,1,476.9,C054041575
O5586003209,2025-12-10,西南,成都,数码,配件,数-配-935,信息流广告,银行卡,165.78,4,0.141,732.86,530.39,0.2763,0,0.0,C196958984
O9292044458,2025-12-10,华北,石家庄,数码,配件,数-配-895,私域,微信支付,237.1,4,0.08,959.78,734.71,0.2345,0,0.0,C783490858
O9792107466,2025-12-10,西南,昆明,数码,配件,数-配-617,站内推荐,微信支付,156.13,4,0.092,729.57,575.11,0.2117,0,0.0,C671859699
O1138581027,2025-12-10,华北,北京,食品,零食,食-零-589,站内推荐,微信支付,37.06,3,0.074,113.25,74.31,0.3438,0,0.0,C753227658
O2049915371,2025-12-10,华北,北京,数码,耳机,数-耳-741,自然搜索,微信支付,278.99,1,0.122,269.45,214.01,0.2058,0,0.0,C717708528
O6988240833,2025-12-10,西南,昆明,数码,耳机,数-耳-792,直播,支付宝,149.51,2,0.074,356.24,264.76,0.2568,1,241.88,C139522486
O6676857360,2025-12-10,华东,南京,数码,耳机,数-耳-609,直播,微信支付,194.75,1,0.124,187.66,152.06,0.1897,0,0.0,C196954011
O9531387758,2025-12-10,华南,深圳,食品,饮料,食-饮-526,站内推荐,微信支付,57.52,1,0.1,63.38,44.16,0.3033,0,0.0,C496932188
O4813379246,2025-12-10,东北,长春,食品,速食,食-速-431,自然搜索,支付宝,46.35,4,0.085,177.81,121.2,0.3184,0,0.0,C672703474
O9114657497,2025-12-11,华南,深圳,数码,耳机,数-耳-503,直播,微信支付,163.21,1,0.13,173.91,138.12,0.2058,0,0.0,C481874682
O4444676442,2025-12-11,华南,广州,美妆,护肤,美-护-720,自然搜索,支付宝,115.34,2,0.055,266.99,157.09,0.4116,0,0.0,C862502240
O3393645848,2025-12-11,西南,昆明,服饰,裤装,服-裤-830,信息流广告,支付宝,81.26,1,0.097,94.45,50.91,0.461,0,0.0,C493895346
O9226596579,2025-12-11,西南,成都,美妆,护肤,美-护-464,站内推荐,微信支付,176.25,3,0.091,618.63,328.23,0.4694,0,0.0,C682360839
O5284380774,2025-12-11,华南,深圳,数码,智能穿戴,数-智-176,自然搜索,微信支付,167.4,4,0.079,755.3,563.21,0.2543,1,497.29,C466847279
O2609674945,2025-12-11,西南,成都,食品,零食,食-零-133,信息流广告,微信支付,58.42,1,0.15,63.91,46.61,0.2707,0,0.0,C438558233
O1389298423,2025-12-11,华中,武汉,美妆,彩妆,美-彩-913,自然搜索,微信支付,147.37,3,0.066,454.22,247.88,0.4543,0,0.0,C249185694
O5239776250,2025-12-11,西南,成都,服饰,鞋靴,服-鞋-251,信息流广告,银行卡,190.41,3,0.132,638.19,370.18,0.42,0,0.0,C255417749
O1513828311,2025-12-11,华南,广州,数码,智能穿戴,数-智-397,线下导流,微信支付,243.18,2,0.07,553.97,443.82,0.1988,0,0.0,C070087006
O2291991791,2025-12-11,华南,广州,服饰,裤装,服-裤-967,直播,微信支付,118.9,2,0.111,258.92,159.69,0.3832,0,0.0,C689972197
O1696150247,2025-12-11,华东,上海,家居,清洁,家-清-244,线下导流,货到付款,77.09,3,0.074,235.57,156.18,0.337,0,0.0,C025316551
O7131201228,2025-12-11,华南,佛山,服饰,裤装,服-裤-330,私域,微信支付,51.98,1,0.048,60.61,35.2,0.4192,0,0.0,C279657148
O0330439381,2025-12-11,华北,北京,数码,智能穿戴,数-智-115,信息流广告,微信支付,187.18,3,0.064,578.16,451.65,0.2188,0,0.0,C751299226
O2412698128,2025-12-12,华东,杭州,美妆,护肤,美-护-635,自然搜索,银行卡,198.64,1,0.041,209.55,115.88,0.447,1,136.71,C491724488
O9524984055,2025-12-12,华中,南昌,服饰,裤装,服-裤-845,信息流广告,银行卡,116.24,3,0.108,342.16,187.55,0.4519,0,0.0,C937228678
O6345914484,2025-12-12,华东,,美妆,护肤,美-护-404,信息流广告,微信支付,150.21,3,0.103,444.64,253.44,0.43,0,0.0,C445030984
O6991007747,2025-12-12,华东,宁波,美妆,彩妆,美-彩-176,自然搜索,支付宝,233.6,3,0.068,718.46,388.03,0.4599,0,0.0,C378738547
O3612316408,2025-12-12,东北,大连,美妆,香氛,美-香-178,信息流广告,支付宝,162.69,2,0.119,300.38,166.14,0.4469,0,0.0,C740282804
O3346835737,2025-12-12,华南,厦门,数码,智能穿戴,数-智-748,私域,微信支付,238.54,2,0.105,523.11,345.88,0.3388,0,0.0,C222762656
O6123905022,2025-12-12,东北,,服饰,鞋靴,服-鞋-193,私域,支付宝,108.12,2,0.067,211.41,120.83,0.4285,0,0.0,C295823388
O0247900999,2025-12-12,华东,上海,家居,收纳,家-收-981,私域,支付宝,52.72,4,0.112,205.99,127.51,0.381,0,0.0,C067592653
O1902399524,2025-12-12,华东,南京,美妆,护肤,美-护-180,私域,微信支付,149.81,3,0.044,472.62,264.76,0.4398,0,0.0,C927603764
O0230766644,2025-12-12,华东,宁波,食品,速食,食-速-685,站内推荐,微信支付,46.93,4,0.08,189.97,132.99,0.2999,0,0.0,C196642212
O9850875445,2025-12-12,华北,天津,家居,厨具,家-厨-320,线下导流,微信支付,113.24,1,0.068,116.09,69.42,0.402,1,96.78,C250233336
O1632139135,2025-12-12,华南,深圳,服饰,上衣,服-上-852,自然搜索,微信支付,110.81,3,0.036,392.6,236.75,0.397,0,0.0,C417681594
O1404310465,2025-12-12,华东,上海,家居,清洁,家-清-618,信息流广告,银行卡,96.29,2,0.09,192.77,127.51,0.3385,0,0.0,C070544005
O2885456655,2025-12-12,华南,厦门,食品,饮料,食-饮-368,信息流广告,微信支付,46.54,2,0.129,99.32,63.33,0.3624,0,0.0,C592958690
O7483374861,2025-12-12,华东,上海,数码,耳机,数-耳-800,直播,支付宝,96.39,1,0.086,96.91,77.2,0.2034,0,0.0,C839221087
O1295374404,2025-12-12,华南,广州,食品,零食,食-零-444,私域,微信支付,65.61,4,0.078,296.44,196.58,0.3369,0,0.0,C979790546
O0875060048,2025-12-13,华中,长沙,食品,零食,食-零-497,站内推荐,微信支付,46.59,2,0.015,100.96,62.5,0.3809,0,0.0,C879666733
O3278256850,2025-12-13,华中,长沙,数码,配件,数-配-408,自然搜索,银行卡,180.82,2,0.109,354.44,248.38,0.2992,0,0.0,C064611988
O1199808089,2025-12-13,华东,杭州,食品,零食,食-零-791,信息流广告,微信支付,52.47,2,0.107,103.08,60.35,0.4145,0,0.0,C394319543
O1350106698,2025-12-13,西北,银川,服饰,上衣,服-上-176,私域,支付宝,131.3,4,0.0,577.72,331.73,0.4258,0,0.0,C936529482
O0975265760,2025-12-13,华东,宁波,美妆,彩妆,美-彩-505,信息流广告,支付宝,106.01,2,0.136,201.5,105.64,0.4757,0,0.0,C458575262
O4869741707,2025-12-13,西南,昆明,美妆,护肤,美-护-411,自然搜索,微信支付,200.7,3,0.063,726.77,404.78,0.443,0,0.0,C634408139
O1988624721,2025-12-13,华东,上海,服饰,上衣,服-上-637,私域,微信支付,153.69,4,0.049,643.1,378.94,0.4108,0,0.0,C895778165
O8514861986,2025-12-13,华东,苏州,家居,清洁,家-清-839,站内推荐,银行卡,66.82,3,0.021,215.88,145.67,0.3252,0,0.0,C011090606
O8151279118,2025-12-13,华南,佛山,数码,耳机,数-耳-660,自然搜索,支付宝,241.22,1,0.015,291.17,219.97,0.2445,0,0.0,C726405174
O1612981903,2025-12-13,西南,重庆,家居,厨具,家-厨-157,私域,微信支付,71.5,3,0.049,262.78,159.49,0.3931,0,0.0,C899902567
O4124233602,2025-12-13,华东,杭州,数码,配件,数-配-409,直播,支付宝,132.82,1,0.122,128.28,102.0,0.2049,0,0.0,C695831298
O3675737040,2025-12-13,华东,宁波,家居,收纳,家-收-930,站内推荐,支付宝,79.17,3,0.041,250.55,157.06,0.3731,0,0.0,C873179104
O7267423169,2025-12-13,华北,天津,服饰,裤装,服-裤-694,自然搜索,支付宝,141.7,2,0.082,286.18,163.44,0.4289,0,0.0,C156667457
O0768149774,2025-12-13,华南,佛山,家居,厨具,家-厨-429,站内推荐,支付宝,48.38,3,0.058,167.55,108.66,0.3515,0,0.0,C308836902
O7246917650,2025-12-13,东北,哈尔滨,服饰,裤装,服-裤-656,信息流广告,支付宝,167.71,1,0.121,154.45,88.54,0.4267,0,0.0,C262518253
O7732457270,2025-12-13,华北,石家庄,数码,智能穿戴,数-智-838,自然搜索,微信支付,212.18,4,0.082,857.04,617.16,0.2799,0,0.0,C106598265
O6184765908,2025-12-13,华北,太原,服饰,裤装,服-裤-176,信息流广告,支付宝,167.71,2,0.135,319.15,205.39,0.3564,0,0.0,C730261683
O4596223164,2025-12-13,华东,苏州,食品,饮料,食-饮-288,线下导流,微信支付,62.71,1,0.047,65.74,44.21,0.3275,0,0.0,C994259949
O7234022604,2025-12-14,华东,杭州,家居,厨具,家-厨-158,站内推荐,支付宝,81.82,4,0.0,360.01,221.31,0.3853,0,0.0,C587654558
O4050960635,2025-12-14,西南,重庆,服饰,鞋靴,服-鞋-119,线下导流,支付宝,160.08,2,0.042,395.28,281.8,0.2871,0,0.0,C354872310
O6200101208,2025-12-14,华南,佛山,家居,厨具,家-厨-798,直播,货到付款,116.48,4,0.114,506.03,299.43,0.4083,0,0.0,C081289288
O8172185816,2025-12-14,华东,宁波,食品,速食,食-速-498,信息流广告,支付宝,35.05,4,0.099,138.95,87.45,0.3706,0,0.0,C938028110
O0467269091,2025-12-14,西北,兰州,服饰,上衣,服-上-129,直播,支付宝,116.82,4,,442.05,258.73,0.4147,0,0.0,C572154757
O0108026569,2025-12-14,华中,武汉,美妆,香氛,美-香-826,直播,微信支付,69.22,2,0.053,144.21,89.1,0.3822,0,0.0,C859442724
O6250702335,2025-12-14,华北,太原,数码,配件,数-配-803,信息流广告,微信支付,169.85,3,0.08,515.66,404.17,0.2162,0,0.0,C864672840
O6273339289,2025-12-14,西南,成都,美妆,彩妆,美-彩-209,自然搜索,支付宝,154.87,1,0.046,190.41,101.53,0.4668,0,0.0,C776283885
O9538106823,2025-12-14,西南,成都,服饰,上衣,服-上-880,信息流广告,微信支付,143.71,2,0.118,326.7,178.23,0.4545,0,0.0,C857943103
O8580606691,2025-12-14,华北,北京,服饰,裤装,服-裤-653,站内推荐,支付宝,112.29,4,0.07,459.49,266.95,0.419,0,0.0,C647234782
O4443342948,2025-12-14,华东,宁波,数码,耳机,数-耳-660,信息流广告,微信支付,257.76,3,0.106,760.44,522.58,0.3128,0,0.0,C729784972
O2037351313,2025-12-14,西南,成都,数码,配件,数-配-595,线下导流,微信支付,216.36,3,0.077,772.09,576.36,0.2535,0,0.0,C131180651
O7815299762,2025-12-14,西南,重庆,数码,耳机,数-耳-894,直播,微信支付,204.93,3,0.115,701.2,504.16,0.281,0,0.0,C707872970
O3811190019,2025-12-14,华东,南京,服饰,鞋靴,服-鞋-118,站内推荐,支付宝,111.41,4,0.048,466.67,287.27,0.3844,0,0.0,C215162188
O4825204982,2025-12-14,华南,广州,数码,智能穿戴,数-智-442,直播,支付宝,197.16,1,0.121,212.44,152.32,0.283,0,0.0,C220282531
O5927419805,2025-12-14,华中,南昌,服饰,鞋靴,服-鞋-171,私域,微信支付,129.41,4,0.081,523.28,286.27,0.4529,0,0.0,C780261109
O9889031270,2025-12-14,华东,南京,服饰,鞋靴,服-鞋-485,直播,支付宝,101.26,1,0.154,94.23,60.25,0.3606,0,0.0,C889968586
O5437049715,2025-12-15,华南,广州,美妆,香氛,美-香-810,信息流广告,支付宝,213.97,2,0.066,490.11,278.95,0.4308,0,0.0,C190654042
O2815244073,2025-12-15,华中,郑州,数码,配件,数-配-269,自然搜索,货到付款,171.35,4,0.092,684.58,470.16,0.3132,0,0.0,C626675346
O6155047369,2025-12-15,东北,大连,美妆,护肤,美-护-539,私域,支付宝,154.95,2,0.059,305.44,154.46,0.4943,0,0.0,C249116044
O5537319616,2025-12-15,华东,杭州,美妆,香氛,美-香-937,自然搜索,支付宝,180.68,2,0.029,385.97,226.9,0.4121,1,335.48,C838271383
O6610521668,2025-12-15,华东,南京,数码,耳机,数-耳-840,私域,支付宝,162.7,2,0.075,331.09,238.47,0.2797,0,0.0,C292620308
O3605296381,2025-12-15,华南,深圳,食品,速食,食-速-898,直播,支付宝,44.55,2,0.112,97.02,60.74,0.3739,0,0.0,C353470110
O5252067373,2025-12-15,华东,上海,美妆,香氛,美-香-866,私域,微信支付,187.01,1,0.055,194.4,112.36,0.422,0,0.0,C276034420
O8422815950,2025-12-15,华北,太原,美妆,护肤,美-护-783,自然搜索,微信支付,124.77,3,0.033,398.15,207.18,0.4796,0,0.0,C855730912
O0601412121,2025-12-15,华东,杭州,数码,配件,数-配-792,直播,微信支付,256.76,1,0.13,245.72,205.61,0.1632,0,0.0,C500333297
O4880345435,2025-12-16,华东,宁波,服饰,上衣,服-上-571,自然搜索,微信支付,100.46,4,0.017,434.51,253.67,0.4162,0,0.0,C518155918
O0816188068,2025-12-16,华南,厦门,数码,智能穿戴,数-智-407,直播,支付宝,242.75,1,0.078,274.52,210.53,0.2331,0,0.0,C405809064
O2553484244,2025-12-16,华北,石家庄,美妆,护肤,美-护-820,信息流广告,支付宝,234.59,3,0.063,725.38,406.66,0.4394,0,0.0,C011671804
O9947758026,2025-12-16,东北,大连,家居,收纳,家-收-116,信息流广告,支付宝,55.41,3,0.139,149.89,96.92,0.3534,1,118.5,C167047853
O6977541833,2025-12-16,华东,宁波,家居,清洁,家-清-702,直播,微信支付,70.41,4,0.139,266.74,169.94,0.3629,0,0.0,C854498545
O3956556615,2025-12-16,华东,上海,美妆,香氛,美-香-660,直播,支付宝,184.19,1,0.11,180.32,92.94,0.4846,0,0.0,C622567053
O8898218998,2025-12-16,西南,重庆,食品,速食,食-速-103,直播,支付宝,49.64,1,0.068,59.67,35.58,0.4037,0,0.0,C661908631
O3176708001,2025-12-16,华东,上海,数码,智能穿戴,数-智-729,直播,银行卡,294.89,2,0.093,588.42,432.83,0.2644,1,543.08,C159052199
O5756621430,2025-12-16,华南,厦门,家居,收纳,家-收-141,自然搜索,银行卡,48.83,3,0.03,174.29,101.09,0.42,0,0.0,C062640053
O3071671713,2025-12-16,华南,佛山,家居,厨具,家-厨-237,直播,微信支付,57.79,2,0.095,128.3,84.87,0.3385,1,104.97,C026067563
O7895427239,2025-12-16,华东,苏州,家居,厨具,家-厨-282,站内推荐,支付宝,71.61,2,0.071,146.36,92.51,0.3679,0,0.0,C103867074
O3828884079,2025-12-17,华东,苏州,食品,速食,食-速-332,站内推荐,支付宝,48.95,2,0.066,100.58,67.98,0.3241,0,0.0,C740026318
O9698674295,2025-12-17,华南,广州,食品,速食,食-速-711,私域,微信支付,45.34,4,0.056,210.05,144.1,0.314,0,0.0,C672064089
O3689695564,2025-12-17,西南,贵阳,数码,智能穿戴,数-智-244,站内推荐,微信支付,187.6,4,0.1,871.47,655.4,0.2479,0,0.0,C656428077
O0134985870,2025-12-17,华中,郑州,服饰,上衣,服-上-917,站内推荐,支付宝,161.02,4,0.083,649.68,419.67,0.354,0,0.0,C477898569
O0129127232,2025-12-17,华中,长沙,数码,耳机,数-耳-264,信息流广告,支付宝,157.82,4,0.085,635.38,479.56,0.2452,0,0.0,C882064375
O7435620014,2025-12-17,华北,北京,家居,收纳,家-收-569,自然搜索,支付宝,93.97,4,0.091,375.84,252.25,0.3288,0,0.0,C005800279
O7992052781,2025-12-17,华南,深圳,服饰,上衣,服-上-126,私域,支付宝,119.5,1,0.09,133.42,78.84,0.4091,0,0.0,C060082775
O4611464869,2025-12-17,西北,西安,数码,配件,数-配-394,自然搜索,支付宝,234.45,1,0.059,242.68,180.59,0.2559,0,0.0,C351966695
O9816724316,2025-12-17,华北,天津,家居,清洁,家-清-278,私域,支付宝,103.92,4,0.04,438.96,263.72,0.3992,0,0.0,C703900443
O2905893192,2025-12-17,华北,太原,数码,耳机,数-耳-422,站内推荐,支付宝,187.18,2,0.085,376.79,276.21,0.2669,1,255.0,C126307740
O9074236970,2025-12-17,华东,上海,服饰,上衣,服-上-945,私域,支付宝,124.21,3,0.088,373.82,224.39,0.3997,0,0.0,C413449970
O1650211205,2025-12-17,西南,重庆,家居,清洁,家-清-983,自然搜索,银行卡,89.1,1,0.074,106.47,60.75,0.4294,0,0.0,C483059989
O3797888316,2025-12-17,东北,大连,家居,收纳,家-收-381,自然搜索,支付宝,82.16,3,0.09,234.86,152.61,0.3502,0,0.0,C064632206
O3742657230,2025-12-17,东北,大连,服饰,上衣,服-上-433,线下导流,货到付款,77.26,2,0.049,153.87,86.24,0.4395,0,0.0,C842904545
O9255324523,2025-12-17,华南,佛山,服饰,上衣,服-上-318,站内推荐,支付宝,141.32,2,0.005,345.04,211.52,0.387,0,0.0,C659474371
O5124568285,2025-12-17,华南,佛山,食品,速食,食-速-427,私域,银行卡,24.01,4,0.088,107.46,72.04,0.3296,0,0.0,C289654692
O1413907195,2025-12-17,华南,佛山,美妆,护肤,美-护-316,私域,支付宝,90.42,2,0.113,196.8,110.49,0.4386,0,0.0,C193260911
O5293770033,2025-12-17,华东,南京,家居,清洁,家-清-857,站内推荐,支付宝,70.81,3,0.033,225.96,131.14,0.4196,1,174.97,C626126497
O4860035444,2025-12-17,西北,银川,家居,收纳,家-收-920,站内推荐,支付宝,63.88,3,0.073,195.42,114.1,0.4161,0,0.0,C697396843
O8163637718,2025-12-17,西北,乌鲁木齐,食品,饮料,食-饮-927,站内推荐,微信支付,51.24,4,0.034,217.79,135.47,0.378,0,0.0,C821864442
O4943361531,2025-12-17,东北,大连,美妆,彩妆,美-彩-236,自然搜索,微信支付,146.05,2,0.05,290.57,173.82,0.4018,0,0.0,C156371636
O0414583547,2025-12-17,西北,西安,家居,厨具,家-厨-512,站内推荐,支付宝,83.27,2,0.031,177.51,108.1,0.391,0,0.0,C192553295
O8731161521,2025-12-17,东北,哈尔滨,美妆,护肤,美-护-850,线下导流,微信支付,178.42,3,0.022,548.15,249.84,0.5442,0,0.0,C136131638
O4445611886,2025-12-17,华东,宁波,家居,厨具,家-厨-966,站内推荐,支付宝,75.79,1,0.055,78.78,52.29,0.3363,0,0.0,C846605956
O8078939675,2025-12-17,华南,广州,服饰,裤装,服-裤-545,自然搜索,微信支付,153.21,3,0.034,544.76,304.91,0.4403,0,0.0,C390867655
O3919922377,2025-12-17,华南,厦门,数码,耳机,数-耳-249,直播,微信支付,207.09,4,0.165,848.64,570.86,0.3273,0,0.0,C097072602
O7204311097,2025-12-17,东北,哈尔滨,数码,智能穿戴,数-智-861,私域,银行卡,173.14,1,0.026,176.58,149.49,0.1534,0,0.0,C016638304
O5508248082,2025-12-18,华东,杭州,服饰,裤装,服-裤-340,信息流广告,微信支付,132.59,1,0.074,135.06,83.62,0.3809,1,118.38,C294567588
O0686936933,2025-12-18,华北,天津,服饰,裤装,服-裤-783,自然搜索,支付宝,166.86,2,0.038,353.14,198.02,0.4393,0,0.0,C619301893
O3886760262,2025-12-18,华中,南昌,美妆,香氛,美-香-175,自然搜索,微信支付,178.49,1,0.103,176.12,90.84,0.4842,0,0.0,C043406725
O5103771099,2025-12-18,华南,佛山,美妆,香氛,美-香-691,线下导流,银行卡,160.1,3,0.054,557.63,270.98,0.5141,0,0.0,C188163373
O3771924382,2025-12-18,华中,南昌,家居,收纳,家-收-374,直播,支付宝,72.21,4,0.083,291.35,179.27,0.3847,0,0.0,C172591824
O3359269638,2025-12-18,西北,兰州,服饰,鞋靴,服-鞋-520,直播,支付宝,142.12,1,0.089,142.42,92.56,0.3501,0,0.0,C456492591
O6675270657,2025-12-18,西南,昆明,数码,耳机,数-耳-278,站内推荐,微信支付,137.17,4,0.012,699.81,496.84,0.29,0,0.0,C505648615
O0353302591,2025-12-18,西南,重庆,家居,厨具,家-厨-978,站内推荐,支付宝,68.97,3,0.045,255.09,146.32,0.4264,0,0.0,C784553835
O6668114261,2025-12-18,华南,深圳,食品,零食,食-零-517,站内推荐,支付宝,35.85,4,0.032,170.36,119.51,0.2985,0,0.0,C446292238
O4018779528,2025-12-18,华南,厦门,食品,速食,食-速-640,信息流广告,支付宝,57.07,3,0.09,191.21,126.93,0.3362,0,0.0,C601400120
O6926057838,2025-12-18,华南,佛山,数码,耳机,数-耳-487,私域,微信支付,200.18,3,0.058,694.29,503.16,0.2753,0,0.0,C787581488
O0756478890,2025-12-18,东北,沈阳,家居,厨具,家-厨-900,直播,微信支付,81.57,1,0.126,74.64,47.32,0.366,0,0.0,C048119022
O5709746700,2025-12-18,西南,成都,数码,配件,数-配-212,自然搜索,货到付款,181.12,1,0.067,218.15,161.51,0.2596,0,0.0,C648803739
O9727211498,2025-12-18,华中,武汉,服饰,上衣,服-上-211,直播,微信支付,100.76,1,0.073,102.74,63.58,0.3812,0,0.0,C273979394
O0643386249,2025-12-18,华东,苏州,家居,厨具,家-厨-764,站内推荐,微信支付,75.61,4,0.081,305.74,193.86,0.3659,0,0.0,C072653725
O6027359034,2025-12-18,华东,苏州,数码,智能穿戴,数-智-808,站内推荐,微信支付,133.35,1,0.05,139.35,107.34,0.2297,0,0.0,C803927985
O1647057838,2025-12-18,东北,长春,家居,厨具,家-厨-663,自然搜索,支付宝,74.79,1,0.111,69.61,44.43,0.3617,0,0.0,C120964459
O2101810301,2025-12-18,西北,银川,家居,收纳,家-收-680,直播,支付宝,65.47,3,0.039,207.63,120.5,0.4196,0,0.0,C546447471
O8157708009,2025-12-19,东北,哈尔滨,数码,智能穿戴,数-智-304,私域,银行卡,271.55,1,0.086,259.82,198.43,0.2363,0,0.0,C017835633
O1400046316,2025-12-19,东北,哈尔滨,数码,智能穿戴,数-智-736,站内推荐,微信支付,159.39,4,0.009,661.4,436.48,0.3401,0,0.0,C540339168
O5002963558,2025-12-19,华东,苏州,服饰,裤装,服-裤-325,线下导流,支付宝,69.24,1,0.061,71.52,39.47,0.4481,0,0.0,C521392892
O9767931526,2025-12-19,东北,沈阳,服饰,鞋靴,服-鞋-950,直播,微信支付,147.68,1,0.117,136.51,78.32,0.4263,0,0.0,C823294083
O3115713079,2025-12-19,华东,苏州,家居,收纳,家-收-941,自然搜索,银行卡,78.25,2,0.054,162.85,101.88,0.3744,0,0.0,C013604073
O8985230023,2025-12-19,华东,杭州,食品,饮料,食-饮-248,站内推荐,支付宝,9.9,4,0.058,41.03,28.64,0.302,0,0.0,C735474662
O0755146306,2025-12-19,华北,太原,食品,零食,食-零-983,线下导流,支付宝,56.47,1,0.049,59.07,37.26,0.3692,0,0.0,C802529605
O4185170689,2025-12-19,西南,昆明,数码,耳机,数-耳-264,站内推荐,微信支付,272.89,2,0.039,677.37,541.68,0.2003,0,0.0,C035101102
O5381304221,2025-12-19,华南,厦门,数码,耳机,数-耳-459,私域,微信支付,241.45,1,0.077,273.59,220.48,0.1941,0,0.0,C735537731
O7885336994,2025-12-20,华南,广州,美妆,护肤,美-护-770,自然搜索,银行卡,158.56,3,0.07,543.25,258.4,0.5243,0,0.0,C606389708
O0720948742,2025-12-20,华东,上海,服饰,上衣,服-上-824,自然搜索,银行卡,83.76,4,0.037,354.91,193.41,0.455,0,0.0,C666682328
O1130844672,2025-12-20,华中,郑州,服饰,上衣,服-上-856,自然搜索,银行卡,60.77,4,0.041,256.43,131.65,0.4866,0,0.0,C003077734
O0814408076,2025-12-20,华南,厦门,家居,收纳,家-收-176,自然搜索,银行卡,92.36,1,0.034,109.56,75.15,0.3141,0,0.0,C263454301
O8999551637,2025-12-20,华南,深圳,数码,智能穿戴,数-智-416,直播,银行卡,176.43,2,0.081,398.22,312.19,0.216,0,0.0,C414303736
O7153734444,2025-12-20,西南,重庆,数码,智能穿戴,数-智-365,自然搜索,微信支付,221.26,3,0.037,825.88,583.71,0.2932,0,0.0,C330820274
O2064285988,2025-12-20,西南,成都,数码,智能穿戴,数-智-180,私域,微信支付,183.91,3,0.029,692.17,489.12,0.2934,0,0.0,C527288961
O3397314013,2025-12-20,华东,苏州,数码,智能穿戴,数-智-549,线下导流,微信支付,288.06,2,0.059,596.34,422.36,0.2917,0,0.0,C602241867
O9185943613,2025-12-20,华东,杭州,服饰,鞋靴,服-鞋-973,站内推荐,支付宝,121.08,3,0.007,396.77,207.8,0.4763,0,0.0,C360394985
O1655425983,2025-12-20,西南,重庆,家居,清洁,家-清-793,自然搜索,支付宝,53.49,2,0.044,132.14,78.22,0.4081,0,0.0,C254018989
O3689163397,2025-12-20,华南,广州,美妆,彩妆,美-彩-785,直播,微信支付,169.6,2,0.139,358.64,205.0,0.4284,0,0.0,C076896134
O3912152221,2025-12-20,华南,厦门,服饰,裤装,服-裤-315,直播,支付宝,159.38,3,0.096,530.79,301.64,0.4317,0,0.0,C732491375
O1429903088,2025-12-20,华南,广州,家居,清洁,家-清-852,站内推荐,微信支付,82.94,1,0.071,94.62,60.29,0.3628,0,0.0,C080224629
O6913444581,2025-12-20,华北,天津,美妆,彩妆,美-彩-144,线下导流,微信支付,79.67,3,0.127,229.52,117.28,0.489,0,0.0,C475355139
O1886402551,2025-12-20,华南,厦门,食品,饮料,食-饮-633,信息流广告,微信支付,58.45,1,0.093,65.1,39.47,0.3937,0,0.0,C746259687
O4926167738,2025-12-20,西南,成都,家居,厨具,家-厨-678,私域,微信支付,79.41,3,0.076,284.4,166.7,0.4139,0,0.0,C683528159
O1866222958,2025-12-20,西南,成都,家居,收纳,家-收-211,直播,微信支付,38.13,1,0.112,43.75,27.23,0.3776,0,0.0,C706615398
O7540783993,2025-12-20,华南,广州,家居,收纳,家-收-326,线下导流,微信支付,56.52,3,0.123,182.61,104.83,0.4259,0,0.0,C697384866
O7072107557,2025-12-20,华南,厦门,服饰,鞋靴,服-鞋-911,信息流广告,支付宝,139.5,1,0.094,155.2,80.29,0.4827,0,0.0,C225562167
O3433965755,2025-12-21,华北,石家庄,家居,清洁,家-清-234,信息流广告,银行卡,77.54,4,0.084,312.52,203.36,0.3493,0,0.0,C401008583
O9802995735,2025-12-21,华北,北京,食品,速食,食-速-481,自然搜索,支付宝,53.17,1,0.108,52.17,35.89,0.3121,0,0.0,C812745829
O3397522835,2025-12-21,西北,西安,服饰,上衣,服-上-636,信息流广告,微信支付,123.73,1,0.098,122.76,77.5,0.3687,0,0.0,C548993054
O4666441273,2025-12-21,华东,上海,服饰,上衣,服-上-522,私域,支付宝,174.34,1,0.042,183.72,110.26,0.3998,0,0.0,C370802796
O2533518054,2025-12-21,华东,上海,美妆,香氛,美-香-427,私域,微信支付,275.85,4,0.071,1127.56,609.18,0.4597,0,0.0,C016143659
O0757176242,2025-12-21,华中,长沙,数码,耳机,数-耳-410,自然搜索,微信支付,173.87,4,0.072,709.95,529.06,0.2548,0,0.0,C420380652
O0081516523,2025-12-21,华北,北京,家居,清洁,家-清-341,信息流广告,微信支付,65.34,3,0.114,191.04,122.32,0.3597,0,0.0,C307350744
O9214092345,2025-12-21,西北,乌鲁木齐,美妆,彩妆,美-彩-766,自然搜索,微信支付,205.94,1,,203.43,118.65,0.4168,1,153.4,C389767316
O0860901833,2025-12-21,东北,长春,数码,配件,数-配-370,直播,微信支付,185.73,3,0.1,524.79,401.67,0.2346,0,0.0,C785535103
O5880695856,2025-12-21,东北,沈阳,美妆,彩妆,美-彩-120,自然搜索,微信支付,163.57,2,0.028,332.77,187.73,0.4359,0,0.0,C669369902
O3966950827,2025-12-21,西南,成都,服饰,上衣,服-上-333,直播,支付宝,181.61,1,0.116,207.51,116.01,0.4409,0,0.0,C563128312
O1183924449,2025-12-21,华北,太原,美妆,彩妆,美-彩-203,线下导流,支付宝,123.98,1,0.103,122.33,70.14,0.4266,0,0.0,C224160013
O2493956227,2025-12-21,华东,苏州,食品,零食,食-零-358,站内推荐,微信支付,41.42,3,0.114,121.1,75.54,0.3762,0,0.0,C851768114
O5610309413,2025-12-21,华东,苏州,家居,厨具,家-厨-579,线下导流,微信支付,73.74,3,0.068,226.79,126.33,0.443,0,0.0,C884769908
O9474427661,2025-12-21,华北,石家庄,家居,收纳,家-收-149,自然搜索,微信支付,98.76,3,0.092,295.92,182.72,0.3825,0,0.0,C728151366
O9724870934,2025-12-21,华南,佛山,数码,智能穿戴,数-智-882,自然搜索,支付宝,160.29,3,0.06,555.25,433.52,0.2192,0,0.0,C216139296
O0704734487,2025-12-21,东北,长春,食品,速食,食-速-708,自然搜索,银行卡,52.81,2,,106.88,75.53,0.2933,0,0.0,C054532477
O1152232935,2025-12-21,西南,昆明,家居,收纳,家-收-850,线下导流,微信支付,70.45,3,0.06,256.79,167.21,0.3488,0,0.0,C849663135
O9415981200,2025-12-21,华北,北京,美妆,香氛,美-香-558,直播,货到付款,152.34,3,0.097,453.96,231.99,0.489,0,0.0,C452207243
O5946203729,2025-12-21,华北,石家庄,服饰,鞋靴,服-鞋-560,私域,货到付款,167.07,4,0.071,682.92,392.37,0.4255,0,0.0,C361602386
O8561770991,2025-12-22,西南,成都,数码,配件,数-配-306,信息流广告,银行卡,162.92,3,0.094,572.61,422.9,0.2615,0,0.0,C311298211
O8383468017,2025-12-22,西北,乌鲁木齐,美妆,护肤,美-护-956,自然搜索,支付宝,213.72,2,0.089,428.34,263.16,0.3856,0,0.0,C437278925
O8329049725,2025-12-22,华东,苏州,服饰,裤装,服-裤-460,站内推荐,支付宝,136.67,3,0.109,401.85,233.6,0.4187,0,0.0,C912198096
O9132222477,2025-12-22,西南,重庆,美妆,香氛,美-香-208,站内推荐,支付宝,120.62,4,0.032,603.93,362.01,0.4006,1,602.42,C491595537
O7628332986,2025-12-22,华东,南京,服饰,鞋靴,服-鞋-934,私域,支付宝,134.84,4,0.134,513.79,329.91,0.3579,0,0.0,C897025528
O3888922797,2025-12-22,华北,石家庄,数码,耳机,数-耳-252,自然搜索,微信支付,158.92,3,0.067,489.3,355.15,0.2742,1,376.42,C174828463
O2581521837,2025-12-22,华东,苏州,家居,清洁,家-清-163,私域,支付宝,41.5,1,0.053,43.23,31.57,0.2697,0,0.0,C999356581
O9545418066,2025-12-22,华南,深圳,数码,智能穿戴,数-智-833,私域,支付宝,246.59,2,0.056,572.05,411.74,0.2802,1,451.52,C798275514
O1046052466,2025-12-22,华东,杭州,数码,智能穿戴,数-智-693,信息流广告,微信支付,86.17,2,0.051,179.91,129.82,0.2784,0,0.0,C408470046
O1076238063,2025-12-22,华东,南京,服饰,鞋靴,服-鞋-524,信息流广告,支付宝,77.22,3,0.112,226.29,142.41,0.3707,0,0.0,C594605181
O7306067999,2025-12-23,华北,石家庄,食品,速食,食-速-130,自然搜索,支付宝,46.95,2,0.052,97.92,67.98,0.3058,0,0.0,C970677097
O7890336195,2025-12-23,东北,长春,数码,耳机,数-耳-141,私域,支付宝,227.93,1,0.066,222.72,152.8,0.3139,0,0.0,C297241411
O0523564703,2025-12-23,华东,上海,数码,配件,数-配-237,信息流广告,微信支付,183.53,1,0.073,187.15,135.81,0.2743,0,0.0,C346593660
O9973754865,2025-12-23,华北,太原,数码,耳机,数-耳-485,信息流广告,银行卡,230.28,4,0.078,934.2,668.23,0.2847,0,0.0,C127691027
O7830928621,2025-12-23,华东,上海,数码,智能穿戴,数-智-762,私域,微信支付,229.2,1,0.072,233.97,174.36,0.2548,0,0.0,C452428946
O3398626783,2025-12-23,华东,南京,数码,耳机,数-耳-750,私域,微信支付,246.39,2,0.083,497.07,349.89,0.2961,0,0.0,C376464399
O4781452915,2025-12-23,华东,上海,服饰,裤装,服-裤-210,站内推荐,微信支付,135.05,4,0.037,572.23,311.53,0.4556,0,0.0,C851480323
O9425939266,2025-12-23,西南,昆明,数码,耳机,数-耳-965,站内推荐,银行卡,194.97,3,0.021,740.78,546.91,0.2617,0,0.0,C531140064
O4587800373,2025-12-23,华东,南京,食品,零食,食-零-267,信息流广告,微信支付,59.78,3,0.06,185.44,127.19,0.3141,0,0.0,C768185131
O7256616917,2025-12-23,华东,杭州,美妆,彩妆,美-彩-825,线下导流,支付宝,204.13,3,0.066,629.17,327.72,0.4791,0,0.0,C552661697
O7069242138,2025-12-23,华北,太原,家居,清洁,家-清-925,站内推荐,微信支付,56.32,4,0.066,231.45,128.77,0.4436,0,0.0,C418673317
O4602297480,2025-12-23,华中,郑州,美妆,彩妆,美-彩-960,站内推荐,微信支付,158.42,2,0.082,319.95,179.84,0.4379,0,0.0,C512957808
O0918751106,2025-12-23,东北,大连,数码,智能穿戴,数-智-518,直播,支付宝,176.08,2,0.092,334.54,248.29,0.2578,0,0.0,C660221553
O5776010938,2025-12-23,华南,厦门,服饰,鞋靴,服-鞋-447,直播,支付宝,152.33,3,0.065,525.18,290.97,0.446,0,0.0,C357772353
O2847867849,2025-12-23,华中,长沙,食品,饮料,食-饮-791,线下导流,微信支付,45.43,2,0.03,96.95,65.7,0.3223,0,0.0,C073592534
O3947992466,2025-12-23,华东,南京,数码,耳机,数-耳-743,私域,微信支付,175.07,4,0.064,721.01,526.33,0.27,0,0.0,C040823718
O0751246977,2025-12-23,华南,厦门,美妆,香氛,美-香-560,自然搜索,支付宝,132.17,1,0.09,147.83,80.14,0.4579,0,0.0,C961136607
O8670416944,2025-12-24,西南,贵阳,数码,智能穿戴,数-智-693,站内推荐,支付宝,159.48,4,0.055,780.18,590.13,0.2436,0,0.0,C944271101
O7252738227,2025-12-24,西南,重庆,服饰,上衣,服-上-750,线下导流,微信支付,152.98,4,0.039,761.06,451.29,0.407,0,0.0,C320275233
O0702029720,2025-12-24,华东,苏州,食品,饮料,食-饮-214,信息流广告,微信支付,37.15,1,0.138,35.23,24.82,0.2955,0,0.0,C706558829
O9962722165,2025-12-24,华东,上海,服饰,裤装,服-裤-102,私域,支付宝,156.17,2,0.079,316.43,174.82,0.4475,0,0.0,C041300648
O1610526230,2025-12-24,西南,成都,家居,收纳,家-收-905,自然搜索,微信支付,98.26,2,0.081,233.73,148.7,0.3638,0,0.0,C571514700
O3290454414,2025-12-24,华北,石家庄,服饰,裤装,服-裤-462,站内推荐,支付宝,100.83,1,0.076,102.48,55.98,0.4537,0,0.0,C804403113
O9631471852,2025-12-24,华东,南京,服饰,裤装,服-裤-815,信息流广告,银行卡,159.82,4,0.108,627.26,387.04,0.383,0,0.0,C098874707
O0926407660,2025-12-24,华北,天津,美妆,护肤,美-护-490,信息流广告,支付宝,76.34,2,0.082,154.18,82.07,0.4677,0,0.0,C000047048
O7608147007,2025-12-24,华北,石家庄,服饰,上衣,服-上-244,私域,微信支付,116.27,2,0.011,252.98,130.92,0.4825,0,0.0,C600103984
O2381384022,2025-12-24,华东,上海,服饰,鞋靴,服-鞋-304,自然搜索,微信支付,103.57,2,0.087,208.03,127.55,0.3869,0,0.0,C318467920
O2940569036,2025-12-24,西南,成都,服饰,鞋靴,服-鞋-562,自然搜索,银行卡,124.52,2,0.076,297.81,193.19,0.3513,0,0.0,C282978085
O3402672373,2025-12-24,华南,佛山,服饰,裤装,服-裤-942,站内推荐,微信支付,138.35,1,0.144,145.6,85.03,0.416,1,121.69,C749977243
O1277204115,2025-12-24,华中,郑州,美妆,彩妆,美-彩-840,自然搜索,支付宝,201.4,4,0.058,834.76,487.92,0.4155,0,0.0,C174688925
O5498019857,2025-12-24,西南,昆明,家居,厨具,家-厨-459,私域,微信支付,115.24,4,0.055,563.76,395.94,0.2977,0,0.0,C288404759
O0760730911,2025-12-24,西北,兰州,数码,耳机,数-耳-532,线下导流,微信支付,233.76,2,0.09,467.99,374.17,0.2005,0,0.0,C892842833
O8316902955,2025-12-24,东北,沈阳,食品,饮料,食-饮-115,信息流广告,支付宝,60.14,3,0.068,175.9,123.56,0.2976,0,0.0,C200022735
O1538017255,2025-12-24,东北,哈尔滨,美妆,彩妆,美-彩-314,直播,微信支付,178.9,3,0.1,505.28,315.36,0.3759,0,0.0,C342754992
O0088408327,2025-12-24,华东,南京,服饰,裤装,服-裤-809,直播,支付宝,133.87,3,0.06,415.26,261.57,0.3701,0,0.0,C188541808
O7723084308,2025-12-25,华南,深圳,美妆,护肤,美-护-293,直播,支付宝,128.53,2,0.122,277.57,151.32,0.4548,0,0.0,C224060943
O9941752921,2025-12-25,东北,哈尔滨,美妆,彩妆,美-彩-133,直播,微信支付,173.32,2,0.061,340.44,178.06,0.477,0,0.0,C293379214
O5402932091,2025-12-25,华南,厦门,数码,智能穿戴,数-智-132,信息流广告,支付宝,168.54,1,0.068,193.18,138.87,0.2811,0,0.0,C020683552
O0031047973,2025-12-25,西南,成都,服饰,上衣,服-上-802,站内推荐,银行卡,100.57,4,0.004,518.76,321.1,0.381,0,0.0,C188671519
O3890880321,2025-12-25,华南,深圳,服饰,裤装,服-裤-686,私域,微信支付,176.03,3,0.056,613.09,345.96,0.4357,0,0.0,C885104503
O8168928776,2025-12-25,华东,南京,家居,收纳,家-收-802,信息流广告,支付宝,77.94,2,0.119,151.06,92.62,0.3869,0,0.0,C698782444
O7062733946,2025-12-25,西南,重庆,食品,零食,食-零-430,私域,支付宝,48.51,3,0.082,172.97,110.98,0.3584,0,0.0,C818982055
O4646811507,2025-12-25,华中,武汉,食品,零食,食-零-535,自然搜索,支付宝,46.65,3,0.071,143.01,89.17,0.3765,0,0.0,C974779527
O0547950543,2025-12-25,华东,苏州,食品,速食,食-速-267,私域,支付宝,26.64,1,0.071,27.22,20.12,0.2608,0,0.0,C303831055
O7340301379,2025-12-25,华东,宁波,数码,智能穿戴,数-智-205,信息流广告,微信支付,211.25,4,0.102,834.69,594.39,0.2879,0,0.0,C963232008
O0676462407,2025-12-25,华南,厦门,数码,耳机,数-耳-867,站内推荐,支付宝,159.23,2,0.073,363.06,288.71,0.2048,0,0.0,C828350389
O1451348682,2025-12-25,西北,西安,美妆,香氛,美-香-838,自然搜索,支付宝,67.59,1,0.052,70.48,41.04,0.4177,0,0.0,C859244318
O3373182092,2025-12-26,华北,天津,家居,厨具,家-厨-716,线下导流,微信支付,55.18,3,0.081,167.34,103.76,0.3799,0,0.0,C618654182
O4394225499,2025-12-26,华中,长沙,数码,配件,数-配-534,站内推荐,微信支付,155.92,4,0.107,612.64,435.89,0.2885,0,0.0,C690541329
O4016149231,2025-12-26,华北,太原,服饰,上衣,服-上-371,自然搜索,银行卡,131.25,3,0.074,401.07,201.05,0.4987,0,0.0,C209399037
O8354329270,2025-12-26,华东,苏州,服饰,鞋靴,服-鞋-769,信息流广告,微信支付,154.63,3,0.092,463.33,275.26,0.4059,0,0.0,C109785713
O6625636593,2025-12-26,西南,重庆,家居,清洁,家-清-951,信息流广告,银行卡,56.93,4,0.099,265.76,158.66,0.403,1,223.9,C193786234
O2146792060,2025-12-26,华南,深圳,数码,智能穿戴,数-智-480,直播,微信支付,186.53,4,0.107,819.66,584.9,0.2864,0,0.0,C689152656
O3168229676,2025-12-26,华东,上海,美妆,香氛,美-香-585,直播,微信支付,121.14,2,0.078,245.72,127.91,0.4794,0,0.0,C984352008
O2376461141,2025-12-26,东北,哈尔滨,数码,智能穿戴,数-智-361,信息流广告,微信支付,168.49,1,0.14,151.53,94.38,0.3772,0,0.0,C824680400
O3171932010,2025-12-26,华北,天津,家居,收纳,家-收-317,信息流广告,微信支付,111.23,1,0.123,107.3,66.78,0.3776,0,0.0,C068985951
O7192026558,2025-12-26,西南,成都,美妆,彩妆,美-彩-471,自然搜索,支付宝,168.1,1,0.058,205.11,106.14,0.4825,0,0.0,C083750001
O1956353030,2025-12-26,华南,深圳,服饰,上衣,服-上-318,自然搜索,微信支付,83.06,2,0.081,187.81,125.27,0.333,0,0.0,C617024646
O8143443093,2025-12-26,东北,哈尔滨,家居,清洁,家-清-931,直播,支付宝,109.61,2,0.073,212.52,124.63,0.4136,0,0.0,C422643540
O7309871375,2025-12-26,华南,厦门,服饰,裤装,服-裤-432,私域,微信支付,138.06,3,0.011,503.91,282.45,0.4395,0,0.0,C198726686
O4878709717,2025-12-26,西北,兰州,家居,收纳,家-收-940,自然搜索,银行卡,61.85,3,0.065,190.84,118.7,0.378,1,160.63,C506946254
O4782226728,2025-12-26,华北,石家庄,数码,配件,数-配-889,站内推荐,支付宝,269.73,2,0.03,575.6,405.32,0.2958,0,0.0,C978324552
O2653296550,2025-12-26,华东,南京,数码,耳机,数-耳-821,私域,微信支付,182.92,2,0.048,383.11,292.23,0.2372,0,0.0,C637267165
O3900833385,2025-12-26,西南,昆明,家居,清洁,家-清-314,自然搜索,微信支付,59.52,2,0.088,140.62,85.81,0.3898,0,0.0,C396797825
O4221156574,2025-12-26,华南,深圳,数码,配件,数-配-777,自然搜索,货到付款,191.16,2,0.064,440.22,323.95,0.2641,0,0.0,C931417412
O2543112288,2025-12-26,华中,长沙,数码,耳机,数-耳-285,站内推荐,银行卡,219.31,1,0.01,238.83,188.52,0.2107,1,228.56,C198031731
O4524125498,2025-12-26,华东,宁波,食品,零食,食-零-372,站内推荐,微信支付,56.65,1,0.022,60.94,39.24,0.3561,0,0.0,C299027178
O8811775553,2025-12-27,华北,石家庄,美妆,彩妆,美-彩-306,站内推荐,支付宝,131.63,2,0.091,263.23,139.15,0.4714,0,0.0,C579447888
O9865099518,2025-12-27,华中,长沙,服饰,鞋靴,服-鞋-746,站内推荐,支付宝,142.98,4,0.023,614.64,336.93,0.4518,0,0.0,C719944588
O5337454823,2025-12-27,华东,杭州,食品,速食,食-速-188,私域,微信支付,52.85,1,0.038,55.93,39.63,0.2914,0,0.0,C464190614
O9869795850,2025-12-27,西北,银川,食品,零食,食-零-846,直播,支付宝,51.47,2,0.156,95.57,69.03,0.2777,0,0.0,C424423700
O5022454236,2025-12-27,西北,银川,服饰,上衣,服-上-626,站内推荐,货到付款,141.12,3,0.055,440.08,282.82,0.3573,0,0.0,C080199426
O1965751486,2025-12-27,华北,太原,数码,智能穿戴,数-智-304,信息流广告,支付宝,199.9,2,0.107,392.72,304.95,0.2235,0,0.0,C317819558
O3766981756,2025-12-27,华北,太原,服饰,裤装,服-裤-150,站内推荐,微信支付,141.51,2,0.107,278.01,176.36,0.3656,0,0.0,C866538046
O8398365826,2025-12-27,华中,郑州,美妆,彩妆,美-彩-531,直播,支付宝,193.86,2,0.137,368.06,178.64,0.5146,0,0.0,C675848762
O4539213122,2025-12-27,华中,郑州,家居,收纳,家-收-247,直播,微信支付,44.75,3,0.093,133.94,82.06,0.3873,0,0.0,C259447695
O7653696799,2025-12-27,华北,石家庄,家居,收纳,家-收-288,自然搜索,微信支付,56.45,1,0.059,58.43,38.74,0.337,0,0.0,C428586780
O5556363697,2025-12-27,华南,深圳,数码,配件,数-配-499,站内推荐,支付宝,125.51,3,0.061,435.08,333.32,0.2339,0,0.0,C792604969
O1383164870,2025-12-27,华东,苏州,服饰,裤装,服-裤-848,站内推荐,支付宝,116.51,3,0.011,380.25,204.44,0.4624,0,0.0,C558221985
O4321088123,2025-12-27,华南,广州,美妆,香氛,美-香-768,线下导流,货到付款,101.66,2,0.084,229.18,145.07,0.367,0,0.0,C592106034
O2384534688,2025-12-27,华南,厦门,食品,饮料,食-饮-889,站内推荐,微信支付,21.19,1,0.086,23.83,16.16,0.3219,0,0.0,C113641354
O8407426290,2025-12-27,华南,厦门,美妆,彩妆,美-彩-612,私域,货到付款,138.96,3,0.057,483.75,285.77,0.4093,0,0.0,C472701533
O2862196675,2025-12-27,华东,苏州,服饰,上衣,服-上-158,线下导流,支付宝,113.55,3,0.022,366.47,194.48,0.4693,0,0.0,C585730307
O2287109441,2025-12-27,华南,厦门,数码,配件,数-配-549,线下导流,支付宝,251.41,4,0.017,1216.45,931.18,0.2345,0,0.0,C992048464
O6545968998,2025-12-27,华东,苏州,美妆,彩妆,美-彩-471,信息流广告,支付宝,220.9,3,0.056,688.15,363.32,0.472,0,0.0,C634476457
O8077069391,2025-12-28,华南,佛山,家居,厨具,家-厨-969,线下导流,支付宝,92.21,3,0.02,333.7,226.03,0.3227,0,0.0,C279919488
O3743638501,2025-12-28,华南,深圳,食品,饮料,食-饮-830,信息流广告,银行卡,49.58,4,0.071,226.78,160.28,0.2932,1,159.71,C548311492
O4094589265,2025-12-28,华南,佛山,家居,收纳,家-收-800,私域,微信支付,65.53,1,0.034,77.92,46.46,0.4037,0,0.0,C611117624
O5539605737,2025-12-28,东北,大连,服饰,裤装,服-裤-538,直播,微信支付,209.96,3,0.128,574.22,379.86,0.3385,0,0.0,C359082606
O7311933706,2025-12-28,西北,兰州,家居,收纳,家-收-871,私域,支付宝,74.67,4,0.038,316.06,189.69,0.3998,0,0.0,C789020194
O6764487848,2025-12-28,华东,杭州,家居,收纳,家-收-474,站内推荐,支付宝,89.94,1,0.091,89.93,56.65,0.3701,0,0.0,C763796130
O7884545250,2025-12-28,东北,大连,美妆,香氛,美-香-667,自然搜索,支付宝,121.53,3,0.093,345.71,208.51,0.3969,0,0.0,C277870429
O7607628900,2025-12-28,华北,太原,家居,厨具,家-厨-482,站内推荐,支付宝,98.16,1,0.039,103.76,63.85,0.3846,0,0.0,C433932158
O4692522976,2025-12-28,华北,太原,家居,清洁,家-清-167,站内推荐,支付宝,39.08,3,0.076,119.16,82.13,0.3108,0,0.0,C832055461
O2680862324,2025-12-28,华东,苏州,数码,耳机,数-耳-512,信息流广告,支付宝,127.89,3,0.063,395.45,276.41,0.301,0,0.0,C020848906
O5323187932,2025-12-28,西南,成都,数码,耳机,数-耳-790,直播,支付宝,205.59,4,0.133,924.29,760.38,0.1773,0,0.0,C539214645
O9469952396,2025-12-28,华东,宁波,数码,配件,数-配-261,直播,微信支付,194.68,1,0.092,194.45,148.18,0.238,0,0.0,C352746764
O7331475550,2025-12-28,华东,杭州,服饰,上衣,服-上-431,自然搜索,微信支付,130.43,2,0.107,256.24,152.24,0.4059,0,0.0,C995019774
O1194541328,2025-12-28,西南,昆明,服饰,裤装,服-裤-980,信息流广告,支付宝,121.02,1,0.061,147.32,81.42,0.4473,0,0.0,C995612974
O8863424202,2025-12-28,华北,北京,服饰,裤装,服-裤-977,信息流广告,支付宝,251.49,4,0.082,1015.82,603.38,0.406,0,0.0,C438723518
O3322661209,2025-12-28,华中,郑州,数码,智能穿戴,数-智-797,信息流广告,微信支付,231.18,2,0.077,469.43,358.73,0.2358,0,0.0,C466528774
O6013693495,2025-12-28,西南,重庆,数码,配件,数-配-474,直播,支付宝,147.43,2,0.107,341.35,255.36,0.2519,0,0.0,C494083804
O0485255061,2025-12-28,华南,深圳,美妆,香氛,美-香-165,直播,微信支付,172.52,1,0.083,194.73,108.39,0.4434,0,0.0,C008379820
O6620461557,2025-12-28,华东,苏州,美妆,护肤,美-护-884,站内推荐,银行卡,237.69,2,0.026,509.32,309.04,0.3932,0,0.0,C250751098
O6839725971,2025-12-28,西南,重庆,数码,耳机,数-耳-629,站内推荐,微信支付,172.18,1,0.117,197.09,151.06,0.2335,0,0.0,C634773769
O9955419319,2025-12-28,华北,石家庄,家居,清洁,家-清-988,直播,支付宝,55.0,3,0.094,164.44,102.17,0.3787,0,0.0,C022875491
O5021261906,2025-12-28,华中,郑州,服饰,鞋靴,服-鞋-215,私域,支付宝,99.14,1,0.029,105.89,66.32,0.3737,0,0.0,C559066985
O3649889496,2025-12-29,西南,成都,家居,收纳,家-收-716,线下导流,支付宝,119.18,1,0.054,146.22,97.38,0.334,0,0.0,C048587416
O9114718951,2025-12-29,华南,广州,数码,配件,数-配-860,自然搜索,微信支付,175.56,2,0.057,407.68,313.13,0.2319,0,0.0,C591181667
O4147007057,2025-12-29,华南,佛山,美妆,香氛,美-香-497,站内推荐,微信支付,136.68,1,0.05,159.88,86.44,0.4593,0,0.0,C795005161
O9097408042,2025-12-29,华北,天津,数码,配件,数-配-850,自然搜索,微信支付,143.63,4,0.017,621.23,448.89,0.2774,0,0.0,C944934731
O7176920886,2025-12-29,华中,武汉,美妆,香氛,美-香-851,线下导流,银行卡,125.88,2,0.055,261.7,139.96,0.4652,0,0.0,C553406394
O2099830050,2025-12-29,华北,北京,数码,智能穿戴,数-智-972,线下导流,银行卡,169.53,4,0.048,710.13,478.84,0.3257,0,0.0,C542647288
O8911338555,2025-12-29,华东,上海,数码,配件,数-配-849,私域,微信支付,201.85,4,0.039,853.5,606.55,0.2893,0,0.0,C968754092
O9132204964,2025-12-29,华东,苏州,食品,零食,食-零-181,直播,支付宝,40.97,4,0.1,162.24,97.35,0.4,0,0.0,C209982992
O8274143470,2025-12-29,东北,哈尔滨,数码,智能穿戴,数-智-145,自然搜索,支付宝,144.01,2,0.021,294.75,196.25,0.3342,0,0.0,C408496774
O4321664198,2025-12-29,华南,广州,服饰,鞋靴,服-鞋-970,线下导流,微信支付,171.79,3,0.075,586.97,376.82,0.358,0,0.0,C931610378
O8947526043,2025-12-29,西北,银川,食品,饮料,食-饮-894,自然搜索,支付宝,56.88,2,0.049,119.0,81.23,0.3174,0,0.0,C214078798
O7992411825,2025-12-29,华中,郑州,数码,耳机,数-耳-960,自然搜索,银行卡,228.72,3,0.069,702.7,572.35,0.1855,0,0.0,C567836280
O3027729879,2025-12-29,华南,深圳,食品,零食,食-零-458,信息流广告,支付宝,54.94,4,0.084,247.86,175.83,0.2906,0,0.0,C358522149
O9926876776,2025-12-29,华中,长沙,数码,智能穿戴,数-智-393,站内推荐,微信支付,235.31,2,0.056,488.69,378.62,0.2252,0,0.0,C912590242
O9801178176,2025-12-29,华东,宁波,服饰,鞋靴,服-鞋-274,信息流广告,支付宝,80.46,4,0.069,329.6,207.56,0.3703,1,235.96,C114762404
O5845347007,2025-12-29,华东,南京,家居,收纳,家-收-696,自然搜索,微信支付,54.9,3,0.0,181.17,104.43,0.4236,0,0.0,C869725704
O9655080200,2025-12-29,华南,深圳,食品,零食,食-零-672,直播,支付宝,32.21,3,0.09,108.27,81.84,0.2441,0,0.0,C248101902
O2085210418,2025-12-29,华南,佛山,数码,智能穿戴,数-智-916,站内推荐,微信支付,174.05,4,0.044,819.5,603.27,0.2639,0,0.0,C273622633
O0534154487,2025-12-30,华南,厦门,服饰,鞋靴,服-鞋-913,自然搜索,微信支付,126.94,1,0.047,149.0,88.17,0.4083,0,0.0,C102894057
O4496012170,2025-12-30,华东,宁波,食品,速食,食-速-153,私域,微信支付,45.74,2,0.078,92.78,58.2,0.3727,0,0.0,C735109558
O6224369882,2025-12-30,华东,南京,美妆,护肤,美-护-807,站内推荐,微信支付,133.65,1,0.052,139.37,78.09,0.4397,0,0.0,C217839806
O9382030751,2025-12-30,西南,贵阳,食品,速食,食-速-122,自然搜索,支付宝,39.91,3,0.118,137.01,88.83,0.3517,0,0.0,C006638569
O2198935760,2025-12-30,西南,重庆,食品,饮料,食-饮-946,线下导流,银行卡,50.33,2,0.05,124.07,81.67,0.3417,0,0.0,C800265891
O7846990610,2025-12-30,华东,宁波,家居,厨具,家-厨-897,自然搜索,微信支付,93.37,2,0.069,191.24,128.17,0.3298,0,0.0,C210444361
O9794043482,2025-12-30,华东,杭州,数码,耳机,数-耳-565,站内推荐,支付宝,185.98,3,0.063,575.07,444.52,0.227,0,0.0,C537560993
O9514994898,2025-12-30,东北,沈阳,食品,饮料,食-饮-973,信息流广告,支付宝,49.33,3,0.05,146.94,105.48,0.2822,0,0.0,C544022373
O8775530952,2025-12-30,华南,广州,家居,收纳,家-收-708,自然搜索,微信支付,57.24,3,0.101,190.14,114.06,0.4001,0,0.0,C244666351
O4664764926,2025-12-30,东北,沈阳,数码,智能穿戴,数-智-730,自然搜索,微信支付,216.97,3,0.043,651.05,507.11,0.2211,0,0.0,C116005187
O5044266379,2025-12-30,华中,南昌,数码,配件,数-配-872,站内推荐,微信支付,206.67,2,0.069,423.3,356.6,0.1576,0,0.0,C453908951
O8089568590,2025-12-30,华北,太原,美妆,香氛,美-香-578,信息流广告,银行卡,198.15,2,0.064,408.03,219.28,0.4626,0,0.0,C811751945
O8114975858,2025-12-30,华东,南京,食品,饮料,食-饮-896,自然搜索,支付宝,38.74,2,0.058,80.28,50.26,0.3739,0,0.0,C577824570
O4679908987,2025-12-30,华北,太原,家居,厨具,家-厨-346,自然搜索,支付宝,82.47,1,0.094,82.19,45.88,0.4418,0,0.0,C308963373
O3742859632,2025-12-30,华中,南昌,美妆,护肤,美-护-215,直播,支付宝,135.9,3,0.103,402.28,227.12,0.4354,0,0.0,C459106683
O3407719606,2025-12-30,东北,沈阳,家居,收纳,家-收-521,信息流广告,微信支付,74.44,4,0.089,283.51,204.86,0.2774,0,0.0,C920142769
O5116144539,2025-12-30,华东,南京,数码,配件,数-配-201,直播,支付宝,330.03,4,0.12,1277.88,943.61,0.2616,0,0.0,C750305463
O8927667533,2025-12-30,华南,厦门,数码,耳机,数-耳-643,信息流广告,微信支付,182.37,4,0.077,829.27,544.52,0.3434,0,0.0,C571534635
O9910501318,2025-12-31,西北,银川,美妆,彩妆,美-彩-407,自然搜索,微信支付,167.26,4,0.01,728.58,403.06,0.4468,0,0.0,C103020555
O1580860051,2025-12-31,华南,厦门,服饰,鞋靴,服-鞋-193,直播,微信支付,160.46,1,0.11,175.94,113.8,0.3532,0,0.0,C807137382
O7485756452,2025-12-31,华中,南昌,美妆,护肤,美-护-830,信息流广告,银行卡,120.94,4,0.058,501.27,272.44,0.4565,0,0.0,C171750509
O4831620551,2025-12-31,华北,石家庄,食品,饮料,食-饮-302,线下导流,支付宝,43.12,2,0.049,90.22,63.74,0.2935,0,0.0,C139213294
O0475220372,2025-12-31,华北,北京,食品,速食,食-速-392,私域,微信支付,52.09,1,0.066,53.52,37.25,0.304,0,0.0,C196087626
O1254212746,2025-12-31,西南,重庆,食品,饮料,食-饮-121,直播,微信支付,29.46,2,0.068,71.28,46.07,0.3537,0,0.0,C322647255
O0883275737,2025-12-31,东北,长春,家居,清洁,家-清-650,私域,微信支付,65.42,2,0.055,129.21,82.74,0.3596,0,0.0,C656129895
O1019506237,2025-12-31,东北,哈尔滨,食品,速食,食-速-307,自然搜索,支付宝,41.38,4,0.098,156.02,107.88,0.3086,0,0.0,C494567533
O3644718500,2025-12-31,东北,大连,服饰,鞋靴,服-鞋-764,直播,支付宝,109.83,2,0.105,205.44,117.89,0.4262,0,0.0,C390662177
O7008688358,2025-12-31,华北,石家庄,服饰,裤装,服-裤-799,站内推荐,支付宝,105.83,2,0.023,227.47,132.15,0.419,0,0.0,C316889628
O7888877123,2025-12-31,华东,上海,家居,收纳,家-收-945,自然搜索,支付宝,61.55,3,0.086,185.65,102.29,0.449,0,0.0,C305455687
O8505364993,2025-12-31,华东,上海,数码,智能穿戴,数-智-407,信息流广告,银行卡,185.49,1,0.108,182.0,140.6,0.2275,0,0.0,C669006409
O4319644834,2025-12-31,华北,石家庄,服饰,上衣,服-上-488,直播,微信支付,129.97,1,0.104,128.1,70.03,0.4533,0,0.0,C374948961
O3052021137,2025-12-31,华东,南京,食品,速食,食-速-227,直播,微信支付,66.37,1,0.095,66.07,39.56,0.4012,0,0.0,C096408602
O7049571646,2025-12-31,华北,石家庄,家居,收纳,家-收-133,站内推荐,银行卡,90.65,4,0.064,373.33,244.08,0.3462,0,0.0,C245964173
O6966950621,2025-12-31,华北,太原,服饰,上衣,服-上-224,线下导流,微信支付,183.68,2,0.08,371.77,218.52,0.4122,0,0.0,C690565834
